labor_market_volatility,baseline_employment_trend,training_program,employer_confidence,employment_growth,irrelevant_index
0.44122748688504143,2.7517906580620957,1,50.634333996979656,222.82365822592573,108.75413901548907
-0.33087015189408764,2.0713174359528383,1,51.5632726258988,222.05331506974397,76.99852037743923
2.43077118700778,3.6326845293407755,0,43.01933098078189,108.03248941605779,87.82683318701659
-0.2520921296030769,1.8468832973186327,1,54.595644436800875,232.4574049423014,104.4260128079993
0.10960984157818278,2.0419850769080305,1,46.35439302679833,209.17418007734872,101.50474820987436
1.5824811170615634,1.9110402364658228,1,44.75102588480345,209.00918489308125,102.30662713811977
-0.9092324048562419,1.6297364033368937,1,53.412817494890675,224.14202183993783,100.88063467412809
-0.5916366579302884,2.3378200822457007,0,54.437573653433674,123.1497482730573,103.25967756666455
0.18760322583703548,1.7198273631729448,0,47.135628649334144,117.53918018102995,88.13935021912667
-0.32986995777935924,1.2501914466584396,1,51.40313757081152,225.43132078463788,114.06054385980988
-1.192764612421806,1.4492349266567013,1,55.30765276984073,230.00240366471036,99.83206271956827
-0.2048765105875873,2.4647712382569096,1,49.11586398087163,218.47718444566573,94.74391374115842
-0.3588289470012431,2.42387269450993,0,50.042090631246836,118.562967261828,101.61575498917952
0.6034716026094954,1.5515031804200512,1,48.85748260362613,215.5295500372166,96.22741550230613
-1.6647885294716944,1.3926160835358514,0,53.80313076895156,122.59213512729387,103.57078203219781
-0.7001790376899514,1.321785810153139,0,53.123466598678235,117.62389870874385,90.52183312387426
1.1513910094871702,2.714430989199127,0,48.19916472175712,117.10175219111937,90.96313392713066
1.8573310072313118,1.7998140743179007,1,44.29646610433217,198.16070515525982,80.4073237117698
-1.5111795576883658,1.7053040763197167,1,56.55035244433238,233.82490967006973,87.04469551193091
0.6448475108927784,2.124627946918736,1,49.66509932135615,215.6131127437665,93.05926844513114
-0.9806078852186219,1.6122008942657744,1,53.642156304476025,230.17887588842524,92.5212351365062
-0.8568531547160899,1.4817479102028273,1,51.80846355558736,229.08619326961542,118.19715884280308
-0.8718791832556535,1.0470774276006167,0,55.763172969908865,120.4447342007445,102.8545634449244
-0.4225079291623943,2.051514806484937,0,48.987335345238115,121.41194646866651,96.7994649392033
0.996439826913362,2.257384665564981,1,48.22501280466819,210.5985197208322,107.9649465432298
0.7124212708765678,2.012002568902057,0,49.46092475696923,114.2505638312415,112.96593501165998
0.059144243219039896,2.3591686774393614,0,44.69283780036901,109.03941454378123,105.37255477238087
-0.3633108784819174,1.776543751342999,1,50.476087723410174,219.95219878196295,88.45598096575944
0.0032888429341100755,1.6518877847806612,1,46.93194750074333,209.60583497322827,92.81500871512667
-0.10593044205742323,2.416678852476422,1,50.62477876738056,223.52487283993028,107.93720739592924
0.7930533194619698,2.101318001885313,1,49.58935187520298,215.70022627102261,83.41691462042553
-0.6315716297922155,1.6685386912709246,0,50.41508985975233,118.24143883940543,90.68627720859249
-0.0061949084857593475,2.3640138893895193,0,50.05893508650343,113.97811183748469,84.43919480186375
-0.10106761180924467,2.4213210210373908,1,52.447307853727146,225.4131009495465,93.26594537471006
-0.05230815085185874,2.5739260443893226,1,49.41500589546712,222.8668819098507,87.41646722728942
0.24921765856490757,2.9529807826664802,1,49.39751711869034,214.7493442428878,93.46913755394094
0.19766009104249851,2.121321639954251,1,48.04032045337139,213.181504275197,102.73172207598535
1.3348485742415819,2.2683361119972236,1,47.73799816221026,213.9155883735454,82.64828190463285
-0.08687560627763552,2.78057920719677,0,49.642931273605996,119.84449974285484,124.57081113328425
1.5615322934488904,3.4765699624483695,0,48.15573186631362,115.2615458227318,104.08836952854848
-0.3058530211666308,1.6973928478023965,1,54.1088756308238,228.5378526611599,95.43514232790119
-0.47773141727821256,2.1117367475570896,1,49.52492753987225,214.18598614189054,111.62451168171212
0.1007381887528521,1.8615683140060324,1,50.82079560984714,224.48605758424608,104.41707508383124
0.3554384723493521,1.3990687007663583,1,50.11295834260384,213.0017551109925,102.86392872004397
0.269612406446701,2.6538940122518935,1,50.26471055959959,218.79714083427973,101.20041933685324
1.2919633833879631,2.8190076239866553,0,46.81616954067297,110.66214822979502,99.89150818123014
1.1393429788252842,2.6308623772134636,0,46.09836325312056,111.80734401915745,95.9041914011361
0.49444039812108825,3.0922232178476476,0,50.39138376867599,114.21813308699714,99.09667837250527
-0.3363362591365529,2.5481879412699913,0,52.282824563072275,119.5250107428015,104.90876368487595
-0.10061434630710828,1.6288810149277912,0,51.09072213876344,119.88702407202472,101.7468901169563
1.4133980179217838,2.152435980868533,1,45.41375364270262,202.57405034758895,106.51691952412855
0.2212541228509997,1.163275429849301,1,52.39883623612163,223.79495102607368,99.72574782384893
-1.3107731333797457,1.3477245768857713,1,51.912290297744256,224.7737335578843,106.85368462599591
-0.689565232048181,1.462155017853986,1,54.86797596362039,230.909018899057,107.90557691545035
-0.5775132332314081,1.8928419601463975,0,52.92439157704773,124.96386786571551,96.37586959547777
1.1522047703756748,2.582526759702225,0,44.841981141752726,109.5951660274627,92.20882897001479
-0.1071639848241478,1.618251817535887,0,51.19276705561383,115.94533676471694,112.16565810585271
2.2601067737202705,2.927878537109315,0,47.89817930279268,116.90296199834229,97.31391699896987
0.6566194702604272,1.549306570323126,1,48.8976737164972,214.820443723735,104.3157019537451
0.12480682533019469,2.6765934313060997,0,48.413245460396865,116.0473917247465,98.750737853017
-0.4357039190284899,1.5158719794950988,0,51.67633774442848,121.78571670699176,89.17342787714372
0.9721793096791724,2.7922676867314755,1,49.05678096404817,209.51342801150702,88.75789357588849
-0.24071114226406937,1.550770276775067,0,54.241440253887276,121.19160021947127,100.17263228171664
-0.8241234534171207,1.6233643861489453,0,52.10061881436631,123.0583049270301,93.16265915611446
0.568132717730888,2.5990997592240643,1,51.03820735053341,217.97877415103395,93.25523635264227
0.012758316706164157,1.869478301467318,1,51.17985403946385,230.33099765427875,96.13526658418985
1.189060725824544,2.1869202948708337,0,48.89130531482568,116.52372591831345,116.91399257885855
-0.07359331874884148,3.125808535953512,1,51.86710346161805,226.64473215017304,108.58129911056318
-2.859687966622556,0.4709136064205521,0,56.60157257422753,125.2075685019858,109.19616410248645
0.7893664041799795,2.678819726542947,1,49.91540000442446,218.92230589986534,101.71955641992878
-1.8777408839472627,1.0206593641431025,1,58.69398400294376,250.56919570353566,81.62923566479556
1.5387561454090368,2.3827640302654833,1,45.80542357038644,202.28728608983278,107.31105475173841
1.8213647385840686,3.5678120146468713,1,41.184181728964916,191.52653342336004,123.43742118454027
-0.42703138590481854,1.9820654825156956,0,49.45722666452966,119.01884997116355,106.1195756086436
-1.164701910115395,1.588105129636669,1,54.36922614917011,233.58055774603812,112.8381741179878
-1.3970740246682614,0.16363579646802462,1,56.3867556546526,232.7325765477498,86.88576038497135
0.8726546212518307,2.5799036873177346,0,46.368636800355496,117.56134716855614,103.26243734515828
-0.2021181776204691,2.3187218059907475,1,53.42018427659151,225.4049615548505,103.82909877356865
-0.5983599334221348,1.8423169674119961,1,51.567873387810614,221.69599777517715,109.8832595781908
-0.24341970124625367,1.8040732120858873,0,48.00859894504459,114.27001039677235,98.3953503131848
2.088514687597715,3.6406816401752486,1,45.41147612462051,206.15991758380147,105.3839217142873
0.34691932708774675,2.2965136289651666,1,48.40833214991513,213.788132937749,85.05519916000098
0.7457269500324553,2.6631646799625006,1,51.18451181217726,223.07020047266636,92.05909454050183
0.7769075911230111,2.906787984973585,0,49.8483155176952,119.48291017906251,95.95484410619416
1.0184211331879478,3.0096554870461016,0,46.14357802141236,116.61992137687213,103.67306200751308
1.0613514386873795,1.873555962386951,1,46.372895573561,204.50854396955577,105.1410603578482
-0.7104664469959762,1.8129156659930294,1,53.3668176333139,226.95851359024508,86.1482483945487
-0.2151878024236405,1.5115951142084534,1,53.712586170242915,233.1000835909934,103.7953182405645
-0.7607603085956881,0.6157278094927732,0,52.54579392506193,120.39810926337202,118.40779494331566
-0.7111632283050703,1.7871307252505169,0,51.877480591180266,121.47040447117728,101.75043346098897
1.1415077374346698,1.7017933242707979,1,49.52609056491762,212.51649472866407,115.08058356056189
-0.5017555471945,1.5158816235467734,1,53.63637974449442,218.48025292669496,112.52696695999934
-0.07915136118314284,0.7058068966261355,0,48.90439194024454,116.16981989441665,111.56320941201614
-0.6928263420058225,1.1430756485638947,0,50.77657107058188,124.58698759336568,103.1813916900723
-0.5934027710431155,1.46839430020195,1,48.215708484803,207.67379043965076,89.34654689922569
0.7882379435396791,2.390239744603547,1,47.94097080127843,213.68755341063033,94.63776752572386
-0.44542999149860524,1.5073548089119666,1,51.36814773918497,222.9315045656433,109.54683617982823
-0.48212018670721907,1.2967211532526979,0,52.377412582899055,112.58221306752259,115.25941498694212
0.49355766095142994,1.7962650287724276,1,47.9387594906387,216.12699290251055,99.85437106614299
0.5004873274970344,3.0163501572076505,0,47.62964399933644,116.83002080228482,112.93755275580514
0.7924226173066341,2.1608875513632917,1,47.61474720880066,209.24572526423583,79.72672523619106
0.1707644524655671,2.0364319887919664,0,48.411481437662815,117.6034781610669,96.89354072235675
-1.7537408604770464,2.0652141960770893,0,54.625911187517104,122.13778634107787,106.09901645856215
0.6302964765895014,1.443832096926351,1,47.69863759111151,214.0069080917761,104.66564415813636
0.49832921470025815,1.2147172002135982,0,50.80534678618791,121.8609144458326,96.69450480909224
1.018137609564609,1.9979674234812066,0,46.588717031120005,112.74968400901687,91.52096882966799
-0.8464686168782807,1.3789027749720082,0,53.26831014009004,121.9451284712501,94.41342567079127
2.5208076341549916,2.6866565914837737,1,43.893160087056906,205.452128463237,100.17463437962886
-1.2323861148032735,1.362254417205387,1,52.35794449153535,222.02368437174218,110.59583398309188
0.7269532606897998,2.3188277996532904,1,44.565475223392525,203.39832995962124,96.01074237661975
0.04595522410229037,1.2472671772904569,1,48.286716171295495,209.95833692241058,91.72451656065593
-0.48713264551119473,1.8368197149828147,1,51.462822096104155,225.5597962765273,102.70068280784099
0.8161323611566395,1.6896162458313777,1,48.255579161348386,209.41190189165496,120.37900905793208
-0.28143012121166766,2.208313719030755,0,48.002482461738225,117.34287402989442,95.32296199594693
-2.3356218209439037,0.9418352120524489,1,58.96343470525042,243.5244913388664,87.22119613839142
-1.167278449710173,2.5097398586052755,1,53.511038170698725,231.31744542285693,101.39016808181351
0.45765807158631955,2.639300448478731,1,50.92605034721119,220.36092671039032,105.44080712211563
2.2379656117362696,3.0135932214294856,1,42.109326087973486,189.12824723547274,99.60154791246347
-1.4812592014760095,1.4280918923414045,0,48.60237170274893,111.80852279649967,107.67793418275009
-0.01694531772769253,2.061403694210383,0,51.00193873783811,121.81299166176281,103.46564680575787
1.4507335435185753,2.3517358085702047,1,47.228993037245566,213.78389122298466,102.77162768006728
0.606870319141853,1.5731414159699404,1,53.335118355124784,225.9459522976346,115.36988111098576
-0.37562084407857,2.3580152658128775,0,51.167287195583356,119.82709683988577,115.9384077427687
-1.4219245490984462,2.044972714282858,1,55.54579390588238,232.40701646661915,113.33106722029355
-1.7811512980070203,0.8740315939570823,1,59.468946732217454,242.69256814449915,108.69628771186994
-0.7479057873130808,1.493404016860957,0,46.59925203635721,109.74005747354283,100.41359434827174
-0.36840953098509416,1.5699537818961593,0,48.07121432004716,114.48298603197445,103.30852133917588
-2.2491181284434787,1.3774590265338287,1,53.51242759081129,235.27993787772397,102.84443650697574
-1.6936750408421892,1.75502810864537,1,56.395933000919264,234.35969317156776,97.08161852733427
0.30364846530823975,1.7126285370127428,1,49.21145604848174,218.5342489562587,105.54293038007143
-0.4089923380377764,1.6222123480299575,0,52.10137353783062,120.4151164301188,94.88854694352884
-0.754830590411252,1.3513914940001983,1,49.71902782412283,219.7357519254335,108.0638418345523
-0.4075191652021827,1.9002394279146104,0,49.545396306156555,112.0969056850043,101.65528086482543
-0.8126247611063044,1.9749551600841508,0,52.12365746745895,116.1926473091788,102.0164343433512
0.9275162079169716,2.9959516042717715,0,46.589731169768136,117.9393515539339,99.31658288455488
1.6399540662187597,2.6790461212159284,1,45.02013226015166,198.53522024946426,88.92475111019118
2.0736155286567595,2.5418909167621613,1,46.39496390226617,206.7476724249604,98.6241298697708
0.7097978597938108,2.6218510175439715,0,46.13788452065431,113.1046830951987,87.02634012997973
0.7471525922096975,2.6682557223415184,0,46.50258250333215,114.13190678978259,106.62808820061913
1.4630954796733577,2.5540855790073835,0,44.302813248227,114.39757848425432,100.84784735191276
1.7384488142376797,2.951398780620994,1,46.5283983502657,206.8358679349542,106.08064779093607
1.4652048844331407,2.909956688993769,0,43.23586159723516,114.52010964267333,110.49781940998093
1.212283405544346,3.044813004207913,0,43.96811396243505,115.06433617577659,119.27035453076745
-0.6346524996166139,1.7169243420609004,1,50.439758678337995,215.12396855379805,88.19549699419264
-1.59969850388824,1.4423207732382397,0,51.17503534741313,119.28005917973978,101.87590949130833
0.877152812186743,2.526923810669033,1,47.37815102878006,209.88227863165864,100.7084044875503
-0.09383244866604305,1.4689435459590052,0,48.60887044130911,115.66119744480777,106.05284699102872
-0.05567103468791388,2.32335213971075,0,45.65673245083376,111.86302288946318,114.68637882919462
-0.8894207341116367,1.6043866940182656,0,51.16520774495312,118.27207714072318,99.23032951402993
-1.3009514516955427,1.8760872205530708,1,54.383607934593456,236.22453069413683,117.01776421438643
1.4021666203758465,2.1074655233813147,1,49.32601454847317,215.9434948354471,110.51050244274538
0.4651009937136952,1.8811110676502387,0,47.98903160402197,111.49431038173576,81.14404892198779
-1.0650326193820066,1.630355356150911,0,55.48855511500884,122.6948126411167,84.66197249614284
0.390420608044887,1.3369104387847166,0,48.81011405264894,117.08438804389085,96.17759255869494
0.3056001722083279,2.085822158850897,0,51.328009265723914,113.37652471075154,102.41144184923053
0.5218494903163309,2.036853411083249,1,46.41091549156586,206.70039438784002,107.57183571205906
2.2332708137448996,2.9090093636803083,0,40.16654465154987,106.81124833772068,113.60534770533744
-0.034702101230658505,1.856445588581195,1,50.048310352226366,221.08469625228506,114.82341663198275
-1.2796231822645914,0.24545768281824487,0,52.80858093340211,117.74751722430156,112.02954846289911
0.03654264148725312,2.0390330346763497,1,50.354814609626544,219.228733637788,87.4778329409094
-0.6463565855238054,1.7138933960952931,0,52.44003297596013,120.97676110530725,108.07700384399382
0.5485678368565737,2.79904107155114,1,46.43189508512974,211.19078883027547,101.58893352544983
0.21054245602828903,2.827184029303027,1,50.20301858219134,219.09327025616983,100.64521764388273
0.3465017504759862,2.350603675343262,1,48.260443717880754,220.28446685033367,105.39789832081861
-0.567051168267193,2.1791542496260887,1,56.04543126305808,238.21638109146568,94.00104863456328
0.41367880834311616,1.0098997632636333,1,48.81568871424494,216.73023469891564,108.2439961466271
-0.510256056076286,2.0184238619134396,1,51.05773674581121,221.73300264426416,100.72820227716865
0.5172593547162142,2.8112241216965033,1,52.419799696707365,225.15029252708868,90.3627650761171
-0.3010051283841473,2.2845756972186515,1,48.1922481733656,211.04647610697168,100.53615735581596
-1.1184064312813717,1.5594132148574233,1,57.14490230580993,232.8970861753315,94.24173913334558
0.49852362361856384,2.0713535771389116,1,49.722753361397714,221.4036647209319,99.07081092720543
-0.706093869937341,1.464615762304725,0,50.97210020460933,118.0660396438593,116.10262182490435
1.443881103376141,2.7335607835847724,0,44.562786617049014,109.32950901388247,105.15513895831243
0.44295626086393586,2.4359364729075135,0,48.44638419809643,115.37657006728887,113.54594351876783
0.4677052146287663,2.5196726826376157,0,48.95303314386254,119.07131489769782,106.16810038169736
0.10134479014204936,2.0033997903435,1,48.76278545366051,215.7069316812781,81.84631485098714
-0.05935198087781362,1.3420903862575475,1,51.45136245460413,225.6525014235647,118.48067681340746
-2.386697744379377,1.718232853190824,1,59.137588136225766,241.92533127014116,101.38934785479186
1.2221705568780823,2.178394035608364,0,46.10080903466575,113.20568737925207,97.17507466819544
-0.8139120077465551,0.2538160898533268,0,55.238289883053675,119.56747627193755,69.60362595647847
0.9562618573807691,3.1911426737838067,1,45.82261076646713,211.88277852355333,103.8710414370999
-0.6385105554205018,2.187298226732741,1,52.707190471686886,228.89100734460195,81.425605391143
-0.14312641765714437,2.0227346335805976,0,52.139271435096106,121.34005627630172,112.72821722018486
-0.2241898325725227,2.3743677544583037,1,52.1540211257435,229.52585516564545,92.64634356869848
-1.03849524010936,1.7031693047531462,0,55.86335269270752,124.70875483811726,102.47835403895944
-0.17170904843929477,1.4978021653914606,1,53.01857934484782,222.32108456269575,97.20079568207859
0.4763461763468124,2.2963129270627056,1,47.00189739880574,214.66784040720216,94.66627318914456
-0.414178265587903,1.1749944852688088,1,54.69067246162138,233.42431447238386,99.34510997281586
-1.2640833431434955,1.0430385875833996,1,53.27155478659392,227.82098336114748,117.91857102133437
-0.5732155560138283,1.280023393776669,1,54.60254896414761,232.82131372586892,91.55733619803696
0.24981731592122017,2.203013468151198,0,49.196482604208974,121.77713075785454,96.7603374288653
1.1472020816149164,3.1052665709040808,1,49.467211453459285,220.0699600934175,114.09222278161558
0.8359439567722043,2.095243021817675,0,42.59567309905963,110.54764837007696,90.3277088278678
0.2874036450384292,2.373848262959305,1,51.26686141458909,224.4267009004335,94.34656210769107
-0.9955962989131678,0.4361590407699747,1,53.36065457348269,225.09071834851818,91.94297196392472
0.9068894675659355,1.9174065240957079,1,51.02986172698476,222.27532279183373,90.95940310946203
0.024210744386125548,2.279775243593246,0,52.976406381281286,120.05837918734257,107.62626118840717
-0.23998173469104078,2.358918462758858,0,53.38188095186548,122.00546956862128,107.83819781473706
0.9101105639068093,2.92668997622771,1,47.7144719390609,207.2418316006733,99.4368891833534
0.6178447508392777,2.8436306762822348,0,48.19841642644923,111.9060957195829,98.10827622602386
0.49961804386532443,1.4304337205763642,0,46.76236122769505,121.85562259363937,84.93841671810767
-1.1515442452754336,1.1639100875970074,0,53.27746135915452,119.45499691496384,83.58137250372592
-0.6105164006371435,0.4048072906555762,0,52.0116241937711,117.34132103188993,91.04153372997257
-1.7038854075200234,1.0701164272639976,0,56.14471381414403,124.5606399582017,101.50560847512475
0.19443737779969736,2.2146609444753707,0,52.144653961352766,118.47218743094105,111.71685197265944
0.028241248478617587,1.8443445572373216,1,48.95372375541916,216.84992101216707,110.08599909079385
0.9325605063169753,2.002816982218322,0,47.55507893089345,109.22822013419005,79.07977944665376
0.21204331876967614,2.3207637764226803,1,51.41115736915259,223.04329816136902,98.91007196207467
-0.3679445685512342,2.081857341816077,0,50.780468102703686,118.47590977228181,105.4850842297053
2.111488404373246,3.122541813878363,0,40.28419565764491,103.42649773374221,90.16495859179687
-1.0295734942351702,1.1835477589685062,0,52.148014268830664,114.6903881343882,106.22256765608127
-1.3362803092215407,1.3533856256721164,1,53.565265436421114,232.12290947952334,82.56442652067281
-0.6105673577910354,1.7373652732321536,0,49.47841668449011,114.73349661270609,92.48307175655597
0.5246942624732844,2.395995607775495,0,48.75970720553417,114.08957958049282,90.75731309586217
-0.3493081255486548,2.1364380359207304,0,50.18875504090355,119.31477717354868,105.00898737053208
-0.4407384626484675,1.766175997348271,1,51.52746186684558,222.2457895705392,106.7894657211593
-1.1212876008978485,0.7167051399412384,1,54.3047713346676,223.9468479412714,86.79834405760118
1.4728447297202483,2.59943025936659,0,45.30769703482546,111.6944970763163,103.00292074564202
-0.6233722375263352,1.873903466487389,1,53.61741883450885,228.50963499038053,106.98524289727062
-1.0807019522462529,1.239851373004692,1,54.98537183931978,231.91811551408452,99.94236799706762
-0.1225300926941241,2.0478199006798854,0,50.696733542621295,121.68586639510843,95.35249143237891
-0.8077430955509538,1.25373098111572,0,53.120536499804466,121.00371467537141,84.80674015480992
-0.23255622381537228,2.5552521809106294,1,52.84444875587332,225.40656501124317,97.07913707971511
1.3351503366259017,2.8695345679319257,1,45.99219286348453,215.17918151049724,94.45872097950074
-0.4464567266925109,1.8467616370471232,1,54.10210531348095,230.45661833605237,115.75613014075842
-0.04978868431154955,2.353604471200845,0,52.66662971027859,115.41628945434638,95.23927494990994
-0.3685447790808469,2.197480738888716,1,51.550183591521254,222.22107081563692,97.51782363739474
-0.1917395684517187,1.9492319866730634,1,53.97202969557767,226.33636618702744,77.60005719650438
0.8196799200762225,2.910370424944841,0,48.59746362613714,113.86005685724459,108.22444014873793
0.5316337242935001,2.593515019192375,1,50.097126697397336,219.153663732622,90.69876909444946
-0.341615035898709,1.9363923520175117,1,55.311760974747344,230.90502664119452,116.71898347604794
-0.93090048052683,1.5359434947942296,1,50.950658269564,225.14699894999598,96.13963162853095
-0.13421699428097064,1.3787671796246326,1,52.796770518507124,226.80458621888235,110.01699750352843
0.8325936130243294,2.5128709315084024,1,46.918452685853524,208.61955154479782,111.9855161640791
-0.017353268952074445,2.0800200452114814,1,51.162755959951006,221.02047762874685,110.86385525825995
-0.12765822195358442,1.519409539656385,0,45.95306742596422,113.42296071181836,97.22833850006126
-1.807916624216005,1.7767532005241664,0,56.9894540091147,124.37287581381541,104.29049192273274
0.9939689768716928,2.494850817164743,0,49.26683316134244,114.01567429522851,101.74880107336192
-1.491128858818253,0.7183280244391704,1,53.12150293206802,229.76417257881843,92.7036616385209
-1.2821074800619094,1.1500054608087587,0,56.85665699138471,117.8100550022727,84.03191397761032
-0.375707409780949,1.7910325296272707,0,49.81492639837402,117.92078654116267,86.53019028148171
0.03464387576779198,1.99958125531939,1,50.235132470900055,220.50928100000678,92.07781199931438
0.04507815808386408,1.6323834298195563,1,48.23949045698004,214.30999089588985,104.6375261723487
-0.7637468928463446,1.6356951954973142,1,53.73277532495378,232.54498128067,91.98126421487055
-0.31313850719663144,1.1148211296288786,1,50.70029497460108,217.594277070215,102.23930466096508
-0.6069895355762209,1.4816598365643041,1,51.924594750002015,226.33351062021302,102.69366634179323
-1.809551228823682,1.3125609147704729,1,56.04235625278404,230.86895080834864,94.93954401846418
-0.25551774227104695,1.535486361176408,1,49.04882863216991,212.9694895272886,103.90718128931942
-0.693799346816814,1.9763534807290402,1,53.51640191251149,225.44578203015072,98.74646005993166
0.419197757640167,2.609998442506262,0,47.75749052773891,117.8712743384939,95.72265459569374
-0.1452001865620599,1.6298301069537176,1,53.49328573445806,221.38964087250682,99.57532420907384
0.9638012998820848,1.282242982730198,0,46.53849106516614,115.3541140326474,100.16588289041428
0.6962219882267049,2.7883860461561403,1,49.24680794011415,216.96593535961878,84.73051126343802
0.8994054623758969,3.123395897101208,1,48.48555689633992,213.20309556735972,110.64975065435004
1.2083780731519589,1.8087680744441939,0,48.31276354515137,110.33139458614649,79.64685153156242
0.6932537043123401,2.451598239240471,1,51.09139904216876,220.73230208353465,103.48656795898425
-0.16636061136497707,2.080047835835855,1,50.93027564828694,228.57727442469908,107.84006134766774
1.3531131105069851,1.8690696091096635,0,43.49338919346881,103.77447073765637,114.27316505366349
-0.9286265130171387,1.2680706489271258,0,52.18705448110624,117.23920775543534,106.82985367973164
-0.03547248694616136,2.610779512193498,1,49.60010524492804,219.7697622735728,113.0977949302452
0.8596459517628046,2.5453216673350854,0,48.17009391941839,116.59566011941936,107.63344184113647
-0.28749660960720785,1.8710877263182302,1,50.549161204276025,221.29954312079593,89.46462962716531
0.7149499462374368,2.9431407346581437,0,47.97967280438749,114.52805432128298,125.15858973133068
-0.8034526008152093,1.3113603621297,0,52.28250399982064,118.75442523518902,107.37329366697224
-0.5404819579907136,0.8374013271976294,1,52.40934957115111,221.1302082723228,79.88217323641085
0.5461774263683895,2.9577912056298006,1,46.72390464885883,212.98620159652128,95.08113799286954
0.7118892605186535,1.975046491169816,1,50.289598980916736,216.62208320333812,111.40860479565589
1.1971544902820535,2.607463575980395,1,45.71784209566635,204.33135399699435,93.23691141269303
-0.07006702505266953,2.5582826905449263,1,47.24861455962747,213.9222611233731,100.91570433648788
0.29822712172625787,2.3024454438687454,1,47.84532391210258,211.81404844356211,84.27310145753526
0.6261926072814115,2.411295731887718,1,47.665781050051656,214.81583410288485,103.3052927408774
0.46743205826926665,1.9455486077602222,0,47.22502635970594,112.70329692179797,117.7834858994852
-1.302621431749788,1.655053055414766,0,54.11756702997744,118.95770226876212,120.64949164953057
-0.5700896497000028,2.8309410734845506,0,50.067759864647186,117.60267804539707,126.37445993090452
1.4429500100967874,2.4509520341224333,1,46.37812117917349,206.3217100553382,100.38996857705415
-1.2439951342219098,0.8388295673373957,1,55.82973701583995,233.38982545620976,106.9810488600326
0.6288803314609249,2.485331406475993,0,45.90848345275636,114.79965456149685,88.7521573338328
-0.42559212626742415,1.4417058713958453,1,50.32190162418025,220.01260203537748,101.81878784819008
1.0032095598180708,2.584769762784109,1,50.22772595614852,218.65301044426272,109.74931941695887
-0.7781776086936343,1.6433569414091855,1,53.64756194513221,231.05495000306516,97.74724743712457
0.048944630112707777,2.2935035336655205,1,52.02740597699346,225.92594074135405,99.80692138813058
-2.026401888498568,1.1079930458945986,1,56.21460824150981,239.60524886373767,87.28920687440002
-0.0419363501262477,2.1582631123266993,0,49.754701766088864,116.53547335153378,105.67410690528291
1.0745427793405484,3.1959718890987983,0,46.194761229347534,113.43104101463804,106.27697540583681
-1.500859400279106,0.7883060041738741,1,53.408156606022494,228.2090296033292,85.438756535347
1.1857444344717476,2.6405966785476407,0,48.30299287580982,120.87141941665958,110.68608558945716
-0.7150812419779358,1.8273277872429452,1,50.35064762846597,224.76959403246872,101.17013895893265
-0.051238525075944674,1.3900620676512139,0,48.527985098439785,116.15506749694312,94.11800401955446
-2.7745833607708863,0.16410217148183165,1,56.53058739650732,235.1965633041721,114.53676623678612
1.0786281312529078,2.3974065417574666,0,50.089981807235915,118.84319874670695,102.53430036893099
-0.8756859169243153,1.3188886025170896,0,50.575070102916825,122.12884790846024,122.04415870394566
-0.5381093191951732,2.3150711913861004,0,53.60913978497119,126.61024193976118,93.25552675004549
-1.2782156990100408,1.4518182355930103,0,50.89153042615325,120.6887109553872,98.09547663165289
-0.9927694461542396,2.994317614370147,1,57.50418570243761,238.53561225235842,99.38636108017421
1.1434278876345871,2.4093195714523246,0,51.24596325321838,114.51213900966205,76.35662789792502
-0.5090725984592255,1.6150195846330213,0,51.18024075612367,116.54380754751237,112.24212721285639
0.895000938790005,3.600927536605374,1,50.85710603347548,225.7224029454883,98.47400510970814
-0.17620336617922988,1.6577749813722167,0,47.743144109624915,113.92268418182496,95.18855759093267
0.3460834685556485,3.2969471501871115,0,47.84764829814379,118.44854221045915,103.69339805962886
-0.5063101292887338,0.21595087679534242,1,54.60926816693215,225.61921126755817,102.43133830625553
0.42716401996388864,1.9088268750308401,0,48.672225453756695,118.1627461204664,98.07665981910746
2.5885695856409807,4.021777522517192,1,41.86082153954431,197.3471787401376,89.82735171039943
0.6528930147774489,3.1505669749226026,1,48.759180337012886,213.88814878806662,104.29420634353282
0.5058397918952761,2.5096266416137243,1,47.93728756671193,212.41595324152505,101.13984069167171
-0.4759508306463407,1.465532093565551,1,50.644758890123214,218.99512192624326,104.6078819330174
1.010908739659707,2.46439659456353,0,48.58841705606008,116.37001874146412,99.32582511627082
1.3592009708924977,3.0983323339138784,1,42.73211588578434,197.15160640609048,78.43880664356514
-1.7020899666109865,1.3367077901845557,0,53.71909814210563,118.68354149060681,97.08996717200651
-1.3803322297834448,1.8160442531793288,1,54.71118697263487,232.32480739668853,90.00558357754139
2.101776683209765,2.7205960469461616,1,46.06828071047829,204.49408579924608,77.74089797142155
0.4258991675344542,2.6611441024480214,1,49.61218603466636,219.1105566080836,92.2946190753496
0.1292002290299064,2.7385480370793838,1,49.33354992239361,216.4782358543474,108.42485856570242
0.5629625132005759,3.8590999272241278,0,43.64430666631001,111.4189973763453,83.88951866937305
1.0967647243543643,2.943893337245333,0,52.20905955165473,116.66138730598486,87.59829376723292
0.8008188507530136,2.786865239997498,1,46.64652546425556,207.98247379869852,103.03009326857338
-0.22308326678466056,1.500660269289508,1,52.599815262344656,225.37906911104818,74.36042449695478
2.0636706641081846,2.3954008219016423,1,41.89267145865077,193.97321165406998,104.74595466986942
0.012623501414499815,0.8953628808257263,0,51.5483626494222,113.94014198206,104.25883580669617
-0.8747737971072579,1.8285085562107755,1,50.426406352959916,219.17391958748433,80.68883691191321
-0.5570793806175268,2.76919331546406,1,51.08884397158797,222.98116135695167,104.96980821496406
-0.13230195045629967,1.9190794987495594,1,51.1521428347793,224.20122457877932,94.38251676770112
-0.3792249852036208,0.6009239352479072,0,48.48868528726098,118.43473088602708,84.9511827583535
-0.1877937061962787,2.037134799621179,0,51.92805147049867,119.4333844018454,125.01758278130053
0.3154661502200849,2.0888783227656873,0,48.9512440806469,120.02921394221022,89.13978525346802
-3.283915447626658,0.20579435392433593,0,61.942208171139605,132.84797021414946,86.24891867479401
-0.7786932527232613,2.5262382358426385,0,53.90724884007826,123.4374820588428,103.41012511023276
0.9503447080453289,3.130955994307386,0,46.20473753741754,120.43844550193697,111.09007970061934
0.5630013013692811,3.066204839279906,1,46.63894089678394,205.6621957065021,93.73604125733448
-0.6806540653541923,1.3008309658960038,1,52.0121476927025,225.11316287750319,101.81894824987626
-0.6245033904425045,1.907124615124282,0,53.851843206743,120.1960797469874,114.0597353145633
1.140495938093696,2.0585832136696887,0,43.25402526524968,109.59136711047927,103.74609600449264
-0.24772894321806252,2.4874691709631236,1,53.533666875864554,226.8895440523797,109.41300815412467
-0.5302052748979336,1.2136194773158533,1,49.156593441302505,213.29715460688286,84.03660434780481
1.8557144042983549,3.5978248821065595,1,46.22004135081359,208.98033614231662,96.7496322361397
-0.36987212667207214,1.979866540313644,1,52.753105306232804,224.49007670354953,108.22638383292174
0.684246816180101,2.4968345478073815,1,46.86948245401737,209.79959946015356,88.82393026888508
-0.045670297058469644,1.295870077221854,1,47.97261688788331,209.64821385553373,94.7792490474083
0.05078664982703555,2.419209995041188,1,50.45827810249647,227.37187640406577,95.66646413249639
-0.9472255560382364,0.652591889347465,1,54.52638793037532,231.35504516720613,121.9143172557885
-0.8269874183593646,1.0010757461108375,1,50.622087191928166,217.1786634865081,99.36049956650545
1.258073606676455,2.1980412494700405,0,46.968906306959056,108.85424128017576,98.90676405307329
-1.1388902582429323,2.504065201415237,1,54.5843823950436,225.7966396061317,107.20216296217542
0.27736011743265165,2.2300398686929714,0,46.5300803506848,111.55270663376709,88.23403480407386
-1.1944459644165344,1.0983738736414317,0,49.73171615566385,119.44894003288115,87.60958123120615
-0.24043683490700307,2.179211293676287,0,50.55913019198474,116.16652034748262,94.96696889023278
-0.03720826581577405,3.2082249421778983,1,50.08791338068313,218.77932989210555,116.68674739726488
-1.6296783988972459,1.1427429009535566,0,51.86026284551118,122.2281093487284,105.49053294731702
1.1348633753477662,2.0739453514841015,1,45.489882717411426,204.06838752967244,105.44391027062852
-0.1837994315203068,1.3861137237381138,1,55.46729614327222,233.90079635301555,104.58408331834941
1.2147377284041538,2.614806647011096,1,48.3022300336934,212.71500307064633,98.6782273622286
-0.9342785949904113,2.408064286395087,0,53.72452185325289,123.33484878574447,94.93803301950054
0.9118624130029944,2.4198428094866697,1,46.3768742703402,208.11912961173294,108.71565963832501
2.3342400950999207,3.0812854999578514,0,42.85863942146066,108.1038948100057,104.24364917260789
0.21653195567532169,1.645370345243633,0,51.44315876557647,116.07045331629041,100.49291924429825
-0.6470684773540814,1.1380457895100689,1,50.77194322306927,223.61978955605133,96.43239165822149
0.47870605481716055,2.795131196618207,0,47.23891136939491,117.5082315726436,98.66823933235516
0.14082715272159635,2.2767505413010696,1,49.48628691383219,219.33636914938776,111.3088117286905
-0.20999860102176093,2.134985179883954,1,50.267337286374584,224.9109520621372,101.81475013417382
-0.12050664401555156,1.2822815462079085,0,51.35011548567785,115.85371099886888,93.88884130354165
-0.5788257825218013,2.023069870819358,0,50.091808733635844,120.52927264981105,116.11234881266405
0.42386759329166346,2.4053448045366874,1,49.72756701965724,212.6840765222333,83.06857587771258
-0.387331363349994,2.5978807885635504,0,51.596760096139974,120.49852580407872,111.37771541318874
-0.8568681483200288,2.134159805094232,1,53.81848485368576,228.97360775591463,87.48047741874572
0.8153138930730877,2.3189439830131886,1,48.68437896681592,214.529703364795,113.9257534153627
-0.1658160181188383,2.1126921896118533,1,48.40287683325799,213.03749957697627,112.1815438749968
2.6453534453939627,3.512023007253859,0,39.351440530054504,113.4305274985563,93.59929152527118
-0.24946987656467687,1.8545617967870716,1,47.848442788324874,213.01328388089,105.0049184692416
-0.7173378949371145,1.2314868443170148,0,52.403380554883476,122.32649903900935,111.8052398985597
-0.5494973323633916,2.203821347299064,1,53.47221076771081,227.85104230197825,86.82584476165948
0.37108695058486196,3.3452447066075273,0,49.77302337754523,119.12676624163923,82.84779693771986
-0.6973458057904679,1.6308920086330756,1,55.87656718313029,234.8075821777477,113.14551887691597
-1.2633011631661237,2.21907467103481,1,54.023260682542535,229.42473829980815,90.87374518914086
1.639212334793982,2.6838141301595235,1,47.99483349750798,211.88384360227337,96.4492581097463
-1.2401446359099324,1.2348606557388457,0,54.024018139555906,122.76420925096227,110.93041825044908
1.513645767997689,2.7694584690854622,1,47.936177319303575,217.2164802533851,87.682109940858
0.14105656656999402,1.9472177289232615,1,48.90721241107909,216.01664666705915,99.75966772267525
-1.0620979588883213,1.982683113253577,0,52.976340455635935,117.16211499951747,109.14016354939201
1.66638040156906,3.4416956265704566,1,44.11641463605448,206.05544164166275,89.01555328766943
-0.20345360402062487,0.6372135070596072,1,49.158384917371436,213.89316006364754,101.99668613232643
-1.0075475280783048,1.9311594491992776,1,49.46984767438453,220.45963535445614,101.98320250473166
0.06540955928016469,2.2570575935981014,1,52.54044283277393,223.1070700367679,99.38979606173008
1.2864457382920482,3.545593478324122,1,47.62937838085896,213.18064767450352,94.5654744654706
0.6837433172190976,1.919502120362918,1,54.4563075720953,231.88139821997436,101.4418420869166
0.826244795935599,2.5049265430567047,0,47.64324488214903,115.55121415592673,97.41369312791716
1.7543363242448964,3.51452997324294,0,45.51631361471142,116.89519161419146,107.9526107282309
0.21456398452907421,2.5832009670549905,1,48.112601238077076,211.6316122098005,92.01421156317454
0.3758147854114012,2.9835555394669724,1,51.89330656079636,228.91679452203195,114.11302287017725
-0.22598416550092423,1.5218171150225568,1,50.19311554605082,215.24476243518538,97.61046636988
-1.454693871103971,0.9619866541739011,0,58.589081145752985,129.38947664143026,116.08919165862059
-0.14453465978140453,2.2507586494721075,1,56.12575235041416,240.07077695252335,115.93136492855643
1.6169788055097944,2.1471445330536136,0,41.30116628903191,110.9464853055428,94.5804936209845
-1.7310536281125464,1.3851636692368976,0,53.804509983216455,116.99792049453076,108.87708994217957
1.343946134660979,3.1675962149726486,1,44.171087092217284,204.53990537491845,104.2687489396823
0.26153957389632215,2.3299415653816213,1,48.39880434644198,212.93740478432153,102.88981864814987
-0.9105193539261216,0.894185479932562,1,51.02824172690549,219.81102897775676,108.53969980854512
0.06546949075634184,1.7691455255416428,1,51.372189131023944,222.68577644448823,101.98616398419868
1.7763221291484148,2.753959442821359,0,47.290410191645044,119.5654052515852,88.5702371566204
-0.5731331883747963,1.9472073323146526,1,52.7910228008,226.4060907793487,93.94952442118931
0.7905936128970772,2.5422968153317305,1,51.26338745460268,217.54318504801927,101.09683526672187
1.1315139737358737,2.3705431329586584,1,48.42714322644848,210.56709489560234,112.35154247410577
-0.8970939975073631,0.7284472677969497,1,55.736920104248426,235.77153514602588,91.22211768760279
0.6327118619482441,1.4195261230577758,1,52.028768642324835,221.1351442554859,108.90626525720181
0.5351551526217296,1.7779082564026765,0,46.80458091896083,112.87778703164598,114.43090134156904
-0.47415241031291133,1.257619698405127,0,54.88040743166578,126.11873081555947,86.7391883336611
0.6849859143781624,2.0369506057236197,1,47.06229673265699,209.46722993733493,88.56942439124919
-0.36119418525022573,1.289504964289538,1,50.04586654801773,217.656538361779,110.03523981664401
-0.5774299344746378,1.6431233776494365,1,54.29405743396736,227.0651816176645,102.42980997412675
-1.2347294991323687,1.0838683576422277,0,51.967703345202914,114.8417140525365,79.25372421942905
0.38547989325078796,2.2959818759144364,1,47.57722066695545,208.76589808450345,117.77635919171271
-0.4291899924545752,1.7871041258487241,0,52.93169638376618,120.34410129337031,104.36840977308427
-0.5589262707450762,2.020634593797519,1,51.96489695895011,229.79643376070408,82.05329758287921
-1.1489999774005422,0.9451166913363664,1,53.12267345566976,225.20436717771977,91.11553761499519
-1.36515577626505,0.8741373081096258,0,52.594331095792676,119.71668163672803,100.12143818609782
-0.7892390153216955,1.0497061158154357,1,51.308354888360086,223.72998313802162,97.61795562801059
0.7299598177268846,2.411918341811868,1,49.07835280947539,211.7984879139398,105.67449349684797
-0.8138818675836827,1.960051774281697,1,52.93000323488534,226.7322043992617,98.09441771435296
1.4448594976242957,3.3020372375533027,0,44.39363920290674,109.93588210894644,98.28401608316788
0.40825945846606926,2.289558997282466,0,53.0066817770653,119.90490233362834,94.72861760956819
0.1580651440379482,2.011256321831155,1,51.64035974362869,220.72133351697167,95.71809876164397
-1.2032406653183243,1.7707643967525768,1,51.88196041532778,222.69216418758558,102.2708112860998
1.9535886796522515,2.9537061072849324,0,44.761442838933725,106.11478600310903,92.82899046958246
-1.4406334980112179,0.7803921002575204,0,52.938389253457245,119.24915523173831,107.89104433944912
0.5340751094696318,2.640620147491279,0,47.348659207123625,115.80998199267496,100.27854972814823
1.6943283234312494,2.6381366995996065,0,48.74287443810106,117.28824500061317,78.94138327037302
-0.19894722418706615,1.1613396439300732,1,54.01320623894087,228.63058535353053,104.88602719956774
-0.683525678795807,1.56616249841069,0,52.64900927118939,124.30683160546843,106.92025408234768
-0.018998122559880832,1.5768654522363046,0,52.295389676886664,114.02554264357323,124.17841825136807
0.9156625953165883,2.4386134439508735,0,44.3386498932349,110.49067155555447,104.45738766403386
1.3587072302870447,2.319583347976379,0,47.37616939867069,109.86396837402033,95.18907050698616
0.6044376841910644,2.139908829641437,1,50.58856408973839,221.82183244843122,85.3779143425615
-1.069415624506323,1.1614260496224325,1,52.571851166694,230.35170930935683,95.7857809852278
-0.6741897995854045,1.6017278362086795,0,48.665744724960476,117.12387218913419,105.42098612978506
0.20340805274695156,2.3892057452171542,0,50.57984188892994,121.55055086029142,109.62660372970069
-1.2761651609652445,1.483647171682808,1,55.202391784827086,237.14606672842677,90.21624374501634
-0.24030333213159447,1.8793897810662972,0,50.54268401013762,114.24758838465864,86.71188779275809
2.2409535697615475,3.63169514793671,0,43.405111414638476,109.8514881138434,105.37271320192212
-1.0574619153949179,0.790361082167103,1,54.171812273321834,229.07878458148195,85.07169306611935
1.1605590114481037,2.663543145587336,0,48.34141996316054,113.84350595492127,86.56302937373282
-0.9329844355645641,2.118383549834259,1,56.564279053434475,233.73959561111081,103.96200753069712
-0.34072388649508545,2.109378156886863,0,50.11401449079535,113.92023812177305,102.11689553697661
-0.07013112933872342,2.527282932179761,1,53.602137557462534,235.90398320641472,100.82911066419807
-1.5055231525834694,0.7841061941678917,1,54.39809289164398,236.19708296401708,101.65654268317485
-0.10507983333344491,2.52044606527417,1,49.66515286823757,218.2694636891585,75.90126629803194
1.2968208278933389,2.2978480957045253,0,45.58040268952958,113.09082798855304,96.85550101637847
0.7171924982042366,2.9236819186558023,0,49.10551372326258,109.23073408833955,95.57692640010791
0.6977711073598102,2.4760172611106155,0,48.88484299923073,111.53236644860633,102.8626115170067
-0.8044978415709303,2.027635945873216,1,53.12288778766996,223.85412137694792,88.67678938679185
-0.1450517808176537,1.5370980102073393,1,49.10866905249204,214.361797677667,98.25625863262559
0.20232289958002841,1.9936181223338811,0,51.299417009926124,118.56347236127468,97.3157117628835
0.6786995494112171,1.4199705509825717,1,48.07186057858222,215.62338751923724,75.78784627553148
1.3425118797394124,2.8537102101681526,0,45.84872103911934,110.6674146492793,75.70013561874165
-0.9993307344363753,1.875068440627701,1,52.11260470269121,224.53679699658008,106.6755334453842
1.6995480900305686,3.04228456885639,0,48.36431143034688,110.8902371897643,104.67529300216452
-0.2862162334955482,2.4318924482322957,1,50.76199220309086,220.42766715421044,106.51033163738103
-0.2516369659275783,2.1921014723145227,1,48.76203895492418,210.70738110158976,104.07070840931627
-1.2084468614330979,1.4784808608543145,0,55.18347659424868,124.865578603425,97.1182230219129
-0.06779508465536141,2.2626714940525225,1,50.86976410816563,222.4661016255566,106.44546631314702
-0.2281859843793368,1.6344638408465295,0,52.33745555656235,118.22041193356837,95.37592815117874
-1.2345043335155528,1.8671976438713513,0,55.30967926491711,120.6289117236767,99.51440951159232
-0.29138373415184593,2.0151488134068964,1,48.10847502937236,214.122510530274,92.86487483292059
0.12135718150184839,2.252044403398039,1,49.85586389898204,218.0992471805851,80.02844099639647
-0.41143385602725513,1.7509823329954055,0,55.83726999188996,118.81286999147063,84.78508145545385
0.7792603519294811,2.1263761765925,0,48.6258204733872,113.06476230847382,99.75271288859311
-1.0246845857826614,1.039775652726592,0,54.04424896299966,122.17061855853296,110.51063990767855
0.8898821682587077,2.3337575738999368,0,49.32715135348443,114.35927942915096,95.57445222910331
-0.18598246728492965,2.2923216816837666,0,53.024780891885705,115.18280480142603,101.77660206886314
0.3722697794487287,1.3324979050103587,1,49.73493074914441,218.28896203695098,93.62733431175658
-1.8451851363285414,1.167368867218339,0,57.296473543757656,129.05350456903554,82.81944321882484
0.12914587157796978,3.870732191887541,0,51.134613062101074,121.14157928612705,97.23075305807008
-0.0619002312046896,2.116780914607974,0,50.66382892015593,114.85447810256598,101.15886846934738
0.935707904061502,2.435219949646619,0,47.172707101336364,112.90415082615831,97.45607070318269
-1.179903170771849,1.651895190646278,0,55.069811675454766,123.88651913145362,95.09635432534205
1.3640415083762316,2.6648134098921727,0,46.648023238839,115.99826690515606,102.46065279965596
-1.0826311712041499,1.565425423792725,1,52.174182147292896,226.28736357311575,101.36970735732658
1.3166941874777092,2.7945650180432544,1,44.242284686635614,202.78990325358197,105.21218025334399
0.578195627053209,1.8560366185572517,0,48.1692574438708,116.77063697861385,102.95914880992356
-0.7544613982936613,2.2825995575601388,0,52.08326588106202,121.32331764508766,100.82472079217864
2.1697615925507185,3.255202859873639,0,46.32144816338225,110.82213110367711,99.73076067738887
-1.1956243405935902,2.0224315360134035,0,53.53996288826786,114.66843232103626,95.75304696912391
-0.17197420973522426,2.063288339331139,1,51.22603304709726,222.53059925594664,87.87849756284254
0.20706705553334634,2.7008335366499807,1,49.34416428281756,218.81151268082527,107.6384567844192
0.5217837449313977,2.3567566583704305,0,48.819766607700295,120.33374513689205,94.60584979038165
0.22638929097623853,3.698939704998787,1,50.88321010070578,220.91403732276055,108.57179364207741
0.799130276451273,3.044339752079819,0,49.7752210816079,115.93540189263531,102.54945918719163
0.45924580969730316,2.963921335685054,1,48.39696928254351,210.93177380055764,100.59868281313338
0.03269966994092025,2.062499341356371,0,50.91546225386341,114.98496610192828,90.82545262292766
-0.9295629231571081,0.8470392214808574,0,54.596161689491765,123.35690302653327,82.3123239543748
-0.3450370048768179,1.748771116524701,1,48.37396598418923,221.9458996208578,117.06555103372801
0.9024795228465925,2.786636464156698,1,48.64391971427958,215.4964487652686,87.39785276215984
-1.1664993076686936,1.564756475691885,0,51.63195706887262,120.96776286716258,96.71773470977746
0.11099181169546217,1.852669717780215,0,48.53523495299503,119.13182830407442,97.29850577475368
-2.0483965793314445,0.6827694557434256,0,55.56342562201677,120.07313900669197,95.40461795745853
-0.6956109462488066,1.117951304337442,1,52.21162693102082,225.74557472984583,93.49182700845759
-1.623160586659764,1.0368801157979095,0,53.07485091448013,124.42895307616958,90.12902597206117
1.2445407806391642,3.0064314196424244,1,47.35796876457261,207.0734806017805,104.16815024251174
-1.8227491937764702,1.4883198534233752,1,57.30379920134056,244.02538490788885,102.08594746367868
-0.23960639871450742,2.266707215032134,1,50.896270457696644,226.7994206961991,98.89702968051549
0.7284430644102677,2.336793664330171,0,45.580957371049394,117.79793139067182,100.86867801391615
0.6088842688337636,2.462895388567518,0,47.21232034831647,118.37401170810325,93.16957423002512
0.7731847120105594,2.442421142429862,0,50.901210993977955,115.99025013296728,102.7279385597002
