enrolled_in_exercise_program,baseline_fitness_level,baseline_endurance_score,motivation_index,weekly_exercise_hours,final_endurance_score,unrelated_random_variable
0,-0.4182132313135174,20.918039894542567,1.7743230801982064,8.242317053068223,43.30542529429655,-0.9064840719622224
1,-0.5419336141821383,16.099430403576022,0.9631629939380193,9.751125375568716,35.348486122992675,-1.7610576321696092
1,-0.6079098979470202,27.22422855197708,2.161409327341469,10.81963196881946,54.66904795812335,1.928639090357702
0,0.9275666276073784,36.7633392847052,2.5355222159650452,13.169298387223668,72.87088857715466,0.544628840866535
1,0.5624120545860263,32.004500075136775,1.3476195154812212,9.27110131526211,60.188442362208754,1.010060402226023
1,-0.64953357059199,26.411959734957733,1.0630887470742483,8.957890685598175,53.979067256012094,-1.0539927067047765
0,2.1724167014335056,33.23239323003638,2.5147606657829824,12.358907611012025,63.40457322903552,-0.6873244363571401
0,-0.2033610380370012,32.48594693860527,1.7565653399097267,11.651290525375993,61.4086739257343,-0.2929925835856209
1,-0.31678461879549813,34.407434475438905,2.876347181002054,10.011926782616387,62.57362831440159,0.19817407439534995
1,0.06683360447702966,31.14653021349273,2.419031021831818,12.402319374217583,69.086977841223,-0.7659914698412662
0,0.996283922034816,33.79699250328181,0.939403223293432,9.219068080321012,54.61605501855594,0.25783099127039244
1,-0.5336275630016734,32.943114655291794,2.1543497336348745,9.147489824411194,58.671405077454814,2.2426323183482917
1,-1.533359955393579,21.86344596842427,1.5188891249550833,6.027727160285799,31.827520140306934,0.9956969022735129
1,-0.3418005934657404,18.002439488394728,1.8835900409825859,10.689503364511108,48.243978583389904,0.6095830210726428
0,0.7120773865070623,27.898355871632607,3.75004184579314,13.140973805408963,65.01993101536132,-1.063346043809792
1,-0.13547202843565553,29.381706151799154,1.417095524461976,9.478953122813305,57.70352331430063,-0.6219167631483113
1,0.5059676760757332,29.18304511413117,2.3117437799496465,12.35155144202751,67.20243362050347,-1.1160295903879462
1,-0.6488383947117143,27.195328411665407,1.364809356727576,10.184851663617048,53.66754417038031,-0.23383390418901698
1,0.3578176224408314,39.60863152785627,2.788723866529014,14.152665209932742,76.27181649081093,0.6337356225019456
0,-0.7984709034073952,22.99067650304374,2.5589767457983594,9.91200322504511,48.38054297447673,-0.4853307006757852
1,1.0099250376744566,30.780163122322897,2.205648045299865,13.918893281710636,61.592984153463675,-1.7527107267882902
1,1.2880514682876507,37.12047146100925,2.4384596294633303,14.388244823816065,75.0395140395641,1.2806613574605323
0,-1.6164085715620191,20.592208502790932,1.8269910627353414,5.833713399913933,35.44520290186535,0.35576228883618227
1,-0.48616996598505835,26.153467882122936,1.5350748417683127,10.121620356903318,53.06788008510799,0.5085109555062681
0,-0.6468015922243581,15.499406340066619,3.1411341786560683,8.21942631687448,41.37187929847627,1.3118986705107258
0,-0.6497884835993999,28.269524505714067,1.4891757764887839,8.453982415715661,47.84214840907114,1.0011878618340813
1,-0.9657748962397749,29.633046407547443,1.5466006647178279,10.607549551756971,53.641763521564236,-0.6614167546460951
0,0.0562873520969695,35.01843261555314,2.108962814951585,11.832646971535594,68.21094502461558,0.7099522061071538
1,1.232085498422484,39.87996923070755,3.214505006746288,13.900855270363039,77.4193818069214,-1.9582378819114625
0,1.6214529551166836,35.49306474745206,2.3948030439866854,14.805385262905194,82.55523394283576,-0.8745515920002233
0,-0.15720753324976916,35.220110111322214,0.8639930637760049,6.7534452270657015,47.28685238437018,-1.8369351719413571
0,0.30400945081677777,29.973343871186422,1.749022791211889,10.244274573684686,58.646078300944964,1.1650769241682573
0,1.5662085213912629,42.263640621111755,2.9129997033493065,11.783386692450085,75.80348811575082,-0.1586151293399083
1,1.1669422802109135,33.28896464563918,2.7293544806734378,14.09992867658997,73.48569817802253,1.7409820247081556
1,-0.5148737635613152,29.38216666139139,2.4303181887825307,12.090071536193133,64.87336581383433,-0.5297979721379578
0,-0.21902375596810644,38.597647235051554,2.4469433357275263,11.348582002026893,70.75629985207021,0.6386819010033966
0,0.7709053398318426,29.169236749419987,2.9327838921195766,12.243598727153353,68.85939130115909,-1.865320285521252
1,0.4445059835615272,28.324318091724194,1.4884930674778973,12.76323158794645,60.90958261946281,0.4097101272918686
1,-1.0291561770063933,26.047310989038902,2.269655716324351,11.499533549613986,52.315177159756765,-1.0294896526216222
0,-0.7419410567903196,22.88260371469042,1.5788006577476783,7.382397844995185,44.52510755064426,-1.1698363242918448
0,0.9638166160410614,31.824489835706977,1.9066896503647086,12.631294693826629,71.03905806434955,0.13341026049882637
0,-0.718215821655705,21.307436812531126,2.5346926663022513,10.540557362258925,49.2820753412938,-0.9968635070193639
1,-0.7139701486293266,30.933658396164788,1.4803833508696556,11.383834827789741,60.91425560602303,-2.2086578719086547
1,-0.12390217319417819,25.786576831601224,0.8326538571801689,9.576875386408739,54.57236437893448,1.142222265365376
0,-0.3071052562377677,32.07491912106131,2.091259954518484,10.260685694447913,55.49911886660672,0.5442913413998014
1,-0.8793672357425643,30.37168868994803,2.748885496447716,10.660854905104104,58.99851738629405,-0.01436389174374647
1,-0.5771214492185139,28.16519427288879,3.2098492749983185,12.9789836131031,65.88149304419578,-0.9878760287372218
0,-0.22630954393567404,31.944683977447212,2.189743845568999,10.49989206351949,61.380025920604965,0.8382387661630121
0,-0.7036389528559516,31.910418112981326,1.416971065322432,8.866725651816145,52.71148873923444,0.7303181476733881
0,0.4105850596180706,19.817439693063832,1.5477011425254377,10.822339890982192,48.28871826110993,0.016087037916504007
0,-2.2438278048404503,18.925669433486224,2.077136936154992,4.915194773725784,27.045762528566737,0.022927735719388817
0,0.551905341160446,32.78785492811758,2.4646656280368124,11.281410176220191,65.93278554336473,-0.6771972779390969
1,0.9072511260199188,40.692604051576915,2.194335787530854,13.699423945501499,77.4447651652517,-1.0042017890876076
0,0.5625391217548226,22.081633380414512,1.866384874812418,13.284185454279534,61.18131844809531,-0.303009004452143
1,-2.2018743292313707,34.253428021887345,1.8712406348783142,8.176009562901436,55.95336073393691,-0.5571880925610276
0,-0.6803923534690178,25.6840836224322,2.819893751481908,9.396046685842288,52.6732385006249,0.5554238850081653
1,0.053514641851912285,19.377798000006585,2.4674744553143597,12.942651295660529,55.42262369250579,-0.6337869420519204
0,0.9610092932489896,26.52423898796861,1.631309716727007,11.373693545582109,59.086336715998364,-0.22389931957471304
0,0.18499962896436561,24.497457357605793,3.014710128391611,12.311371407368343,54.603230048202036,0.13690093577355145
0,-0.07086567006199002,25.50351264848519,3.0635417772534685,10.448974776234845,54.170833835188546,-0.8307267786340522
1,-0.5374499585932347,20.385878670209358,3.3540448081622953,11.601372348890049,51.68825048949728,-0.3892815703130731
1,0.18833741256557407,32.54244402847515,1.8499859137087122,12.227703146895783,66.76229571585353,0.17811410406815736
1,0.3020232413160897,29.266234598417842,2.0708268760334776,12.801934940112963,65.28926662837024,0.34410543542943767
1,-1.3318542584360653,32.36390184422365,3.7767113085443453,10.846578027226366,56.95039254443673,0.37557962360986014
1,-0.4741111493204954,27.064116842138915,0.6536609075860964,9.090538679817898,50.61666837278164,0.9517706695742582
1,1.4644839760379003,33.383017022798384,3.1711062124169875,14.972464968568419,75.06493365874601,0.22601141495691235
0,-0.8321082415763625,25.922802284775678,0.7663954271480566,8.556824993847595,51.44076865053816,0.4960956465226839
1,0.9250579667019736,35.60992939122829,3.224138156941319,16.3511952282881,83.28041379504994,-0.15632429416693966
0,1.401029008228341,39.30409209002922,2.678492237539346,14.635491894553232,82.50997471152317,-0.459968960126315
1,0.7168612350818128,35.75551459178163,0.8551205049898196,12.19927110518869,63.750970662804335,-1.0452867240019836
0,-0.5490364736795829,20.222269300198352,2.386861322407251,9.508027675041179,51.44544244622702,1.5134926755435203
1,0.7987507095139984,39.8939127795269,3.051982645448493,14.741638207150405,78.41385234217627,-0.23630931266125155
1,-0.24716406867389942,29.110522332549788,1.6369307309209744,10.790261661536091,61.947222922973125,0.1555881207862656
0,-0.36205754556913133,31.798627341766004,1.7682323091390857,10.477851939200931,57.084888407818724,1.185431442023383
0,-0.6740198465971442,27.870810155972215,1.6083757316231244,8.744703810397171,45.37133025689596,-0.5136240833152493
0,-0.9756946200253188,31.975618021945337,1.535606427065611,7.41176862064565,48.43201654170431,1.6563953833877914
1,0.2928986750121109,31.423082209242434,2.084467928979853,12.00548106537004,64.25780004897514,-0.8945175262299938
1,-0.21490204681849123,32.91779945862716,1.7888962692999872,13.432994618092776,63.24424494398137,-0.47542963914736164
0,0.19958596532602263,25.39516600998964,1.7786490741869532,10.93574127088322,51.75635243941602,-1.1182869466060514
0,-0.08458172331310933,31.495532943568037,0.9966269948123005,8.277795477701556,49.19727715148486,-0.40941844572015873
0,0.45410530594058796,32.88350238780795,2.585826629305277,12.644143426408444,66.88732254286488,-0.5380750400045308
1,-0.864539984762796,32.187229749820546,1.9792951503494198,9.18528947593022,55.34977868832744,-0.6810962066620548
1,1.003938437726856,37.21074331829988,2.202954006643985,12.743390207855256,75.09008290951171,1.7901698294940758
1,-1.0135525845666196,26.725443971315322,2.939573882776613,12.164305449865083,57.07977576805063,4.377894335466327
1,0.36408725055699304,33.76788688224199,3.839336584573056,14.984858994218644,78.89824142023986,-0.3136755288402611
1,-0.26416272743114566,30.567661930413852,1.7813311796037756,11.19851889732931,66.75338109876377,-0.0229979519215338
1,-0.602985886325006,32.85466211443499,2.359471004769226,10.354847247373034,59.395523194954144,0.6152465206986026
0,-0.3999211035565733,30.840760883853402,1.9453061646333354,10.698105790168231,58.57607980803722,-2.114404136748874
1,0.2094591280539312,32.85521609076115,3.6256568978489154,14.240275112478383,73.659854311467,-0.27541534209102686
0,-0.874073797447981,34.725731738029566,2.777713638123669,9.781322990415125,64.57364727070279,-1.2143496772479458
0,-0.7504736211500039,20.612171195571996,1.591879507962714,8.808727782742857,43.46412561395105,-2.1245587775770143
0,1.0352524867383368,27.627895607943124,1.8895906862579568,12.415331431555629,62.25517255151362,-0.4195248823220712
1,-0.0870143968197269,22.05601877230657,2.7776050340637095,11.624516457440597,50.14123707315817,-0.5023117807769586
0,-0.08543286101810123,29.17588145374428,3.198023915734817,10.348954319800228,59.37546203667746,0.6940849195474948
1,-1.566278018231885,29.385354324674157,2.5942610901301535,10.91482602760857,59.391906846894756,0.9060432681735626
0,-0.9274623866911506,27.289682591963597,2.265968409203302,8.476963726404348,48.61466386218724,-1.4314487603179396
1,0.23109894153501978,26.181277908470676,2.7361919136382085,13.445415969807543,62.19235822899735,0.36876488212758585
0,-0.6624030672525796,26.829560663286575,2.0311049811261226,8.363801550382924,46.68338564759631,0.9025868874782405
0,0.853266041100372,32.804021011776854,3.3739962839493582,12.876344816440279,69.4640610602428,-1.2569634735948116
1,0.1303771608561599,32.362672263756615,3.4649165810240787,15.396909828551863,75.3792442817971,0.4345023723651768
0,-1.5559794935764872,30.04165525306055,3.059742057623181,8.20097961554528,47.82818385106582,0.258791339944636
0,0.5598741951271202,27.31643266790664,3.187204203127514,11.558898181736819,56.0339092014539,0.3620040473983764
1,-0.18304032333152606,29.080556116304095,1.4260583208521602,10.560340769365617,58.89289942206404,0.0626236074295207
0,-2.2913262064272946,28.44497081040877,1.3790008371358056,5.873165545474664,43.622732607604135,-0.9033493538200111
0,0.8222913901191549,37.810700143100554,2.384037443254901,12.1025234788682,74.96189069977542,1.9635464036801553
1,1.3859070326828669,35.671791606452445,2.002349029196578,16.161455965420764,74.38287956441785,0.2561424363875079
0,0.8550591540383781,32.092231590831055,2.6432621331938515,13.19668841775155,71.99268023341088,-0.8629493455067013
0,0.5232044198251405,37.1107906092162,1.3800493453531606,13.132015377463944,73.51035030747842,0.08594345667468636
1,-0.3586553923971874,34.43886434432663,1.864932048569649,11.438689958758614,69.21102745757852,1.1035986866886862
0,0.649003244342831,33.87668926595617,3.93482845486048,13.536824886430436,73.30639811787057,-0.4148059393966001
0,0.24075660424394446,28.372639229893895,1.4659604280977716,11.003412362812318,54.425649889936665,-0.3252714535893453
0,1.2241639893804344,36.29940590019248,1.674994912634213,11.841646425787607,71.15882575610736,0.19668359590192494
1,0.5049214430001859,23.766387295882645,2.7781196581610437,11.799114848288294,60.1372814168983,-0.64400274970837
1,0.23494300791413328,22.45082379619826,2.8860269627060426,11.425416520633988,52.26043685142397,-0.023465376554527156
1,0.4066140692163827,37.15308855617489,2.522545061796111,12.275339799344824,69.6377380319321,-1.204730691928847
0,-0.31984624995143396,27.505625656043755,1.8380524605443584,10.128570137520075,56.018630589250336,0.9692958263746376
1,0.005533411214535847,33.109273347772294,3.6320797715668265,12.473950009406854,69.97990462505096,1.4821626847276987
0,3.3505814602441295,35.67333789667373,2.4439958772160466,16.41873129579294,80.37354654319431,-0.042108982809102004
1,0.436308221899525,37.08987931487883,1.9679242279713716,14.528934782226433,75.18270705255371,0.147563837484274
0,-1.9164094961800233,22.323146536660396,1.1999274533255135,4.653475707531523,24.3054549911083,-1.2951019267434927
0,-1.3362463620550484,16.03658634430964,0.7416992736781749,5.68364383242652,34.886656217900224,-0.34929897224289297
0,0.9906444825436361,36.256229697941016,3.1699538555379907,12.128518512352407,71.36221773695296,0.9155451672840651
0,-0.21913868191217092,35.93442804566732,2.9878913428376346,10.694590399263193,59.799282392809516,0.9046433111522976
1,-0.22540044359684763,28.15052201953189,2.12720712063015,10.242488089782716,53.43477274399032,-1.6765658723717491
0,-0.41120152949493355,27.002655144643096,0.898762733657698,7.978095547740553,45.707906946537165,-0.5619601540271136
1,-0.7895925699319022,24.97817829062979,1.3921965094653346,8.521446381100755,43.97510623836185,-0.11377795599624092
1,-1.2970329282474535,22.771136337422377,1.636712139397991,10.289280945152068,50.09030571634725,1.3669376503434971
0,1.5576521939593115,30.73865899427038,3.053234139457599,13.996424692994212,70.9029021861083,0.8699410173171606
0,0.8111894565214609,29.208801612146157,2.617432969931997,11.745174826148842,59.00088073316312,1.5261480778437255
1,-0.5181742209387176,28.16421238942784,1.8654366443169212,10.527020941714714,53.76854955670987,-1.287777325106543
0,1.3447929880741172,36.589907543560216,2.473486714823074,13.048107953171089,75.34529522050059,-0.9309703826347823
1,1.432106745255561,33.406366471543166,3.395465506051816,15.99872907853452,84.24818992069517,2.130886991544325
1,-1.0772678548282943,20.765053895405188,1.5932266922820248,8.500673854948987,41.03893398877812,1.9701721151103744
1,-1.7993466152148245,24.601964872426876,1.5997080433975726,8.898935213046467,45.497145582565224,-1.070165182615914
0,-0.6103342461531529,32.17172309965742,2.613380690492118,10.554820481210733,66.40323586860727,-0.9299915415773171
1,0.06907196351937496,32.22608140396227,2.0259805377236804,13.832940634307656,69.55216227578333,2.154937418444694
0,1.5003360865197495,38.253484823018056,1.4799180135872816,12.822241717835112,72.06046884434613,-0.5473727441254278
0,0.8830993885149925,32.812316029515905,1.8149704560936137,11.223872413315586,57.5009708102009,-0.1663935264437178
1,0.29374067207815174,29.469591695564105,2.7602145875311956,12.489552945840755,65.94682385901024,-0.6181428731505049
0,0.8197591797072706,28.72564100743013,1.6513257719243644,11.24819678462986,58.64492176951368,-0.4469514285141659
0,1.055979349498781,29.91353240320055,2.5579675578201844,13.258188519527954,68.36684549618327,-0.4124294654059348
0,-0.7124617104977989,25.359818661707507,0.49629684608833013,7.194715445818463,39.31360118612633,1.7258016951164121
1,-0.6282572455308328,31.327736577246554,3.5105098618818005,12.275631363906768,67.77543110794278,-0.36088330982312605
0,0.19586203271446734,27.05266502452907,2.6774099353874976,12.677877882683749,62.85294548909806,-0.7421284120038503
0,-0.9565315740002952,36.35457952182682,1.5891011051106587,10.063371611305751,66.00198510626551,-0.9672708881486767
0,-0.7641981677540437,27.765875050584242,2.250717028486069,8.541109840754181,50.309740973037904,-0.9461411629439344
0,0.38726364910798783,37.789515598448844,1.850274205418233,11.067933006058308,67.12894425571307,-0.37753992215626897
1,1.1500861543693,30.851338537110387,2.8530691080732806,14.348290718284131,71.30126785285239,-0.4075471507115617
1,0.09948407796105709,33.70734160419894,1.9313065712902522,13.698566830199809,75.77815876651476,-0.15729636489606766
1,-0.8422154253121108,29.824005578742902,1.4045257045206356,9.854159071942062,60.29577922034998,0.9932377960779957
1,0.02566110854537658,31.85135820267895,1.5711594255287795,11.805321319543847,61.26695172452365,-1.2808884738349757
0,0.6738368312968573,38.652555330121245,2.9795645139271394,13.268464155099283,75.57452455375834,-1.8853350230308559
0,-1.5637890147529079,19.698798767934306,1.5310581658650908,6.607595521876441,31.86811018651895,-2.1041171099393328
0,-0.43169420128949887,22.006461767155983,1.8139490476860796,8.866427642366373,47.1966789459903,1.2352045892755865
1,1.968448958047386,45.28398462823169,3.473827516818402,16.931361412773413,95.73482221812426,1.0180505130060515
1,-0.8225812893046172,24.595886267128403,1.9584985877852772,10.409653150858384,44.70321764396189,0.27153235400778436
0,-0.6063321779928217,32.03538075064155,2.3917315558280023,10.251625505018756,57.52411585331626,-0.5094948958474844
0,-2.1996580553263225,23.461224186452785,2.0794762499053396,6.9616312288325926,45.228298006468236,0.5615483202864058
0,-1.3367249880176717,31.700491059435592,2.8607197542490015,9.955484229634427,58.05975519693778,0.6371476222321198
0,1.6130178346133084,35.91530051917587,2.88312432300018,13.850841325690558,76.2327278220543,1.4830281004041883
1,-0.6470182061242368,19.678023881633376,1.5688049063760863,8.51265250244791,39.95494117933871,-1.246356054350661
0,-1.0636215344455928,25.61079893353899,1.6234427769798618,7.568787505707842,46.00912858234624,1.5656983885311486
0,-0.8695710166385192,23.884445435814214,1.5916473503160615,8.006610302721148,42.57083407570521,0.07708394624550532
1,-1.813977825113573,27.648909893768693,1.1470895647410155,7.639843194342031,48.93495458178761,-0.00923436409245263
0,0.47628006130650835,26.88936192373834,2.2389079808670567,11.325348113689257,52.592314922204025,-0.6211093869917624
1,-0.7828412628397732,26.796914951173942,2.2797398072923714,9.042956079634767,47.511035178216176,-0.06176014568320805
0,-1.0877456851241238,35.42252304665062,1.8795807430775988,6.535501772052686,50.522737135210434,-1.0241668175377723
0,-1.4294093323348849,28.825457636533677,0.541455273202766,8.933354617730316,48.2154488481921,-0.4669407843730039
1,-0.6467791854621253,28.157877629192715,0.7474545817067573,9.332915734234062,51.114520717229425,0.5440669734453496
0,-0.8682096990174338,30.20441581985087,2.9106556856096826,9.771050538205069,56.88873457949007,-1.5317385910183325
0,1.0430715997940954,34.37129089939812,1.4094342437978453,12.984656106454082,65.22417988248942,-1.0099776905317452
1,0.5898032897849953,33.390355235309215,3.1383946925021236,12.903619613075504,72.98389631264014,0.43124048568983087
1,0.4499614793551082,22.31211430465776,2.980663708391701,11.85844918909473,56.494594887766254,-0.34163050215698915
0,0.75920217969963,29.830032928747585,4.030823216141372,11.599138758465797,64.30389725563636,0.3452997874051351
0,0.561103906864549,34.1955487108271,3.1897159328279363,11.597031653987003,67.43357149576171,-0.1372519753462064
0,0.07893657510806103,25.946773673559427,3.013065798145647,11.113711892779017,58.87183162581113,1.539983739019433
1,0.6954135210081331,38.79830746778302,2.066986919146957,13.55885801683867,72.70154934847687,1.8129352972803812
1,-0.06774167205272741,40.593593529095926,2.305717251203554,11.42286095181945,73.66745289530536,0.48200855644886575
0,1.4688945934568078,17.965735882391204,3.3230569819523526,13.943562733946123,56.998746603453114,0.02029293425508197
1,0.9451504132147687,29.913725301259543,2.885612926950489,13.828567625708159,69.38142679310505,0.19302280119654716
0,0.16828497291255434,30.275052407433545,2.111891278794236,10.132878077897441,56.02959561858139,-0.448595076326266
0,-1.84351707462377,16.077332715854027,1.6161327344283145,6.523142385292152,34.068672507478425,-0.29342340429498226
1,-0.9677591799833768,30.092303429164605,3.4651790242108813,12.600268522442967,69.1062355947336,1.0970158265906627
0,0.1459033681183361,32.09357002546653,3.681791509614746,12.06701493290736,67.94166324360899,0.5626864951379811
0,-1.3723781845498793,31.700597283014822,2.0288973335725293,8.178782632089964,55.360616821190575,-0.6706377935068629
1,-0.009407526540156733,25.389358125241568,2.38685278462591,9.866592307080014,54.57818843901755,0.5889906129493148
0,0.8107790063617978,23.972321389086265,2.781964799352702,10.686279215835166,53.47452029618483,0.620881978486011
1,-0.8738246891953123,31.271574470244822,1.753645892337447,10.882704704721947,64.12938002350225,-0.29097609929992524
0,-1.398749936910223,33.92195508483903,2.383660709039397,10.089385743212988,66.39176684469675,1.0234076607791975
1,0.8505771499496315,28.996047444475987,3.7602784723257905,14.461411956082387,68.27370464899731,0.25214849490383356
0,-0.1988036137928426,30.122824442220015,1.9384165397109836,9.645435662702702,56.025261299758874,0.2030563207866146
1,0.3374399336102268,26.13502107565514,3.093935491892858,13.187392148638159,62.07274942422617,0.04705701706013698
0,-0.8403922112126071,26.168511059870962,3.0049289388541576,8.520823723721076,49.657715323158065,-1.2652433566210992
1,1.7527713666581715,38.02184894987043,1.8280879391386784,14.558289772481839,78.17832847585123,0.6161361585478372
1,1.2095338046653001,32.947244623203936,3.5965653232723334,13.98560664165204,75.53002347125125,0.10524641057703354
0,-0.11387371459125467,21.916200423495333,1.9440198328862506,7.417478797015438,42.99977320591712,1.1716280958958916
0,1.708717536689477,32.841452507062726,1.6450954987667223,12.300490488483074,61.62198892894316,-0.5009674112876871
0,-0.09013936985181652,35.067128172620635,3.0646423267766254,11.028654622141524,66.03949627981343,-1.198709493925569
1,0.928078580706459,31.338315239153363,3.9292890433023464,15.58034958568396,72.62185810474293,-0.17162989995663425
0,0.6579399332827377,33.25358984998205,1.9830666664608225,12.547742688523712,75.54018141197675,-0.35891682809596487
1,-1.615269900698006,25.064688219850364,2.8120277844243633,8.743983740465413,49.56266694034278,1.6838672530534557
0,-0.15688585733449703,26.47231286698002,0.7765147673427322,6.858907707135328,43.792901405273525,0.27760015505567015
1,-0.36717030802344874,36.82845105659055,1.3484894670126262,11.922714863084744,66.1947036667289,-1.258062688046839
0,-0.8412844288997281,21.549009509211587,3.4091431280396858,10.093781709811218,45.31330645178531,1.9100012092104492
1,-0.49893335713347364,25.34176258519136,1.771046179414021,8.498373986786765,50.16864188323869,0.5082121874522629
1,0.7710529749745438,44.63310251368996,3.165059909612631,15.68644457054009,84.06831837279812,-0.03905892263928359
0,0.18288790959189058,17.616005564519078,2.7491901411174853,9.89973335543513,42.585367913641036,-0.3014503073771548
0,-0.6307946556473224,26.854590390231756,1.1467585959835045,8.967556214964844,45.35683019004362,-0.11036855548804728
0,-1.213812174399791,23.479758920692085,2.288273763947714,8.077307664816434,44.15051345440898,2.2925113187421027
0,0.7851947552804035,30.739266835400787,2.175340103123073,10.189519292802666,60.749084428748176,0.8604026142056335
0,-0.20842702570789196,31.023243295823374,0.8646414810470537,7.721839152106488,47.48693068523404,-0.2574020025133649
1,0.11027023209636432,32.15462918499535,1.3597580835022358,11.120162121432209,64.86045763445836,-0.28212080743872414
1,0.793783658135711,39.012623560923714,3.5624576598155953,16.395882829197976,86.9124859386661,-0.09183847364592085
1,0.881622148271152,37.065330798059904,2.249881577569465,13.856514135298214,79.26552207050442,0.548739257621585
0,0.053508206801049195,32.4010181865721,2.9655336170200357,11.936069238557772,70.5882263216573,-0.40207110940878793
1,-0.07504629713585709,31.51085381816552,3.388488874189786,11.909529086181372,67.13630016102977,-0.836047837911428
1,-1.1485098911290204,23.041347955058544,2.6171089761881277,11.545824318147533,54.745967884883,0.5308175681098557
0,-1.809826554041686,20.4473655058501,1.650499005440473,6.37830767052792,35.03049886934399,0.7166327376764441
1,0.5748589282772413,32.386467369068896,2.1246927597403933,13.44281846393653,74.40320304546556,-2.5083123529162474
1,0.7279179679230987,34.053403840958126,1.8567665897669021,14.147913325576434,74.90934924286668,-0.6852951121098568
0,0.5816029942112444,37.22049046077123,1.750679451000639,13.090515236321423,69.04340618828286,2.3245721495223144
0,-0.4099428330086486,32.96407757658298,1.9344020360780818,11.493818632586052,59.487417951450034,-0.7239511350516025
1,-0.17573830410559135,30.779992064978146,1.6757267837189695,11.472198535164804,60.341467077473936,-1.1393330792244807
0,-0.31805469993736557,31.787784791727695,2.2075311396504564,11.8864490443769,59.88769982688965,-1.9696806046779702
0,-1.734364199969903,22.604189102829178,1.3125180937193894,4.232960414591716,33.057072930491586,0.04091986607027593
0,-0.036552360601400616,31.502049311353048,2.3133318219893155,11.14593742236202,59.526751749045516,1.2647230273792305
0,2.331077809703425,43.65159651829725,1.5252789309847983,13.743323293614308,82.21424035748655,-1.8592486590989314
1,-1.1872710035652574,26.04711213912078,1.8626363748722257,8.342195829638747,47.6631704995355,-0.9418944095975597
0,-0.7372767927667672,29.717817887507486,1.186114641418503,6.470711156634342,48.39314881423508,-2.1925593063026687
0,-0.12061525485164269,29.8255207829414,2.7366906995803113,10.338882965580437,60.2141443774405,1.9513920700590017
1,-0.13061594042754202,29.053360152497877,2.054386439345365,10.700697740257036,59.117801820889184,1.3142146565765926
1,-1.5696443747040951,27.842939985259246,3.2753256869076735,11.702342378779319,58.87906667084787,1.118170957241349
1,-0.39677266494867497,35.79125557844382,3.618107875308146,11.317949990384907,72.730970626739,-0.5346551102840299
0,-0.2541515781691785,28.418596971552734,0.5542183685900244,8.179931047640943,48.68570008289819,0.21147299305897976
1,-1.7945959067729047,21.535708160519214,3.031367985217231,9.962236117851795,51.50409925594975,1.3517599500835307
1,-1.8041330864391203,24.47217921461042,0.6248296029887646,8.335232834226293,40.526054827723335,0.4660955278998675
1,0.8054478265717468,39.4321849424641,3.2530059899900396,14.43240132426459,81.12579733700537,-2.3458065224773916
0,-0.23718354484110474,31.046986847552766,2.6299913820141603,10.614355261081629,57.53702735384461,1.4630471518129233
0,-0.21982992800063078,25.43586931121946,2.371374922530647,10.373539401851557,54.13087595016464,-1.360798209019889
0,0.030970489982185972,24.940270981337882,1.932034446883357,10.764121742718517,57.4353537562362,0.1320786222947937
0,-0.7630387268145895,22.247533623018573,2.9197290318582,9.681371485601925,53.15713893434897,1.0002899644193464
0,-1.4505801382327532,19.01995280837049,2.152373054225107,6.796045207594197,41.25180449421312,0.6144981826152757
0,-0.861185890902121,25.91107551905668,1.6398944993743563,9.35761812716346,54.946128028849806,-0.5448072546932612
1,0.9356528268322577,29.939914988583425,1.0656930284632418,13.290381266160225,60.886680898421744,1.1358891945152407
1,0.08553879517684108,26.696386805036123,2.854539737968106,13.180162558713485,68.42569191282612,-0.4650650112067369
0,-1.2422679730624593,29.622051532990927,3.0029272083848557,9.199185954310606,52.87192802047545,0.2767282551107391
0,2.1897539128372707,35.47462569981055,3.065640788558957,16.59198415594846,82.2957008709514,1.425460599102631
1,-0.8458032460627523,31.49516509033439,3.2346403107632904,11.53785715209948,60.71236461114632,-0.0764006490293605
0,-0.7341684918819433,22.88128900064013,3.509701376677362,11.673276441175796,54.58363729084743,0.9653401987638317
0,0.6699288962417863,30.57658210393636,1.576146002600166,9.75789384004516,53.9980885925991,0.8820217267860411
1,0.5075057894656548,27.618592863765915,2.184922930249051,12.087365039949535,62.56386826392306,1.8623065892874373
1,2.6857731062066534,31.60830380669683,3.213106091833857,17.230251346923218,80.51306930167745,0.21818837249041498
1,0.528789295838657,37.839312358951105,1.805687605499417,13.994666643647916,75.25624342085486,-1.0693840346732415
0,0.7207428401286757,28.274607721448053,1.655254851646,10.921847206488582,59.10028645701587,-0.5953413916586372
0,-1.2668182672301578,20.871478903378545,3.0632615764364477,8.236218691222295,43.96077105688814,1.9949025544160979
1,0.10476750059585628,38.52180673009276,2.525062588801703,13.400016892066402,76.98558939354206,0.9510402407710093
1,-0.23866113022030755,25.625382947869166,1.7600036152762526,10.365176043606672,52.752760295454316,-1.0352993086427729
0,-0.9043804397975711,35.8408285993367,2.4183645969373355,9.127234499007956,56.57416925122632,-0.335579590888061
0,-0.04591538952157447,32.88566690675299,1.1651113361941547,10.229867353204428,60.641200785247776,-0.08649574064398428
0,0.2090897518822274,26.58991308711149,2.9750864751183648,11.290387699590937,54.74022443195996,0.6765978608997534
1,1.9565312747120565,36.04231390204328,2.7731883067581142,15.768507274777193,80.65439899707025,1.3449799444846764
1,1.4609578945826482,38.21703709329373,2.278352024553004,15.41680888427319,79.47034179877379,1.0585059864972743
1,0.5346858095269843,31.850861976096265,2.9995719774638925,13.544268448282706,59.778544599775515,1.3832508893553224
1,-0.28323972450287244,34.49653327918075,1.9022588149705004,12.124722816179474,69.83769772426555,0.702158345072697
0,0.48640405896925215,29.587873358516628,1.6784325188302425,10.975106642965704,61.36483288247798,-2.1264070986023333
1,1.506443490904035,31.24672775832533,1.9836258153198147,13.96624556795142,69.31474058479616,0.6804915597413678
0,-1.131542745608148,24.817868860486286,2.7542449163676914,8.387337033868333,47.2573609349699,0.019089918591312056
0,-0.13001552455203966,27.461842657230196,2.277126187020686,10.848229960510537,49.55172494880684,0.17189776743289079
0,-1.972997866231821,24.285377725020314,0.47688276761849924,4.5210089271410965,28.913332898853568,0.2590914182556186
1,0.9825632697605289,38.496078587001776,3.2778323938244864,14.947612501727882,85.58003817762241,-0.15329867191923915
1,0.3646939528724052,27.30871497973027,3.3497793617624207,13.996941475785015,69.27121543820564,-0.8500560289257176
1,1.095216101661865,41.61661401350533,2.774013716036169,14.834775660923992,82.21841937188113,-1.9627586858746802
0,-0.052397456845120365,30.14697432413698,0.731707989023723,7.710801321653405,52.40099980897285,0.8240705591232891
1,0.11896022803562813,24.397903081206042,2.609224057330505,12.890743492342699,61.05491111455724,-0.23209483989483826
0,-0.4214719146283473,27.25919152335363,2.505346628364288,9.005070014869546,54.91165388626872,-1.0035972357643261
1,-0.5910272559724914,28.403341761317588,3.375655096361916,11.803789759664205,61.48179266746311,-0.25833348528815964
0,-0.3470736410750252,26.750656228919055,2.2119247191108977,9.468230181692464,50.52081513137643,-1.4908740116840251
1,0.8545538804841188,36.59505711231932,3.1407725530019044,13.563698070057933,72.13057269450293,-0.031774255994659446
0,-2.0899267024649353,26.116786633074483,1.5859968179758652,4.8543796365312915,35.18195133367445,0.5416497316732902
0,-0.7489142648498562,28.838706719453352,2.396515618303369,9.048930343407298,52.87240720329333,0.660535974223379
1,0.2604010708613337,23.51588893228766,3.272638576981279,14.358756248660363,60.93561165394994,0.9019062996708577
1,0.349015879029626,30.95583114372384,2.797809962295206,10.880315120382356,57.76072929607594,-0.9638427666271563
1,-1.4968917568037443,35.05799407550156,2.2049815119588776,9.591297282842504,57.34985915329843,0.1140929209499384
1,0.09033164459859745,26.374471157065884,1.378054097996865,11.083284313790076,58.61234759215317,0.8734719766279917
0,-0.9009742572362649,16.506934430930016,1.5146806264256525,7.746119888775459,39.713283898344116,-0.6299690342373855
0,0.22613770619638143,23.79054230931563,2.14483375173926,8.762733371397918,47.86048620707275,1.5473262980997615
0,2.7044852577744853,43.43503351232199,1.9683793713112032,14.875583019183905,87.72484853855555,2.0092376225191013
1,-0.43096942352033024,17.88100003918557,2.3473142347297005,10.654484995701784,41.572795403530236,1.1138556419472143
0,-2.35804818210315,31.034622304726057,3.2511298793933774,6.711483672345302,48.6818816461202,-0.006446145865923166
0,0.42515086449078293,28.60971416574137,2.866684252918134,10.445363047327085,61.545189297619785,0.39847436909182427
1,0.09814077088506794,27.211909053282277,0.6143852998915693,10.848050335383547,59.08746075741828,-1.2480079549340872
1,-0.6094623455958322,38.82036983286301,1.7099646889287712,11.133752553261976,71.11067098192228,-0.24586949940671682
1,0.7189746080495956,41.219149161001035,0.6320847692689464,13.35770526581091,73.82157578384708,0.22495086015669907
1,-1.2228014678668366,28.78173369894374,3.0979343487622972,10.38817514108713,55.868927441958604,-0.7635284839607109
0,-0.700497436586029,19.247256258946738,3.2021501749946797,9.583471782469942,44.8430184161714,0.2899851340057365
0,2.5887686235040954,35.7014658529333,1.98756442606547,14.837301460745437,76.97929126383391,0.21313181386420302
0,0.25150819629606946,34.64184979295433,1.820080973580371,10.339132521502021,66.39045287531592,-1.3768032610560679
0,1.2993548818513885,34.56996067568717,3.4862742293686857,13.510959462140855,69.77465782197714,1.2822401273672144
1,1.1247810973813614,33.2846814376346,2.957805153154859,13.63701294043817,68.98359931887,1.766709929018349
1,1.5962622985609287,30.45380221382274,4.16733399191863,14.522215450914988,69.9513804088695,-0.21227341013332318
0,-1.6774476772978724,29.07867366520841,1.4445060196982675,6.795395630039276,41.32764375948672,-0.8382485897588121
1,-1.2704365356355547,25.658361802591802,1.3528010749292592,7.691731361555818,46.09048272755753,0.9906368703270738
1,-0.10780220422320384,37.41877255624068,0.991311542022487,9.198567472579924,59.15835654702112,-0.1777973308894606
1,-0.35729164062385876,29.010677165647195,2.4016160672114792,12.796713127875703,59.16436888465004,-0.06735610205398473
0,0.5651214866679984,24.234716702998355,2.6546934164500335,12.338494199942652,58.21963953792594,-2.1267199815491296
0,0.19227921009850535,39.702675886408265,1.8929892466321134,10.497415640332955,67.59711583307698,1.9988736456945095
1,-0.4896694480073634,29.43523189573215,0.7130625790358716,10.581030045345873,52.06840176167236,-1.010566504873629
0,-1.6299481085508736,23.17638120467035,1.8507337922825737,8.607543721037448,46.586420585060075,0.45814549501165114
1,0.11630136581926474,34.143224908262255,2.79639415525123,13.986632405789914,77.32464623422895,0.04853305682775589
1,0.6031057212604742,34.55382443142435,1.6315192819993367,11.336264714773037,59.598149561871494,-0.5985481021635413
1,0.26296266186932643,31.98167136625763,3.2576083762540318,13.03362035304434,66.7243305505857,0.009357296997295532
0,-1.7030432068943786,26.811636844057123,3.7869918188230782,8.239134709393953,46.78427133719185,1.0561867497905442
1,-0.6543336937961874,19.018802362913462,3.0739392855031094,10.798704174187995,51.18980610469969,1.0676338874314089
1,0.9770942714404105,34.98567608466222,2.260550146928636,13.575244365423956,72.02019546505505,1.853295106907306
1,-1.7266598740060444,9.147614777868014,2.886675810050166,8.384712596806809,28.25964513478387,0.020994653510753247
1,-0.35418831359721564,24.868340156287577,1.7134890735828687,10.456998449395577,53.28491727264756,0.2670582747795807
0,0.9416497269969698,29.435492256809088,2.12919662070723,12.922895726437341,70.54192885055733,1.6288383758813227
0,-0.3598539462365866,25.887035335052303,2.706971524721518,9.875042726515762,54.39434310933221,-1.996693406274025
0,-1.3047748880480845,27.415150574596765,1.3251732463606167,7.4796763072877175,53.72400115290378,-0.5888102034931648
1,0.32714946839508546,32.338928697219,0.7789377438312353,13.371453466978283,72.13767527425526,0.9374461033351412
0,-0.4536916324788799,31.23361109100682,1.2046201583175753,8.002311185641716,48.45751417711248,0.49293251376955544
0,-0.36664200779019185,27.840848556104266,1.726179483167614,10.409953285842192,54.40073803315993,0.2686085444330229
0,-0.38257798178400676,19.07417674433814,1.9173249142684883,8.84296251766833,42.54767790708881,1.1462106201868338
0,1.3958351416277344,43.526592673954575,2.7617161756014754,13.241554413115633,84.1725522144626,2.082263935920435
0,-0.475437654590843,20.61895121560651,3.039872076614932,11.054928019935948,51.28610411549409,-0.4026421595638869
0,1.5091396221811342,29.09369388980577,2.7369080211710197,13.623388799514302,68.03393112576427,-0.03702826445235167
1,0.5762067020910754,23.63528927966101,2.530529320578743,12.988381083161585,60.119370930841555,-0.19847594627411003
0,0.3874315313370074,23.687269171879112,2.991192251365329,9.510079597058379,50.40527793964741,-1.2897418979396453
1,0.11177655586493006,30.47160107418742,3.5976467130608105,12.163996383730286,64.4631755684974,-0.35623491171332566
0,0.4551566904456701,31.46854655819482,1.9644407619155189,11.24120923159495,61.02399377276635,-0.2481408639497004
0,0.018678155297432917,33.80005679507122,2.9151182790503767,12.95557415970615,65.4434103920904,0.43453432752965604
0,1.119146091606634,34.323493322060735,1.8332122461692149,11.379275426553411,61.74969133834908,-0.865519402245118
0,0.1074580140474046,29.76466829112599,0.35061690180115557,8.586958349235605,49.25416856307626,-1.4938374596429442
1,1.610109695422739,44.119485868442425,1.7559083445751806,13.62777839747768,78.50061629051565,0.4348811311316866
0,1.1088193602656764,32.82343541794009,2.4991047670969557,11.125431207886695,64.9221456088088,-0.7220315687082145
1,0.532514350841501,31.02334688942214,3.563413389320273,13.55964944383713,69.00891279634037,-0.40707540211728965
1,0.4766013897296941,42.713624236790686,1.8557291943036955,12.36267102718933,78.65991912343627,-0.6470700640636637
1,1.4287020775653672,30.219355018882556,2.2502807676091963,14.009889400675345,72.72792324418019,1.007335815021511
1,0.08606426479461153,29.066878737761176,1.9269723592774815,12.7382765827948,59.93991433003735,0.1735594987274527
0,0.2121191351709771,34.7507549901148,2.595203580019132,11.335278167646155,69.81188692423325,-0.6196275739513872
1,-1.8472350839817937,28.313497906674954,1.2901725765963028,8.162243271919332,42.35807744097028,0.26925242635749025
1,0.27273243111250683,28.567355722321626,2.5404707567333045,12.856848617401452,60.630737132338595,0.37805474969259667
0,0.3164926370427592,24.06424239313781,3.394702899557124,11.431233724137542,60.25440006667776,0.6578193287126153
0,-1.4583711278273324,25.862015967150395,1.002771179206588,9.016249538319752,47.179364235798566,0.4389443185606368
0,1.8257849195672888,38.43255242278141,3.8482419257583658,14.072759471924304,83.35976155660639,1.3703721512167684
1,0.19486957531406737,33.337111186357156,2.3421056726202036,13.177401447862724,73.99807800200067,0.7227934208092524
0,-0.9658208942237967,21.3831684605142,3.0792072583980588,7.999592114113186,43.66270132708154,-1.3480003522180386
1,-0.5796495597301999,31.341912861760846,0.9462219089207238,8.872176933831446,48.93323898598727,0.25854335164254455
0,-1.3065466855210965,25.115479091782603,2.3912004755300686,7.280151174910929,47.458622156490854,0.44367057046215375
0,1.551388345017019,33.54153222932918,3.7236875326176806,14.01667784284957,74.21019349653767,1.5088328752059672
1,2.2502158881646963,26.31318239073756,1.6910089940733986,15.095892416144814,65.70771125893161,1.055929818167203
1,0.17588849301881598,25.09698386539079,0.5234146044040733,9.703458724950593,49.931413769499336,-0.15775748708623294
0,-1.3431025543687767,24.885983617135107,1.9072577675682838,7.930446688401967,49.86540237319155,1.8445475956551545
0,-0.4583848121635957,34.880854338828556,1.6492924012527361,9.708471349067468,59.65446565710424,0.5518368600493757
1,0.8599304586283985,47.516581908668314,2.327508771385305,15.420140309893979,88.58661120962299,1.028187185803275
1,0.3521368123294335,41.16422163481373,1.812182072814458,13.513391650687003,84.77014189988486,-1.1383690169190717
0,0.13386279996381978,33.30006763265484,2.8973154322721726,12.77135963991623,66.26064807651639,1.300492062131666
0,1.1617279069862974,34.62072452365238,3.1811113705951866,14.186278179806015,80.59490834511247,-1.9747888318167566
1,-1.1956446679859325,32.268438675318166,1.7646227093797329,10.736858490238625,62.07391449450195,2.2826708601808803
1,0.06017973685329546,36.15725081041591,1.7445115760579335,12.618194737981327,65.90658580150618,0.6843669565923165
1,0.20899166404152952,28.20154869103518,2.459844096130205,11.072967337804174,58.49917220520535,0.4919744453422925
0,-0.6988328439397784,20.82944576541927,1.490645023141181,7.772856960413757,34.895475152329965,-0.17168196220644463
1,-0.1535328333983228,33.63570434786885,2.0810639067296126,10.717643154803106,67.3902643199174,1.179273500063544
1,0.6284023051518611,29.562090700795324,3.2150577000935083,13.736606495638089,69.37798306394535,0.503491399739235
1,0.10295886209146227,37.16934628442223,3.538127762119548,12.601461384000054,72.48185696973898,-0.7021752701963268
0,0.5390509962744117,33.70254257637723,4.005917927018889,13.842177341720955,76.47809775291445,1.7699612387614294
0,0.610883394661434,37.53498880628419,2.421125134374036,9.939569148799283,75.61112876768227,-1.1528165155006214
0,0.04587509210142887,36.97097627661957,3.1473914539158,12.735321316627292,69.2850658754186,0.4297908625094029
0,-0.159672288812555,30.471722817431715,1.7921153825707261,7.334953304479445,48.97323267216226,-0.1304825353255434
1,1.2559383815495049,35.25513293031182,2.539084716103617,14.047255075088724,77.86225250810915,1.294366875531297
0,-0.3578000161177637,27.12916761381769,1.5886866774959612,8.943240109154488,50.058206219189316,-0.07417475762023695
0,-0.8807677618402537,18.79585317387854,1.218240449007912,8.906787837481815,39.0520473483466,-0.38218157758043403
1,0.24685223117146277,37.34453189572773,1.8137169840653091,13.614704585709566,76.79370686501005,-0.6144263669501918
1,0.21189003109738316,28.156489431730797,1.6142711763212292,11.343187560895688,60.38592783665376,-0.7750024528039829
0,-1.6121157567648234,32.048283577747654,1.1734322772099368,7.266913739121905,50.71490333705193,-0.34861215110373445
1,0.19862441049970322,41.535167263912804,2.011716259192838,11.846661525874858,75.26339576583675,-2.2376937389837677
0,0.7751874580349986,25.713426780918635,2.694351258880558,10.605065709568724,59.48838404260193,-1.240314264560757
0,0.9341138725728834,39.98397916195196,2.7977214090318974,13.149591020800239,76.5176290172688,-0.7054503330087253
1,-0.4998193893207937,28.92313405548096,2.4672992674161858,12.124045499466966,65.2166205539253,0.36569939186246014
0,0.10706760987271341,33.31092970872098,2.9763968817327284,10.734809934185991,66.9934428126752,-1.2983015064033339
0,0.8635887172962294,28.006114962243892,2.2847374140895855,13.522780118277643,69.5959397012183,-1.3660368155338443
1,-0.9626016876348208,22.621803939477566,3.0759590252069104,9.235013662478481,49.940956438596174,0.49517372737683296
0,0.9599959078727489,24.75771653274293,3.5785858922229874,13.427301061199783,57.45709890752965,-1.6294439257621447
1,-0.8697061689057052,28.777929536394925,2.0439608873004245,10.486521886307616,56.1836328377927,-0.25145143791008784
0,-2.349230468661268,24.217500649399447,2.1507142941668067,6.992676790100864,43.77196665602962,0.9542733807978703
1,1.7211572422750137,32.76427073239091,3.229708329889584,17.74874378541705,83.03349307858014,0.7118636398447222
0,-0.5487384046670475,29.143844247920093,2.301725445032165,10.630945208048384,57.014038381629796,-0.5326971302925458
1,0.9989256039713043,26.113593973009955,1.510425190106612,12.603740344857677,63.024162535694515,1.1017158918070686
1,0.9712994982224981,32.712070211118174,1.8637773718951538,14.813553205115262,76.42996016791496,-0.20678000765969834
0,-0.8749901590649363,31.041161517257642,2.1206819423808843,9.819899040523769,62.14453533167889,-0.28119679634628525
0,1.4678175117008583,39.296530060608944,2.5768001581691027,13.07927683234287,74.54055423760502,0.2208527406311705
1,0.001997658191737812,32.730578818234164,2.7752846569986778,11.692313236191854,65.01675032286364,0.13231207964020314
1,-1.493906297663836,31.88278344693166,0.6279741693878853,7.946102702467146,57.70448219324422,1.3163108695845962
1,-0.8367700837971608,36.84691677073637,3.1338701685824546,11.86974674526664,73.6204936214518,-0.7726413537928519
1,0.019823444387927262,39.72360512659408,1.8406040016850689,12.338435825838019,72.77898450692076,0.5569338619998216
0,-0.6202225710015834,25.323922835165902,2.385761666244229,9.124743066643141,51.98899645201966,-1.2032148647052392
1,-0.03337981837712339,29.50999838630009,1.863837824511797,10.013234583767591,55.75974823367088,-0.9614636901741486
0,-0.46392060713319216,20.38531034482248,0.6417731968715024,7.932040124296126,43.52901466969696,1.2734554933909716
0,-1.563764877378495,22.041138014511017,3.8207948085135692,10.198217780000364,50.46010575693195,-0.32168261452131236
0,1.3184652283903229,37.35534400157377,3.3837208546855364,13.460026568780943,76.3323179343161,-1.5931056819061755
1,0.11867388241924176,26.560308861037715,4.506158123440489,13.962363050246195,66.04734084308404,0.008275877488965267
0,1.332932231676136,32.57132039758176,2.0790117174148115,11.47120217520129,68.88656939926548,-1.006458529326013
1,0.40082783383438886,31.502970050948207,2.848152265655598,13.014577543412909,63.849154803240026,-2.341309031978848
1,-0.7967019606718143,33.928265682779035,0.8877261418812943,9.478037055101797,58.6804438858619,-0.9627244323097585
1,0.22986189268473606,33.40301383813058,3.0692473744233086,15.248047500915074,78.84102048493129,-0.21708950884050318
1,0.9892258764736395,33.71684652373268,3.7925795398054714,15.580862996478475,79.24930879354675,0.2737340360201505
1,-0.6425176673979818,33.16728922513867,2.0773842828654545,11.297733041475707,64.77281919627796,0.7232352046016648
0,-0.1271522224972537,27.5002585934215,3.355267093463909,11.685534114328211,53.6316465893982,-0.6264355291939282
0,-0.03563988070735839,38.04965907339243,2.3568850654707996,10.673102748182583,64.1019549636961,0.4815693941978455
1,0.2000104150933527,36.06863530927119,1.6331745760845038,10.385079702298802,67.40662382489418,-0.9238968743175883
1,-1.1837175413939105,31.529637279651443,2.164241271321951,8.081989926213204,54.43622066586557,0.2914682761964764
1,-1.4272257826523318,25.257173870890394,1.6880275444797308,10.072032231220389,57.005565166230255,1.3205402113000104
0,0.15852878589096275,37.168616157976444,3.2406491063499745,11.08350775125513,67.19582830317115,1.941114163083075
1,-0.41911857785332896,35.15085301465036,2.1264142532873604,11.31237899154761,69.31052067512363,-1.296650766317177
0,0.5887650594051481,34.194458640230216,2.0797251285331413,11.757401918734457,64.34965956064744,-0.878193121126759
1,-1.0216975546224842,29.37800690162419,2.33284365955742,10.272077647993118,55.74870016563019,0.4021006687666167
0,0.7096814930163122,35.125146964795334,3.7451026673868437,13.982336667177485,74.73245278814616,-0.4139071965578046
1,0.8317027449559801,35.23169323187112,1.1668701085981859,11.281374096330648,60.14498117775763,1.2539758894770998
1,1.4202189486188272,32.08294441341797,2.0019557516194992,14.123777955125673,71.0077821573466,-0.0982564055840501
1,0.7000889391318885,28.660164714614762,2.8639617722089614,13.146963485139914,62.8361349898388,-0.24816695609268785
1,0.33679212244950396,36.866577268566786,3.1693814528809607,14.901049215183479,77.25331134274182,-1.4974898206913794
1,-0.3204845965756576,30.985334358268354,1.3641120567914182,10.813175718956934,58.18755525867055,0.9260632008448053
1,-1.0579110514092542,29.200697890225406,0.5026325417606856,9.59445578537116,52.36059147217372,0.529254117283744
1,0.9354320862730255,23.555385518829397,2.78672508077858,14.197956985171887,63.26350492322265,0.7567012068384236
0,0.012409662439830988,31.532515303830834,1.0052011696457828,8.81017992657257,54.99371010322554,-0.9517721239933169
0,-1.516242104140176,21.269329758135843,3.060541947148399,8.094746391373173,45.8711672628194,0.3646773522990112
0,0.7416856254848698,30.952274019069915,3.5128146496752066,13.869923913049636,69.67622172101024,-0.641396406022846
0,1.0904772441270765,39.25173995966151,2.3401054439516664,10.73134263476739,71.69087750560574,-0.10743594569443936
1,-1.0735894511005988,25.909246134588464,1.7494931281594661,9.048408367194806,49.913025646231446,-1.8863259135271764
0,-0.07897980773444556,25.342331125178166,2.800620767846951,10.81500667113896,54.71139964227581,-1.1670491889783943
1,-0.7080996755106498,22.83905948684004,2.3734165063506896,9.58844865913657,50.07064840065819,0.28031280507993145
0,0.95138036094995,41.0589568803897,2.325780295473998,11.936528357267045,75.92125587806531,0.9018414603311209
0,-0.781341037339563,34.431390817537086,3.0534102408798933,9.730451058281819,62.97152960022676,-0.8128977792016053
1,1.277759383483145,31.31613977939645,2.1781771082291117,12.943582840425046,62.90547979809034,0.8823050136690932
0,0.1753111244235682,29.929219720764767,2.830861780420698,10.925808868055803,60.683110675377186,0.3946131869257218
0,-0.22919958883698346,28.00987801937965,2.1835117649007607,10.083861287289551,51.785984383262615,-0.541548048050655
0,-0.8385669373331335,35.90142059179592,2.798730737174916,11.40179988946953,65.90376736412477,-0.0314831961005147
1,0.38312281856892383,32.50975403688062,3.7511798467110866,15.022267587218673,77.8743387332784,-1.3061297512694605
0,-1.1021411771384446,30.286541889045726,2.843992990849194,9.561364383828682,54.79237782884022,-1.258403926324845
1,-0.013226693532711371,32.500019747049244,0.761511816576208,9.380775331167602,55.674510027566036,-0.7442679959194276
1,-0.31046414697011165,32.00777746064627,0.24889087912558905,10.026574062452477,58.907236454224396,1.9366252558977892
1,0.6633110736327725,35.63794255901313,2.763226694950776,12.706130153175232,73.5859968838183,-0.8666311718421484
1,1.4507273425072043,34.20340617819925,3.060935339375967,14.394357561601236,69.86221231151798,0.1341896397417289
1,-0.7153593585132174,25.54673426645239,2.4930034621666297,11.29556154779933,58.050649370378466,-0.14868351105509403
0,1.2180297224286263,26.67973513415587,1.994629532350773,12.145334485728775,59.91611151200978,-0.7228603522038225
1,0.6424899413351451,24.424482915033927,0.6679387001883366,10.677419632591292,57.42951997021642,0.5279730054582783
0,0.5145516526231093,33.775931522693696,2.20729480038575,11.43940087367825,63.576397159031806,0.18182658416640826
0,0.21639648647082946,31.538210464522457,2.424152633109663,10.937210840663822,64.98331793931575,-1.3710694289586995
0,-0.010300097633584282,28.96069261886976,2.0100146289218666,11.47539215350592,58.587220905144655,-0.04196317787290521
1,1.7939627980529274,32.95233243243598,2.125078537192533,15.066217230935292,77.38678988535204,1.7330910174336842
0,-0.20999718937917042,28.164905817271215,2.7424153894282677,10.567646308195375,61.024613270186734,-1.6175597355720988
0,-3.1644234613866375,8.707286879064473,2.2975396855254,5.901086295395796,23.59737708409491,-0.2922501183368352
1,0.3366406373325301,40.57605985979586,2.037825536100505,13.547186078341495,78.24577364428549,-0.778601044122931
0,0.30948320637127985,34.10612415927527,3.0166802118066447,12.426551708761851,68.25896944112006,-0.44399336805955475
0,0.9453475690058671,33.48610548095787,1.1289006838236095,11.76924891660898,68.11198883753472,0.47752298445531494
1,-0.6604868305542189,27.682376387321344,1.8853976582800729,8.988974331821609,56.17893286845073,-1.2019802018679244
0,1.0774165900972403,34.44987080830473,3.6908796703569995,12.215850014962445,68.25068551900871,-0.03617573787818846
1,-0.2036611081403828,28.63997051000217,2.1254099027044937,10.644260247674797,63.82794223658379,-0.5836073772536031
0,1.052391999473642,31.198635316145197,2.051215724324366,12.837445263693509,63.465586885363415,1.3588696522021637
0,1.6035092239949316,34.71514963676055,3.155951014699621,13.842522937433598,72.80254593658066,-1.044464574426767
0,-0.974058441039028,22.61131777614017,2.4253589857382867,8.773530691274075,44.555273073011634,1.0582872386952087
1,0.03667348151258466,33.19723852728582,3.9050598300043022,13.159884558968573,64.33664833109955,-0.4104918722668685
1,1.3711614662616676,41.12292197244157,2.600776410905608,15.242057900424342,86.2725516279711,0.954759825132113
1,1.6271894087134162,32.011288664998496,2.33733951119289,15.579096169645732,74.94400761297629,1.2683581985288082
1,-0.5900162165943538,28.577385758276503,2.2516616216752725,8.245249543737941,50.619245069645466,1.452974461474415
1,-0.25695893136361503,19.78674297752105,1.895215659086883,10.891974898006575,45.82949300490907,-0.4695493237948734
1,0.8567273704599581,29.920350872192795,1.6637847732141342,13.397691209709048,70.0169203626708,0.8754933330937013
0,-0.9263342885299246,21.40880494333439,1.7845700662026187,7.281083480688102,40.0219596349034,2.435752923330503
1,-0.5046131380235669,24.672516491625775,1.1035261437687385,10.36818470241577,49.57035198027206,1.768391112447113
0,0.343868972878555,37.75443364532691,2.8720520196780948,11.594909534842733,64.60854498264949,0.709362761240551
1,-0.10026477872847943,23.506078442160348,2.358105829914043,10.231816782429961,47.643196700628565,-1.894828680965094
0,0.35012592257183556,29.47978324509209,2.3527469876175577,11.374463780949636,60.81593224218788,-0.7379917343636361
0,-0.7115732161656244,33.88760029316253,1.6452243774546302,8.938550848495,57.90142560173381,0.6054360663622653
0,-0.47901869742283437,28.045661963798874,2.0334312957613143,9.070480717943898,53.392974586103264,-0.5850747488365721
0,0.7375708801583266,30.602721656244746,2.1887733492545864,12.720793904843564,59.82571898680436,1.7368500103654152
1,-0.7859897690193314,31.618461232758182,1.4949730526753306,9.004689036816554,59.293948770281375,-0.32006620214175846
0,-0.33099221419857083,22.340400837215025,3.261564313579073,9.146359989127843,49.62483059230289,-0.7458053657912337
1,-0.059374527560910315,35.0122495677409,2.9677985392427186,13.177938995427564,67.9059208323909,0.37250480237298317
1,-0.5191463700250188,34.2966128933525,2.6703110478608276,13.95025811086211,71.41743515891048,-0.4957709322951593
1,-0.20990949161059513,28.146498093014056,1.4088637567074398,11.666358822765151,59.0766388703895,-2.2487321277666235
0,-0.26880654618537114,28.769917881880225,2.9406630359079418,10.079669338342262,61.61920392331988,1.5923904066056056
1,1.1329586362514927,36.495251297951555,2.047521861167933,13.51362187346511,67.99437041838443,1.4871738650576074
0,-0.07024623240588998,37.59200722464307,2.6430615734003733,10.81920632223336,71.13257039109263,-0.49310681265709605
1,0.871300363993992,22.613149759982736,1.055064586508391,11.731485053480524,55.469846602742045,-1.6584720455333812
0,1.3102056759338172,30.207341751300405,2.8549933110335797,11.869530242271862,62.40251794793545,-0.871754566751837
0,2.1261291613129534,38.87244715254147,2.6078895793980834,13.628687617535487,75.32179445522489,0.5118411074635392
1,0.041816683446395254,20.079966124552406,2.2034196427830293,13.060045662111142,54.16361562181036,0.1044387142615869
1,1.1918521874754398,32.270854996061146,3.1360092544722082,14.960081111712997,78.5810728669994,0.6736559935273728
1,1.0649505344271493,26.746016351636584,3.3002533905141838,15.471648207911233,74.04236384833,0.721563536797822
1,-0.557475795101457,30.80943279649534,1.7512596669575253,10.26555545030573,64.40162500434103,0.45750505899895155
1,0.1632618015473999,33.647062512892866,2.4969917300602242,13.229532913499387,70.06229349751811,-1.2964552229871904
0,-0.7584807048410821,23.80776037414924,1.9772440819388115,9.004846725702222,42.71639348711143,-0.4515110942895451
0,-0.4621749071535102,32.0095924948111,1.852283154825317,10.208929564110875,56.59730757041836,0.9622728896268422
0,-1.3275820500270044,17.444651561600374,0.6576909149169685,6.398853004862278,32.50741691744395,1.2555320284503249
0,1.6832195489461552,25.678771263037948,1.0463498017129318,11.191342709061589,55.73850309338157,-0.8529737111144369
1,-0.2545473462753411,24.424459227640227,3.150918628675017,12.610703105085731,61.58115507548942,-0.40266983381130067
1,0.46333970753195053,25.408978078558324,2.7572894469228624,11.466601575762462,60.712329117906755,-1.007532006052254
1,-0.6282850629944744,27.446418697184374,2.626914702969134,11.053509491377914,58.72959406028405,-0.6604057683824411
0,0.4454726399562306,31.59508280869216,3.4353871955307715,12.518279642388173,65.62112901430702,1.5079754506847154
1,-1.36277894641305,29.74857409881782,1.3688685344345486,10.531053355062104,54.61761695720184,-0.06196236015997454
