received_intervention,socioeconomic_status,parental_edu_level,school_quality_score,baseline_test_score,student_motivation_level,weekly_physical_activity_hours,final_test_score,unrelated_random_variable
0,0.4967141530112327,high_school,79.59802926777054,77.27905882115817,4.1226888609333106,11.526594526561945,117.56819794050482,-0.07397286359437803
0,-0.13826430117118466,high_school,78.1644401906388,70.78111427453345,2.5590514269371734,10.098042764918004,102.69000388791683,-0.07566560432583026
0,0.6476885381006925,college_or_higher,69.48404751191121,68.65585527994467,2.845440893262154,11.638649927565963,106.40719502885473,1.9725421767898081
0,1.5230298564080254,college_or_higher,88.04514474753312,68.0865918381011,3.497300434071238,13.034997149547154,122.16773865250045,-1.385987942398998
1,-0.23415337472333597,high_school,64.4052534071575,68.71679632167846,2.8638523019800575,10.438254636731607,95.00704610052853,0.5055892418358746
1,-0.23413695694918055,high_school,65.22300351168471,66.58371291320634,2.63741756053818,10.215921416509511,103.42945850158226,1.4891131083282896
0,1.5792128155073915,college_or_higher,82.83015853387957,79.16241661773108,4.057109957965372,14.963282445726307,126.1739052454191,2.271449745422796
1,0.7674347291529088,college_or_higher,73.35439344313001,73.28337625753834,4.264244166856408,14.49961143640724,120.41231129032748,-0.40439742318396127
1,-0.4694743859349521,high_school,65.54786428037463,69.99949707756059,3.070725509033478,10.508024489005834,102.64217649301096,0.4914294527201998
0,0.5425600435859647,college_or_higher,71.27084985380446,63.96615373700585,4.682024064844209,13.299822682083937,105.75523508720516,0.5697603571986469
0,-0.46341769281246226,high_school,66.71810720077458,71.90466999537797,2.086648708693196,8.76341770318733,96.67913051631811,0.19548173155329082
1,-0.46572975357025687,high_school,65.09151191705175,64.05454846499552,2.8450724325762256,10.760383801232129,98.10551247688645,-0.09884520123930605
1,0.24196227156603412,high_school,71.2248824813283,80.73663746620704,2.926542143517756,14.138873336528208,118.84921413310823,0.4359753895000459
1,-1.913280244657798,below_high_school,46.32937924321403,50.609284050084035,1.5067707063415519,8.192426212037594,75.19618822596269,-2.5322460852196853
0,-1.7249178325130328,below_high_school,49.866965022028005,68.52715745959158,2.9338554513258406,5.953474626464926,85.98915153973209,0.6820694900626313
0,-0.5622875292409727,below_high_school,68.15408083671905,63.57393783803367,2.902601993293373,10.716086760488366,92.69772710208596,0.12617790366196718
0,-1.0128311203344238,below_high_school,62.37627473477767,55.37591837302674,4.210759794593705,10.779571446403805,87.94683900458139,-0.22247489677826537
0,0.3142473325952739,high_school,68.25469710195998,63.18403582459612,4.004649347643822,10.93956204335335,102.73610031720608,2.046862195719558
0,-0.9080240755212109,below_high_school,61.41642077193402,58.2174484650337,2.180650540536636,9.272083001499054,83.8154902510702,-0.6749340187905523
0,-1.4123037013352915,below_high_school,59.63389860350603,60.90764311813696,4.483274053067351,10.9877905390388,96.27164391646667,-0.4030759890650308
1,1.465648768921554,college_or_higher,76.30946128360868,75.98809226085626,4.4768269564202825,14.672862976454578,121.74068367069083,1.991553302204734
1,-0.22577630048653566,high_school,70.45903795703433,59.85521846999727,3.4656781627748927,11.239327156327564,97.76865873287655,-0.8320613048498566
0,0.06752820468792384,high_school,67.36216325215,65.16715887761274,3.3188127209201346,12.142112113218996,104.65908020160104,-0.5501152829365389
1,-1.4247481862134568,below_high_school,58.60551148083123,72.87215157921577,2.232448610621216,9.050607494043996,104.9416372511156,-0.14702542343084998
0,-0.5443827245251827,below_high_school,60.73987697203559,74.37088856807907,2.7022345791431577,9.933683700368054,103.90069489094715,0.8407344821295493
0,0.11092258970986608,high_school,62.08481539377607,68.60887863626756,4.370998895763349,12.108012987264779,109.43702543181337,0.2078025073533134
0,-1.1509935774223028,below_high_school,50.35235203636116,59.51105646006589,4.507669044747687,9.787958392410898,91.16603689501558,-1.2926253471522626
1,0.37569801834567196,high_school,73.99740491676363,67.7187093787562,4.734594822617751,12.924621003139807,114.1905292356391,-0.5321685631271895
1,-0.600638689918805,below_high_school,65.29222560941936,66.2914323595189,2.6089204625709805,11.698107322270994,99.03158453660669,-0.6073544332122114
1,-0.2916937497932768,high_school,62.56147937654519,56.381983294644776,2.104306053368791,11.743568179260153,93.1591906430246,-0.07722104522304557
0,-0.6017066122293969,below_high_school,67.1758961715929,60.1898311768896,3.112708997528963,9.717011344190693,89.86056009578225,0.4258436586298291
1,1.8522781845089378,college_or_higher,80.21518153374458,62.581302405401566,2.0852485075497187,14.613898209676549,107.18054542701509,0.4182057558879721
0,-0.013497224737933921,high_school,69.53462875938408,67.72707573454728,3.2585341713478253,9.53220543538484,98.79049022647223,-1.7760117540484022
1,-1.0577109289559004,below_high_school,53.36780971162871,64.24181693313969,2.881917930961065,10.101613192934273,95.40722917779878,1.063940987560856
1,0.822544912103189,college_or_higher,74.96626858202109,65.73041932442032,3.1271707985054062,14.255924877774305,109.44834253923278,0.2525688459966235
0,-1.2208436499710222,below_high_school,58.028556856871845,69.91368909317512,1.7242375461865636,7.387361387836999,91.88843275729997,1.3845320475939062
1,0.2088635950047554,high_school,67.7865691236278,57.46395833400739,3.9108800852557732,14.155681276763646,106.23806921420125,0.4441983272906719
1,-1.9596701238797756,below_high_school,48.48052104005312,44.95102521913238,2.573839328270471,7.409515097819429,69.89473249547817,1.1013229577357622
0,-1.3281860488984305,below_high_school,61.749603557087895,59.93023248542765,2.0640665314317697,8.311060255545765,86.67011154696495,0.46654531145012695
1,0.19686123586912352,high_school,69.08415301107549,73.3139942976307,1.2021902293746805,9.89158734916509,101.28838750990906,1.3462257562027482
0,0.7384665799954104,college_or_higher,81.56312636027981,80.47982674018212,3.477988075959491,12.944694497900462,118.72387630099043,0.5222506360177785
1,0.1713682811899705,high_school,66.06514853861161,62.64465156586727,4.917801277335795,13.520196612681337,109.3753430818739,-0.09791524644290406
1,-0.11564828238824053,high_school,71.49253806569402,71.97252442207787,4.329007371638296,13.28966829905392,116.82434480786443,2.2724347204468818
1,-0.3011036955892888,high_school,74.19680614739661,63.224922235548604,2.6343229947309825,11.196116230937324,101.94928908195607,0.8890371222798921
1,-1.4785219903674274,below_high_school,42.85655759568928,56.39899894857712,2.5182303517105753,8.008156579930116,78.39626438749035,0.5737444210044131
1,-0.7198442083947086,below_high_school,58.81708163870053,67.58639852043316,3.3750194048600193,11.587150464672487,102.32885722241075,-1.276304416538336
0,-0.4606387709597875,high_school,68.27897292630483,67.263066294095,2.2012916486493666,9.047259571556838,89.76030287102225,-1.2883076174635377
1,1.0571222262189157,college_or_higher,79.55599533197419,59.25086603220484,3.7414335198555726,13.150052821072862,100.71596157790967,0.2927154821418534
0,0.3436182895684614,high_school,75.29191226254116,77.05387389592359,4.112864222707753,14.319898329851375,124.68372690171036,0.1455211977682408
0,-1.763040155362734,below_high_school,49.34967251279356,65.84543870221849,3.9815465791074462,9.389614734572023,93.25715125857366,-0.6141225650083162
0,0.324083969394795,high_school,73.67378863131245,62.24148093640727,3.4198767388160376,10.613454081605026,98.42548505645948,0.14098269961206
0,-0.38508228041631654,high_school,65.37079101887645,65.84521333198029,2.8370609998584273,10.650272735451285,97.65400234646943,1.5886269280435958
1,-0.6769220003059587,below_high_school,69.06969030523945,65.07360130244938,2.297613930594751,9.973217888727492,96.18502231361495,0.6954024745502987
0,0.6116762888408679,college_or_higher,77.38886710491474,69.8830978049717,2.838495716768112,12.321241577252588,104.55654871356481,-1.1410085097527383
1,1.030999522495951,college_or_higher,81.99800853533552,66.30286153556182,3.3188168864787784,14.795677348707219,112.72304826900495,-0.1115088271429437
0,0.9312801191161986,college_or_higher,77.25341636054965,64.95503702001463,3.7938924054529424,13.060297120747814,97.75834915111734,-0.8049664808525608
0,-0.8392175232226385,below_high_school,59.16979364741115,60.625033886946696,3.7308677009865994,8.900591892739484,88.6801594773445,-0.38769991640856116
1,-0.3092123758512146,high_school,64.74508530238975,71.66304125555948,2.357456839455724,10.168860120590987,97.80125479312535,-0.41361566562964275
0,0.33126343140356396,high_school,75.28489502592711,70.46151823917884,4.694150855167617,12.100268667054554,114.02746270766919,-0.4776455826040052
0,0.9755451271223592,college_or_higher,77.65052886712228,67.28342531100905,3.283101119165945,12.140502821141963,108.39172611946691,-1.2551353719733949
1,-0.47917423784528995,high_school,66.65713190602916,68.00601978531196,2.982906164521251,11.133241880101169,103.63820155001152,-0.12765468151819012
0,-0.18565897666381712,high_school,78.52041422658903,44.13190677227039,2.4022306566817413,9.853556782568365,79.06498504999314,-0.56060763684731
1,-1.1063349740060282,below_high_school,63.29227377709818,67.50968503257458,1.0606077917816465,9.235649526983805,90.41413721973777,-2.929448690002268
0,-1.1962066240806708,below_high_school,56.40781609835409,46.84097042814995,3.7072363170888396,10.479116077803699,84.09849122609295,2.052972024501663
0,0.812525822394198,college_or_higher,84.1313278347617,66.52554252214907,4.089475117673946,13.116881978098496,111.74750565860327,1.088769654216672
1,1.356240028570823,college_or_higher,81.52202342060048,63.94351088047111,3.2749379543054293,15.169816077865981,110.64394088184038,-0.37630072492499606
0,-0.07201012158033385,high_school,59.08927610830739,55.57717906205199,3.0535925737798975,10.78900779237172,92.22321398255278,0.018819049740598424
0,1.0035328978920242,college_or_higher,74.99489742433322,78.14345200110975,3.9127513741632796,13.857247588304595,118.79090389608169,-1.1716543473175618
0,0.36163602504763415,high_school,64.26240064534707,63.534271716054924,2.249963314490766,10.631499989347505,93.37625942599439,1.6957228778108653
0,-0.6451197546051243,below_high_school,61.79123503374222,64.19992839908939,2.576757858122964,9.925970824637519,92.13381642363464,1.8972886947731116
1,0.36139560550841393,high_school,73.7060479510319,66.47853397538779,4.135411743697462,14.217974153452843,109.7845100155151,0.1566937282465246
0,1.5380365664659692,college_or_higher,93.7625522260361,76.02946862289168,2.4965684614646007,12.754774807845141,113.15010585296093,1.0235306441853447
1,-0.03582603910995154,high_school,71.2763764777213,65.35862304187202,3.2348463457333034,13.167112906197055,109.39322407465028,0.17528677893392386
1,1.5646436558140062,college_or_higher,84.55093391409575,63.84227270975005,2.414734556301276,15.593590661733561,110.58588840182604,-1.3367254388759306
0,-2.6197451040897444,below_high_school,47.94957686502,58.87514221568126,3.373143985946821,5.403090271695259,76.79489195995316,-0.4118233689636573
1,0.8219025043752238,college_or_higher,67.16334849871282,65.65321643974693,3.471486814162013,13.60614846827569,106.66594719264978,0.13192796677195706
0,0.08704706823817122,high_school,72.04854347292454,54.5391620505726,2.2078945472755924,11.182642406635027,82.61171277250155,-0.4545477187434442
1,-0.29900735046586746,high_school,70.86425246477616,60.508157120909274,3.9317914835657373,12.230820964813237,100.0601875868495,-0.218653277435036
0,0.0917607765355023,high_school,63.52467653645582,75.9641224171177,2.9123267385615605,11.716714430241305,105.90348690224025,-0.09139955750911445
1,-1.9875689146008928,below_high_school,55.84308107002572,61.01370762178999,2.351798050388495,10.256111616530104,89.76599133502128,-0.08087849786546131
0,-0.21967188783751193,high_school,69.49576315909695,61.46107561995743,3.1604553577847545,9.887658579791403,88.63722661898252,0.05225849049748321
0,0.3571125715117464,high_school,71.49468614561346,64.34075892732973,4.418909879542972,11.264486465028895,107.66554357709136,-1.060605066396601
1,1.477894044741516,college_or_higher,87.94284977794659,70.1380248651859,2.6873425448172825,15.267676187468306,119.98407566463497,-0.7170161491279362
1,-0.5182702182736474,below_high_school,76.17076210628551,76.94588479355765,3.049343879878377,12.39217038693265,114.98078655578148,-1.2845842656999693
0,-0.8084936028931876,below_high_school,62.824395246360595,63.63108015115493,3.3430532002644586,9.372055544345047,96.78145837929723,0.9778155496862003
0,-0.5017570435845365,below_high_school,66.22353249565631,65.5015063124148,3.5544844858105153,11.855389311375458,99.31735590974026,-2.1056469418403245
1,0.9154021177020741,college_or_higher,76.85721667931952,76.78899476673327,3.64115324422178,12.990280806173262,120.26106382613146,1.1535903433169254
1,0.32875110965968446,high_school,69.03828924927288,68.31527966148403,3.206377728733342,13.403061932971456,110.19758239723865,1.3863493972628433
1,-0.5297602037670388,below_high_school,68.85407704505084,60.53790396041988,2.3379278234810243,10.112544984627911,92.04812846804326,-0.3021805869826214
1,0.5132674331133561,college_or_higher,70.85225520158922,66.19188822197194,3.5689151064370996,15.087023901106473,116.32136971049779,-2.6031370878272986
1,0.09707754934804039,high_school,71.32860667957736,64.98417893084175,2.6422887904115147,14.018393043498259,108.94742229314905,-0.3613105619672905
1,0.9686449905328892,college_or_higher,77.2981626715033,69.58266929709555,1.162919613204314,11.681554722154601,105.37842537954818,-0.06418416128881928
0,-0.7020530938773524,below_high_school,65.37436818995843,66.5831413360721,3.3492478433261343,9.345479907434221,91.12481789400789,-1.0105982199289134
0,-0.3276621465977682,high_school,68.39168906045705,63.725310467662254,3.723147872868956,11.76619741840117,97.5039430330266,-0.5152183938082427
1,-0.39210815313215763,high_school,71.26661818996791,68.16793977484826,1.1096540515665292,9.675761271263866,95.821165991511,1.5301951988633513
1,-1.4635149481321186,below_high_school,52.81476852440508,57.11740919857933,2.19221543623205,8.353827135075479,81.89864243141967,0.664927162301741
0,0.29612027706457605,high_school,71.6118280941789,67.03104771753551,3.9953234088041585,12.246418967891545,102.75316825175169,-0.9245641143780999
0,0.26105527217988933,high_school,67.71673414288736,52.317871569174685,5.145996375769359,10.974543559832034,97.05302341004655,-1.5975991695954321
1,0.00511345664246089,high_school,67.82966826604405,71.43986100612968,3.5166349661403262,12.398623825083918,114.80158137976295,-0.3270173176097711
1,-0.23458713337514692,high_school,69.5406311314728,66.2524836644102,2.4175976470166924,10.569501200060099,100.41370247015695,-0.21345677935043825
0,-1.4153707420504142,below_high_school,59.63123566272262,64.90921705876549,2.853682847116128,7.64832912535364,88.6171669060962,0.4961991873633163
0,-0.42064532276535904,high_school,61.18272015145829,42.622985738817384,4.099901135318548,12.151720935148528,79.84622008718839,-0.535316712567659
0,-0.3427145165267695,high_school,70.92088443526062,77.90505035083125,2.483228656700372,8.762048478053917,102.39562826417557,0.5114995753618614
0,-0.8022772692216189,below_high_school,68.75541660180856,60.01148625680569,2.3606463946797973,9.936077228749815,89.72502025124483,1.9351540400602292
0,-0.16128571166600914,high_school,70.4543173994584,71.95085115883258,2.613805182254374,10.092868517945599,103.79707451549093,0.8155010224442626
0,0.4040508568145384,high_school,83.42448763093572,59.740912794193974,2.73733711339303,11.687410188987183,92.32775786741212,-0.048088507330772585
1,1.8861859012105302,college_or_higher,84.99291301658744,78.72034684149064,3.5981362527958365,16.947805400933547,132.80280444670322,-0.18315047105329468
0,0.17457781283183896,high_school,65.5225046117613,58.4989801219436,4.7997427667756485,12.717837457825233,99.20257928394695,-0.35667313417987123
1,0.25755039072276437,high_school,63.68190266270625,61.92136922874319,3.7584634184928234,13.347804451233248,97.92467035968187,1.1806409124521446
1,-0.07444591576616721,high_school,76.73576239978425,78.02598989823666,2.79811719829897,13.131797665512,115.18424260020073,-0.6273134459513029
0,-1.9187712152990415,below_high_school,54.084116128779876,54.07136711816137,2.766550984867565,6.707981388201161,73.07032849120523,0.04522270899998256
1,-0.026513875449216878,high_school,69.45693789095556,66.38946073501198,1.7494473530426742,10.420397229300344,103.27957929603703,0.05119790188108534
0,0.06023020994102644,high_school,72.00214523100937,71.3916251645264,4.206487821717728,10.970492307278391,109.02958764775977,-0.501784192811532
1,2.463242112485286,college_or_higher,89.00497588836099,80.78598377823467,3.437730242389758,16.269885627078832,128.7368883138499,-1.3724655478841008
0,-0.19236096478112252,high_school,80.30515025027292,65.09112751209942,2.8556160691274997,13.960303345952687,107.91174019869614,0.32297450361766816
1,0.30154734233361247,high_school,73.66157933321226,69.06246372893163,6.054486054275889,16.42366840431853,117.63315604512339,-0.06100397185538355
1,-0.03471176970524331,high_school,70.19985627597202,81.6503502481417,3.239002326692549,10.898052654386756,119.56640010044151,0.5002404694365699
0,-1.168678037619532,below_high_school,61.942052743298134,58.75327823266724,2.3985671599238527,6.940481351931121,78.74480633408271,-0.5336003064391669
0,1.1428228145150205,college_or_higher,83.83327430383376,72.12180739957988,3.1589139230355654,13.914895137111163,115.25289316722666,1.2208212988130478
1,0.7519330326867741,college_or_higher,78.63875044826341,76.11424593548715,4.418756567357404,15.342107122707223,128.8365206885899,-0.8767737812118448
1,0.7910319470430469,college_or_higher,73.9579471932039,76.69384126592112,3.5906163284302117,14.5058221782863,118.15080725077722,1.7120402840178925
0,-0.9093874547947389,below_high_school,63.263467237732584,68.76227486494896,1.8493776173461065,8.02363848001771,88.2107220070517,-1.7476365098282616
1,1.4027943109360992,college_or_higher,93.43806559173616,76.4850831088848,4.235383147660163,16.238947004116188,126.67122250250291,0.43477006455689116
0,-1.4018510627922809,below_high_school,62.70858960285208,49.98971029692521,2.4654847315688047,8.332920195368583,77.83441084849265,0.47543068252662346
1,0.5868570938002703,college_or_higher,83.83450407119969,79.36830619510903,4.998638220974037,15.35681442733295,124.41952500316823,-0.7955570679408823
0,2.1904556258099785,college_or_higher,89.34847787594386,67.92786037791907,4.364038452571719,14.025037721822,106.34904665425024,0.4243939378610126
1,-0.9905363251306883,below_high_school,55.14661264740022,62.16576663101979,2.642142483472999,9.355440500877185,89.12985982246045,1.2795186697601588
0,-0.5662977296027719,below_high_school,63.70808810347404,56.88858040185063,4.024813089388091,9.704401848019703,90.07371242329569,-2.2168188393540644
0,0.09965136508764122,high_school,71.27513821231989,65.04928839928726,3.5542844084219225,11.731872903893509,105.56901830534517,0.5027448074908146
0,-0.5034756541161992,below_high_school,70.43620105119274,64.78395860154336,3.6822189400977754,13.697630726066969,104.67079498719758,-2.4932708203300775
0,-1.5506634310661327,below_high_school,46.031042540764574,59.49618335282125,3.38778625383558,8.053267648981798,82.99688719362467,-0.965664803523208
1,0.06856297480602733,high_school,78.33338134536335,68.29626015367714,2.822914676007301,12.164315584110652,109.3354003408601,1.6291663649009451
0,-1.0623037137261049,below_high_school,58.586923369844,70.98446031478001,2.4851601341460303,9.24582020719712,92.70036917952959,-0.581782033392054
1,0.4735924306351816,high_school,72.60151895661473,70.54270226377376,4.323968654064929,14.482327404244664,115.31526791539444,-1.1738799644089726
0,-0.9194242342338032,below_high_school,55.74523578136113,58.693782381796446,2.732179734314767,9.013963715621008,86.46728093445657,-0.19793772898468187
0,1.5499344050175394,college_or_higher,77.22506069084655,79.4982822031062,3.1770812294064026,14.33467021880943,125.62490886484093,2.067906338163552
0,-0.7832532923362371,below_high_school,66.2833199964472,69.4100269607913,2.2359019365205177,10.98455117536396,99.74443337349926,-1.8316822472060261
0,-0.3220615162056756,high_school,67.14597467388526,54.79643771301267,3.338879252474769,9.414421426039649,85.07203861271124,-1.0513099116393445
0,0.8135172173696698,college_or_higher,71.68536767499143,73.24938657579736,5.150019935394516,14.398192234931145,112.63169669707139,1.4974316831796264
0,-1.2308643164339552,below_high_school,51.21596297534237,63.75388761400651,2.145973668596582,6.504899479011912,81.31979328696913,1.8577023435377324
0,0.22745993460412942,high_school,70.59567584959066,64.05435514950071,3.5193755653382066,12.24198679299854,103.68973381468044,-0.10343122429028392
0,1.307142754282428,college_or_higher,91.41653516927124,81.16566146459347,4.629776444332343,14.316675533866984,125.26620022321246,-1.2390527025266425
1,-1.6074832345612275,below_high_school,52.6272108975697,55.91219471796617,2.936286887003428,8.3517983890343,81.52291013127947,2.095843501809159
1,0.1846338585323042,high_school,64.33062381973251,66.80220446696232,3.8618974369997874,12.487910014147007,107.80692250506837,1.5944423917491968
0,0.25988279424842353,high_school,71.3701126220545,65.08791120125503,2.650085177482496,12.054214683806064,100.6238908061804,0.678946987762233
0,0.7818228717773104,college_or_higher,76.45461086903475,69.01816769195683,3.842645677766119,13.988035837273012,113.49544288698208,-0.81240234893742
1,-1.236950710878082,below_high_school,44.14605967651132,51.14132083734317,2.850284587996361,7.586387211459149,71.8345589893734,-0.049029340838036735
1,-1.3204566130842763,below_high_school,56.52395953656818,48.31736075641856,3.7885839965438906,10.131314365436957,79.31985967613454,-0.16036008104483077
1,0.5219415656168976,college_or_higher,74.06474300512559,78.77124327065928,4.449908841251801,13.536496716933895,124.46626900253342,0.33085130461557777
0,0.29698467323318606,high_school,76.45087855639895,60.556193927937635,5.571650913614891,12.466836757886306,103.20158904055283,1.451001438131336
1,0.25049285034587654,high_school,81.7497089781855,59.31271780553523,3.9637065385708605,13.617172904860409,100.79469875661134,0.8794170411374032
1,0.3464482094969757,high_school,79.09730724270854,51.65851025225887,3.760637053265733,13.374564530537658,94.69718344005162,-1.0773760769847582
1,-0.6800247215784908,below_high_school,61.85530933144094,57.127144158281034,3.155507441261869,13.22385082355933,98.60349136503105,1.3764964500195378
1,0.23225369716100355,high_school,66.78990742790168,56.899639931952535,3.2174669657514494,12.894809315098446,90.59544149202364,0.3131321400131553
0,0.29307247329868125,high_school,85.79752374923612,77.95946848744799,3.770787074769353,11.368497056471075,118.4397266160829,0.6870657958589163
0,-0.7143514180263678,below_high_school,63.15257798980876,68.4969625352666,2.7636788718887764,8.732270865790966,94.50174942959659,1.466540859278603
1,1.8657745111447566,college_or_higher,88.7273915710123,69.51182013947971,3.6347687810156915,17.3642296655097,125.05176843500226,-1.1115802495135512
1,0.4738329209117875,high_school,74.61770377356787,83.1362152419691,4.554078028486368,16.373339765705097,137.79955308819825,-0.035825578706462934
0,-1.1913034972026486,below_high_school,59.07738883181279,65.91584092292791,2.194765947776287,6.336743641769738,81.2775853256365,-0.531454551359215
0,0.6565536086338297,college_or_higher,75.84373402671858,66.00894835860879,4.411902848903236,11.426615008270218,102.1281934965187,-1.5678594253654559
0,-0.9746816702273214,below_high_school,57.3848732633256,42.630751644748386,4.053692053871893,11.521139976294595,77.20042177229257,0.3467099776049199
0,0.787084603742452,college_or_higher,75.13655133122255,84.97202102684744,3.405545178407137,13.05150479227142,123.55643827619103,2.5115565515844236
1,1.158595579007404,college_or_higher,81.42218943899405,61.065970627691854,1.8025160807931242,12.582722973218942,104.76434228741802,-1.8400777445057528
1,-0.8206823183517105,below_high_school,59.076052960814074,49.378797179543206,2.513742410324454,10.468402184895137,78.03756278258973,-0.032280611049470324
0,0.9633761292443218,college_or_higher,76.06953237905739,76.97487367028909,4.537595637248888,11.242869583601584,113.6599380731707,0.6405429350747734
0,0.4127809269364983,high_school,74.65996040782447,84.1421714790574,3.4817055501608944,12.140909357521847,123.06530621747082,0.12307820165618115
0,0.82206015999449,college_or_higher,76.94571551284062,78.80021052954608,2.7005582141640714,12.56864375980811,113.9610523294628,-0.1131280525157404
0,1.8967929826539474,college_or_higher,96.48789476945292,78.43132875363627,3.096180063017426,16.070798402405337,127.23634114117527,-1.2992163634458243
1,-0.2453881160028705,high_school,54.29126979800624,67.93633981164265,3.6724960212036426,10.470582180566383,102.40817143335134,0.23278674294016363
1,-0.7537361643574896,below_high_school,67.9201726160374,67.2052280896747,3.4373868545611037,11.301001029317877,101.24835151291565,-0.7567639770159263
1,-0.8895144296255233,below_high_school,67.33528166623292,65.86492798037973,2.8088543206642447,9.55415126934517,95.13606819247555,-2.1899217049785533
0,-0.8158102849654383,below_high_school,51.47494598830487,62.88928854295844,2.70654047054825,8.770648004080005,87.85299895932633,1.1945922205137307
1,-0.0771017094141042,high_school,67.51554493545721,65.34389918059262,2.6865934807649423,10.714053144900637,94.04845563321612,0.9583858198420424
1,0.3411519748166439,high_school,71.55431541818749,66.26760797878656,2.762071852401198,12.091000375895078,104.65900816346937,0.0516609768510798
1,0.27669079933001905,high_school,65.72934951971109,61.10570187458335,4.792300551575553,12.739528721450798,108.21168316530276,0.22907468820570256
0,0.8271832490360238,college_or_higher,74.38274905240586,67.1711907071127,3.242143624630928,13.20476346770273,108.32562207608164,1.0743180127155614
0,0.01300189187790702,high_school,64.57713969144993,53.21431176002183,4.473726816660397,12.68579239237434,94.2680917786879,0.2243396567780826
0,1.4535340771573169,college_or_higher,93.29669298869129,71.57929299822334,4.717052841537961,15.384157468443494,123.73657587923911,0.9040175547613144
0,-0.2646568332379561,high_school,72.03182363335775,56.756578083753794,3.7986487185183684,11.281762901585676,88.69433343497062,-0.29748220087385013
0,2.720169166589619,college_or_higher,103.55946714086699,70.8757206124377,3.1547037498255612,15.333398692154681,125.4198039560851,1.3119837385739466
0,0.6256673477650062,college_or_higher,79.86503379786625,69.38759579689938,3.8229840722692874,12.690463321349466,110.60196842919936,0.3207857259326839
0,-0.8571575564162826,below_high_school,55.78316557975103,70.45822822233077,2.980643514887267,8.837732139231196,102.56400043969998,0.19405194360587402
1,-1.0708924980611123,below_high_school,56.66847368799001,66.07375375171063,2.2770385114158973,11.869508837470525,97.8789678389052,-1.270061088712032
0,0.4824724152431853,high_school,77.27159695857145,56.41885785085369,3.7594874253772823,11.482911385321014,99.1166680269446,0.2869558543017087
0,-0.2234627853258509,high_school,61.65473310228177,56.955289117378385,2.056768167072158,10.857134249535477,91.09023012460709,-0.8319549174944512
1,0.714000494092092,college_or_higher,80.70499709178286,75.15540078637798,4.4501435107692515,15.86322417780849,126.92574726027416,-0.6382827265284942
1,0.47323762457354485,high_school,73.53074925494478,60.48877636809956,3.1283061621612855,13.369675233826722,102.58130468610432,-0.8153756283161211
1,-0.07282891265687277,high_school,67.39760683568329,63.06342338673646,3.160927724698271,13.747999636752606,103.86376172132428,-1.066234931899225
1,-0.846793718068405,below_high_school,65.08686266033341,64.61639610282984,3.226630297236914,11.137562266310457,102.3382956080109,2.1247714030169615
1,-1.5148472246858646,below_high_school,57.072844310571554,50.64735269252523,2.7928760210367383,9.404831390997101,79.16419347081134,1.3313390619884031
1,-0.4465149520670211,high_school,63.73001965023439,63.505053782686616,3.46935504118022,11.439091934337817,93.28168971656665,1.9203675021442612
0,0.8563987943234723,college_or_higher,84.36063696005596,59.94381550718994,3.1200770747019804,14.22226058166822,100.38652085028231,-1.222895019555564
0,0.21409374413020396,high_school,66.73562080330255,61.860895212992524,4.197037837965795,13.112021160543955,102.6379487317782,0.07125374991089249
0,-1.245738778711988,below_high_school,60.622290247601434,61.00977964543782,1.9232162558026011,7.075402061457959,82.83688830525695,-1.2935076252040958
0,0.173180925851182,high_school,74.69731554835374,54.71494849453423,3.6011036636371294,10.556272902505397,88.78625735702575,-0.695694877197064
0,0.3853173797288368,high_school,72.30544160071841,70.00991006436698,5.051143199246628,13.031182071630822,116.45303651539112,-0.9181269834165748
1,-0.883857436201133,below_high_school,62.79209074919926,60.44324822650757,2.1997349403155404,8.97356777101305,81.64659827143225,1.2395840064415615
1,0.1537251059455279,high_school,65.28168317752876,69.63605521064768,2.9578040235801186,11.997390462043471,107.13992183310252,-0.39622967810175985
1,0.058208718445999896,high_school,75.2022222804945,66.85844253068262,3.911126279727132,14.41376335015957,106.13151978006081,1.0683793336940164
0,-1.142970297830623,below_high_school,57.645786339478825,68.83413152066379,3.1436654255516783,8.22546455558256,96.75023716718783,0.604120889588518
1,0.3577873603482833,high_school,70.96425850088764,67.66550832027677,3.780504079418847,13.26647384779031,109.27734550299937,2.303638752104789
1,0.5607845263682344,college_or_higher,80.8528913928668,64.7980838439644,3.891349704118131,14.254923857298591,111.12977613288834,-1.479444223139724
0,1.083051243175277,college_or_higher,77.30879397903897,71.27133873710237,4.007777174849416,14.544669185799682,114.67195389328789,1.259233239786799
1,1.053802052034903,college_or_higher,73.49571403853122,74.07209646342923,4.3877598735649785,12.718807344846294,120.25858331446352,1.1464408704007276
0,-1.377669367957091,below_high_school,48.44016045280957,58.45367365249447,3.32785492554281,7.411087616373795,84.89835064595552,-0.9733788380270346
0,-0.9378250399151228,below_high_school,63.65179935757697,60.59501663885156,2.806993876305166,9.23273120132977,90.42213229849855,1.0071333364731596
1,0.5150352672086598,college_or_higher,68.74820590960519,62.66123452139601,4.038058960962185,14.840489321489859,108.61148302391217,0.3361449630262288
0,0.5137859509122088,college_or_higher,83.91183041904392,62.9286233317044,5.0199055479161725,13.490292438147241,109.05768265849814,-0.22747625995340778
0,0.5150476863060479,college_or_higher,64.74082982364186,57.757001528932385,3.3938930028939414,9.848174716914444,87.90788223987387,-0.8239354869719996
1,3.852731490654721,college_or_higher,117.0095967479974,96.51069465558218,2.7203765562634867,20.625589764358878,163.35546656916233,-0.7191094514491859
1,0.570890510693167,college_or_higher,76.76399244294475,59.14740990572684,4.385664535429578,13.76770462770502,108.58159934722565,2.049812095785926
0,1.135565640180599,college_or_higher,80.87209084245403,65.82749181633164,3.4036950688371213,12.280242398372936,108.63431358894758,0.000682818957482628
0,0.9540017634932023,college_or_higher,76.81542220088728,64.74115795848162,1.761864363188771,11.056919856121961,96.28671151636591,0.7821300015314592
0,0.651391251305798,college_or_higher,78.50959308481833,74.52142689514008,4.177937341720337,13.060391046920035,117.66051977095148,-0.7908993816675531
1,-0.3152692446403456,high_school,66.65913404147231,61.35900602875408,2.571737451236862,10.512698131564374,89.74038383092012,-0.7798529462216388
0,0.7589692204932674,college_or_higher,83.10620161501528,77.52904061118247,3.427573374156671,10.830256553716932,114.86716210327921,1.0819848092499422
0,-0.7728252145375718,below_high_school,62.84288609793448,56.42143955760506,3.2655842644552115,10.492440091541669,89.86062274722262,-1.3495762115515322
1,-0.23681860674000887,high_school,68.3833227399093,65.76886610186656,3.152399743823253,13.060733063222777,99.80716671117116,-0.41521376790527154
1,-0.48536354782910346,high_school,63.32830346063968,56.725752888036176,3.5675614537112317,12.143941005596819,90.76900889728225,0.03402741107223205
0,0.08187413938632256,high_school,70.53401327525788,80.42541459134533,3.1516109035441255,10.033114925252862,111.60047093508369,0.11137260184005242
1,2.3146585666735087,college_or_higher,94.68559451119539,68.26010390016096,3.9104846385408663,17.333163752455206,122.67431911303187,-0.17909328501615626
1,-1.867265192591748,below_high_school,42.776506110799396,57.83241900863045,2.792362657932866,7.7652963277691835,77.3483499609102,0.3958197810959231
0,0.6862601903745135,college_or_higher,70.12167479321657,72.86773911839727,4.091048384710002,13.40710712255251,116.61617816214601,0.6928557558178116
0,-1.6127158711896517,below_high_school,57.58916175821706,59.83301432621223,3.492293987210443,8.922559959612812,87.92469184020038,0.73463754545933
1,-0.47193186578943347,high_school,66.13500853274537,61.343327058908876,2.2516490383643237,9.865998059866083,90.72072038722006,-0.9858038086678267
0,1.088950596967366,college_or_higher,79.96958928791027,69.53600808670284,4.368785692940026,14.208929470612144,113.04996419716629,-0.2841550979287972
1,0.06428001909546277,high_school,70.7349698562816,65.62808039933108,3.0712292439087614,12.747432321199526,107.94881156604575,1.1947628618769377
0,-1.0777447779293061,below_high_school,60.96046074751529,58.582262098954054,3.6464462386249163,10.804385183528506,96.56463584388788,0.8946471875738723
0,-0.7153037092599682,below_high_school,60.14816450585351,68.17063527126453,3.2938298507210724,10.274023081804305,98.29183378438094,-1.372859451481064
0,0.6795977489346758,college_or_higher,72.90445386233519,83.87164975581284,4.970546941436098,14.430113557043171,128.56890422370213,0.35147990035220167
0,-0.7303666317171367,below_high_school,63.675559958317045,57.44572434635948,2.8212272141025183,9.429036449551523,87.75760612831702,-1.9782252493748103
0,0.21645858958197486,high_school,67.27272200774459,56.493672090856336,3.220546563105442,12.67522038044805,94.21638671512437,0.04693490206036963
0,0.045571839903813784,high_school,72.49698217761049,64.6098848610603,3.484464315289814,11.890541116927595,101.37433819753718,1.897767016745977
1,-0.6516003476058171,below_high_school,54.971078502752626,79.79996362555114,2.75745617373258,9.3160304325414,110.81239536063312,-0.9478927172689863
1,2.1439440893253257,college_or_higher,96.58521907988147,70.09399847083851,4.13995352155364,18.960509875350162,123.94742465860932,-0.8343230454915821
1,0.6339190223180112,college_or_higher,78.70217763524532,79.64341274969853,2.2069515132507296,13.549451898378896,124.40414489591885,0.7640297815728595
1,-2.025142586657607,below_high_school,51.02872280499331,66.61819276524704,2.157054064682917,6.996321490881106,87.1633097426229,-1.542801515209646
0,0.18645431476942764,high_school,76.77799806742185,62.05715388189117,2.6457576627366457,10.755694538315307,94.20763240784385,-0.6327550298850391
1,-0.661786464768388,below_high_school,71.709507574629,65.673949230455,3.7602460735788608,12.09756808558272,103.14767756163255,0.5964411375817527
0,0.852433334796224,college_or_higher,83.59618367305289,80.66094303588088,4.86849069806554,14.816436539566997,128.4228640089053,-0.6342858476894031
1,-0.7925207384327007,below_high_school,52.870421459014764,58.383502120924085,2.916440625170023,10.185184731068913,84.16260873366784,-0.23596998721097162
1,-0.11473644146689901,high_school,62.454750751652504,63.00125527194897,2.8649426214479914,11.753895645983555,103.40418179422885,0.7441857103150346
1,0.5049872789804571,college_or_higher,71.92577990132617,63.453169997261774,3.556041730490545,15.09856067250581,109.92136930289031,0.42154608353656126
1,0.8657551941701215,college_or_higher,78.78800719275539,62.22547885600055,4.429502642086552,16.053178416797078,114.234231701252,0.2668183962954019
1,-1.2002964070557762,below_high_school,60.585331031787845,54.453575149259066,2.258117492647541,9.425951526388786,85.13748375841116,-0.33912227927003874
0,-0.3345012358409484,high_school,63.02626857582318,54.75991195345946,3.190695186187828,11.143428304747482,85.83042469619456,0.37006111526895535
0,-0.4749453111609562,high_school,66.18438071077583,62.8638577220098,3.780158103825944,9.588403648330573,95.34111674361094,-0.12373268009975662
1,-0.6533292325737119,below_high_school,59.68979301249627,56.34354121972095,3.400875335951876,11.323123120472555,90.4564374634202,0.45780560992578473
0,1.7654542402810969,college_or_higher,84.59695338785122,75.46377258394071,3.651665293278995,16.608667614170514,129.65970557490783,-0.49693202511797824
1,0.40498171096095553,high_school,67.01651162536844,56.13363903137939,4.300836874053713,13.380921751560452,92.6519898622208,-0.18256897437954112
1,-1.2608839543350452,below_high_school,52.774994226095025,61.011741853825974,0.83741416560061,6.769721183663587,79.46507224224285,-0.9899577925520139
0,0.9178619470547761,college_or_higher,72.42019644246609,75.42401246653635,4.042300255624726,12.579554058612189,114.40192625889173,-0.0350076100062359
1,2.1221561970126332,college_or_higher,86.34219570523966,61.654631487062986,2.9767394534980607,14.992102606236994,110.53363934237738,-0.8110008636288448
1,1.0324652605511468,college_or_higher,85.59286158855068,72.78072229168873,2.0354936825148346,12.87197400813842,113.73077455822954,-1.1140464501619933
1,-1.5193699659540134,below_high_school,50.05930589630015,65.99683311754298,3.4089620796199847,8.780571910989945,91.11736354772593,0.25866114785538813
1,-0.48423407286625136,high_school,78.31956959552443,54.111342504830304,4.098926836130366,11.263201820202495,88.54972191743019,0.21273977585766032
1,1.2669111491866227,college_or_higher,85.13570099627069,83.04256245379705,3.3900411882978467,15.08480305818135,130.0820001849373,0.7828737349485725
1,-0.7076694656187807,below_high_school,63.847485962286555,64.39478573746841,3.762299637762351,12.242986983682686,99.52199719149908,-0.43112556957509907
1,0.44381942814622843,high_school,70.14640538055622,62.28401415042227,4.789822606390916,13.297151316212966,108.37455291208961,0.4080528468367557
0,0.7746340534293368,college_or_higher,81.24788993133832,68.48278672354274,4.551931562867238,15.38517475064648,116.0329969051728,0.5507975722736632
0,-0.926930471578083,below_high_school,57.8525061530303,64.27363602976163,4.311971623497114,10.462598987609677,88.8003848947638,0.44477380783159476
1,-0.05952535606180008,high_school,70.0147955126088,65.23441095957787,3.593701992857514,13.51699392144781,105.82199602072235,-0.8256536828021421
0,-3.2412673400690726,below_high_school,50.38774929065325,52.56495524677922,3.0603469111212744,4.447929429473936,62.78177939525077,0.1493634822711889
1,-1.0243876413342898,below_high_school,59.27582408803386,53.433346641772985,1.7184273504822651,9.856476849852685,76.80736189878513,0.36414029605466136
1,-0.2525681513931603,high_school,73.22068511749677,64.92268501128675,2.8031500094960413,10.632768135986618,94.39058922268275,0.007178466907941942
0,-1.2477831819648495,below_high_school,54.00628605472207,48.86508261184089,2.3254027237470467,8.579209209622974,74.25228390030165,-2.0864776583710847
1,1.6324113039316352,college_or_higher,86.14917058683154,72.38347409021728,5.236754173998251,17.317318164231164,132.56119192886018,0.16048962397348007
1,-1.4301413779606327,below_high_school,64.55258939857123,51.52193961994331,2.859291350054131,10.123101703015703,82.77859235256308,2.212531039397242
0,-0.44004448669698376,high_school,62.46471984409133,57.65106796838672,3.0985638454275883,8.76642573287631,83.74135611535802,-0.3600392687569827
0,0.13074057728609134,high_school,80.36964856284555,74.30635511290352,3.941188300832374,11.47247409246071,112.83501353044463,-0.7280770978553212
0,1.4412732890661155,college_or_higher,87.95149256793854,79.84553728949045,3.534881957097963,14.984618345927856,125.60020788321756,0.3733485597113982
0,-1.4358621511794394,below_high_school,52.829044608734264,62.08465609045304,4.356040832344602,8.024143665319036,86.4571121516248,0.3123782104665717
1,1.1631637521549596,college_or_higher,84.7936762168272,63.169629408066754,3.0018805106124384,15.049140139662873,106.2718193075344,1.1927351654164144
0,0.010233061019587049,high_school,74.96510285832952,62.836306157234326,3.6556859641897943,10.321015699337446,91.12812069058087,-1.2578681559088878
1,-0.9815086510479509,below_high_school,63.29396330060647,68.58414064461452,2.4060235314415612,10.665428226278316,98.90798390555497,0.7313802525749924
0,0.46210347426327075,high_school,66.76991114318042,68.30253576679569,2.4439819910234353,9.754313046604167,99.38607334301298,0.5904220612514635
0,0.19905969557347003,high_school,68.35491107661036,82.23060525773921,3.0105847272757718,11.677102816690862,117.93888734732184,-0.1421465369405461
1,-0.6002168771587947,below_high_school,62.76023805065453,64.75214048996664,2.9703705623612704,11.439613970329551,98.22137736441944,0.33868731792169
1,0.06980208499001891,high_school,70.32585370439996,66.69335424038032,3.156558220386192,11.649470570584405,100.40816792845028,1.0294574815983573
0,-0.3853135968617602,high_school,69.25022451913578,60.909616766273686,2.446063216100915,10.423417970629608,94.07712551139394,0.8723153800284503
0,0.11351734525124804,high_school,72.02367845717875,66.50237305973221,2.374946029062533,10.93185902731939,95.73997507980158,-1.1430193120737286
0,0.6621306745210467,college_or_higher,69.94458495165995,67.24336451794143,3.433515541897044,11.698395836689466,106.86060552201614,0.8201581867554845
0,1.586016816145352,college_or_higher,87.76115741648333,77.88684481754689,2.296223700775198,12.595507371586146,114.34935264276379,-0.06468860503251848
1,-1.237815498826849,below_high_school,60.67477373815063,65.50783872342784,3.608044770951682,8.300825563756025,90.24952869073861,0.07287409801551539
0,2.1330333746562666,college_or_higher,94.12928598621787,70.1632406497257,3.5659518023476027,16.108425850473072,116.76639603675679,0.0731969910016945
0,-1.9520877995225019,below_high_school,55.88302563254809,45.92093032748304,1.8339588004280556,4.7683838513240415,58.422607125327765,-0.15024298879825998
0,-0.15178509503558332,high_school,72.65175982238868,51.38763691309901,2.7526327383601092,10.702360738695456,87.1958359234407,1.191707497107065
1,0.5883172064845765,college_or_higher,78.17907246098795,71.49752532081068,2.8982748755275334,13.04660111711604,113.55967751383508,-0.08371795984921201
1,0.28099186773503265,high_school,72.45909012005708,58.681393095458056,3.7553396083353445,13.927856769711875,105.08027371320863,-1.1195461283831687
0,-0.6226995198205938,below_high_school,55.4682001342141,46.81626825022965,4.072360356818516,9.795203512944763,79.89605178586285,-0.39352985596972884
1,-0.20812225035727522,high_school,70.06686859209019,66.67943897993038,1.4998620242834042,10.26160188714823,93.62448660596893,0.1786947168104756
0,-0.4930009346588328,high_school,66.10842908922723,79.98599194873537,3.092020863317934,10.771407447415756,111.9518259403552,1.2292147842970504
0,-0.5893647569442115,below_high_school,65.46424661653475,62.01067983449969,2.8718937635466877,10.02173823533189,90.28895837096005,0.6030946849488336
1,0.8496020970210246,college_or_higher,72.1122780911087,75.11744590626662,4.037072061160373,14.62583065619805,125.4122462097779,-0.8505352787470439
1,0.35701548596504734,high_school,68.16487215760915,67.3578829396582,3.6705573025901512,13.549480268708676,106.1204183739225,2.4851899166788916
1,-0.6929095952606542,below_high_school,68.33666831405797,60.84322445135873,2.3984245346089446,8.96063652729197,91.24215417477835,0.2647753109779796
1,0.8995998754332507,college_or_higher,78.79822298504924,75.93153475808063,3.2447568514667053,14.841905123562686,124.5257609945851,1.2753907379990148
0,0.30729952087660933,high_school,76.48049869562921,64.50457579506248,2.863179314557209,12.187986461755745,107.42134591235671,-0.15171443357722914
1,0.8128621188389601,college_or_higher,78.2702130690419,70.93605679269812,4.3608057108788785,13.804765271837141,114.58365969539881,0.5333592447054494
0,0.6296288419236122,college_or_higher,76.44506911671485,70.40002885299016,3.517049318937554,12.336255700197002,111.70211524443927,0.8394685045184047
1,-0.8289950109220723,below_high_school,66.40146892065925,56.17839176988829,4.520952548602406,11.854035680904149,100.93711535918209,1.218194711754256
0,-0.5601810401969696,below_high_school,61.81796595694343,69.14339124577081,2.9514713489483033,9.477307032308627,96.5932625496357,1.057368305378225
1,0.7472936051232618,college_or_higher,77.95353993593754,67.51174972874844,2.93327458647163,13.899097040227609,105.78964199065388,0.8721970000729778
0,0.6103702654334648,college_or_higher,73.79232621080945,62.761635210717415,2.2890284859097383,12.867761279249644,95.67076514082726,-0.3150867311941086
0,-0.020901593964148132,high_school,67.61850292319694,68.65106093517208,1.557488258995244,10.677330090082648,101.8222278103945,-0.5717460419560614
1,0.117327383308782,high_school,69.62741321574462,59.29736104400665,2.232691245595608,10.331295538795485,85.55480139165589,0.33260751032419755
0,1.277664895788425,college_or_higher,83.88731781605281,71.58559258052603,3.7137013208091867,14.703894281438677,116.84874051595042,0.9331280723410693
1,-0.5915713888358299,below_high_school,61.690543003324315,61.97831007931143,3.406980018583947,12.451687401315038,101.17076879508856,-0.22272070077660705
0,0.5470973811700379,college_or_higher,81.74975443956798,75.33675586667124,2.235047438374293,12.082980265122092,112.56131378811872,1.0651719657143865
0,-0.20219265243389406,high_school,63.505036964563544,67.3119243679902,3.7160306512608923,11.935767815772017,105.66424440288033,1.4526167454861794
0,-0.2176812032272203,high_school,66.88882974692099,63.736405272647886,2.6135511586532485,12.121031055128583,100.37162666438674,-0.9163209190734197
0,1.09877685198719,college_or_higher,78.78911322850104,76.21824835433796,3.6174344095884394,14.505278013183572,125.4263980608594,-0.8369207037962799
1,0.8254163489880298,college_or_higher,85.48905291164897,78.85853458806133,4.789776502604339,15.793706966789696,126.72568882286077,-0.14037505890533644
0,0.8135096360006385,college_or_higher,79.11787024256427,72.97222032446622,4.2174714526924255,14.595223602367865,117.1052487645266,0.3076126681891964
1,1.305478807154329,college_or_higher,88.21401076888645,71.59986237467531,3.285175481675334,15.341946967612976,117.27750957206008,-0.524567013767051
1,0.02100384163275905,high_school,62.78223655114273,55.922165581712676,2.78704621966777,11.624157609025447,94.06237607585936,1.3522026788671444
0,0.6819529712949639,college_or_higher,78.15478104229594,60.953969214947215,1.778547678936556,11.002092416492754,96.99120453659197,0.4240668615184512
1,-0.31026675659345604,high_school,71.34548641218262,61.312093286550045,2.4246773446060637,12.805029420235906,100.58340329645776,0.03944704824073949
1,0.3241663524884421,high_school,73.65308347126154,62.354246347327226,3.3310958089378446,12.215351683504014,104.5383423972878,-1.4359095238685275
1,-0.13014305436768459,high_school,74.02597133164991,63.040485607263456,2.2102563782790527,13.006656812332325,97.90299707809199,-1.3158158164275071
0,0.09699596499271819,high_school,68.38351739942532,65.88152929924334,3.3949944263261562,11.78052948226164,107.59491765901411,0.2810092502818063
0,0.5951570254369136,college_or_higher,82.99830745529702,71.68363440768168,3.5614815063670147,11.492529941211892,113.53103503958192,-2.132595626154836
1,-0.8182206832334725,below_high_school,73.31228378576152,60.415405137419,2.820115214553537,11.26202462907212,96.72500921735954,1.0126374096440718
1,2.0923872756854602,college_or_higher,89.10967995465631,78.86744788521071,2.979997935341232,14.078036751882369,129.5620885237039,-0.1581538443723203
1,-1.006017381499702,below_high_school,57.71231357799912,60.42123399617233,3.134923737573382,10.710036613540145,87.95299006288978,3.2430929695947333
0,-1.2141886127877322,below_high_school,65.12503625771119,45.100790971584246,3.353552519655527,10.003042392417372,74.06210607570907,2.3079162506161106
1,1.1581108735000678,college_or_higher,89.47896946365424,64.21520661076906,2.627680738045723,13.92090341821734,105.32717801344485,-0.18144906924751675
0,0.7916626939629359,college_or_higher,75.30232680386301,67.94970057976337,4.628745903797016,13.77915480013075,114.71420944392924,-0.10633700253131496
0,0.6241198170521551,college_or_higher,74.14026408504228,59.652735885373026,3.4211294941725905,14.334253958918705,100.44279450813609,0.9955815140020298
0,0.6283455092642799,college_or_higher,74.87453204834026,72.34122865629483,3.515079698355878,11.9925619207362,112.86798902624896,1.7031726099180378
1,-0.012246772846914623,high_school,63.155279716359466,75.65402196217131,3.566571538605246,11.133743470375197,115.32980864208179,-1.6380290574360168
0,-0.8972543714858315,below_high_school,56.43419655272069,69.04506110445206,3.1865729050108014,10.506749996878527,102.79372480521519,-1.7863754653546866
0,0.07580455819372633,high_school,65.73734174817693,63.88492269445718,4.262509307130596,13.773168560934707,107.62594685075211,-0.6220348055543814
1,-0.6771617115121117,below_high_school,59.38939505935824,72.04927440038911,3.2296993321614593,10.74118232327676,102.25224698208717,0.5827375831738644
0,0.9751197334177512,college_or_higher,79.5777728972436,70.91627086750353,3.01005010028765,13.861071360627284,111.10094838814572,0.4968735905075971
0,-0.14705738150213865,high_school,69.70049984766122,61.90511129466303,3.2892028201648813,12.23727709179264,103.09551110790922,1.0697714549838502
0,-0.8254971967925115,below_high_school,69.49753049614527,56.578695371250866,2.0850190341434707,8.16216172439489,83.54400452390264,-1.1996975283653082
1,-0.32138584165299344,high_school,61.794371379776116,61.275782986318134,3.0868477646212185,10.791812182838424,94.7366946636231,-2.3161438629688766
1,0.41293145427562433,high_school,79.05092653513917,64.34741954158952,3.4734160074844316,14.781550827312675,108.62473752498512,0.8580141953021454
0,-0.5637245528039747,below_high_school,63.292810250832716,63.37429079260854,2.8335065141819684,11.27087317338976,90.94662472218198,-0.8281962729652346
1,-0.8222203955664315,below_high_school,61.53047749607352,62.0129158895169,2.8971699908488553,10.92381013430747,91.81488880570802,-2.018487864388638
1,0.2436872114919123,high_school,75.81096957575214,66.23975819853345,1.9945207636018887,11.071881553404932,105.71225422993065,0.14506374595938162
0,0.24496657110872277,high_school,66.83605560327572,69.28340004376805,3.0610200738072306,13.145129807572097,105.19542951383048,0.7931756882186773
1,-0.5069431753711298,below_high_school,66.84261697720895,70.79980804664874,3.074275920912892,10.710165924722101,104.6520229023575,-0.12205713212127726
1,-0.4710383056183228,high_school,66.12187798488205,69.29168741999764,3.1278851135979204,10.966706750523503,106.34102425909334,-0.45784838618248924
1,0.2320499373576363,high_school,74.78275569361712,55.76596390763885,2.6778598872592334,12.771838435014319,90.9695244176943,-0.15936223214590656
0,-1.4480843414973241,below_high_school,56.96499980456585,39.882130348199695,4.01256627269176,10.44033691685049,72.52720225804701,-0.37058276240078286
1,-1.4074637743765552,below_high_school,68.20186295578893,64.50292050679214,2.3070601214283992,10.198521559919557,97.13066056068739,-1.3480471119401671
1,-0.718444221252436,below_high_school,59.62685786621906,51.839628004829876,3.7755657604213892,11.538994670131322,87.81463395699566,-0.7146806769904318
0,-0.21344715171184725,high_school,65.21054370787245,62.35940642819198,3.341755489497348,11.077049379541837,105.37005200747488,0.5212799050138145
0,0.3109075655980046,high_school,69.99337302385622,58.3637466455745,2.9830181521249575,11.395959189933249,88.79526434139377,0.3216785413765001
0,1.475356216949552,college_or_higher,81.97617657369425,59.762918021687625,4.920248714087609,15.806181639897636,114.06464353976506,0.16805980596682024
0,0.8576596232020194,college_or_higher,75.38966059548761,73.07853721344361,2.545090534594816,9.56248481455896,103.5748612052509,-0.9951484818533795
1,-0.1599385299634271,high_school,74.3456973559035,69.51439347230139,3.7353233388880014,12.369028284890637,110.894154342091,-0.18150316213566714
0,-0.01901620790268883,high_school,76.91235916092238,60.86934615539952,3.800465854434383,12.098788264656374,100.42548837913422,-2.1770650464428547
0,-1.0025293646378088,below_high_school,57.12097488487453,41.85005713179659,2.463503832738684,7.1720436798584535,61.78654749820162,0.17847666388538974
1,-0.01851313599238993,high_school,65.65309077455495,61.083723182270674,4.113972240051464,13.132385944591894,103.22001254125139,1.4288577078135674
0,-0.2886586389201383,high_school,69.47049139273064,66.29933484321714,2.799962788320838,10.076035620926874,91.85338809889846,-1.4741321320421057
1,0.3227185603380895,high_school,70.46607038197604,56.26121182027154,3.7309549034238856,14.947620980660535,104.03768351263787,-0.5859276733177553
0,-0.827230943552323,below_high_school,64.89234965325433,62.14736472069248,3.2082574710169767,11.14339676936267,96.66681160593103,0.32910677871012955
0,0.5193465142411723,college_or_higher,76.20808024666822,67.4895636269949,3.3925530068235616,11.837660620035855,106.99798341773864,1.2528426344274837
0,1.5327389130025777,college_or_higher,77.74866855503961,76.7187350622205,4.148646618527826,14.354621380511414,126.1743601688065,-0.4482246163001494
0,-0.1087601484568576,high_school,76.64992452208173,65.29326183661479,3.6347909764417703,11.503241218963824,102.77539642683038,-0.6922503292658964
0,0.40171172209894146,high_school,82.99650558646702,60.19707602432381,2.101174421409455,10.981672923439703,94.21923745854484,-1.9689231424160831
1,0.6901439917111125,college_or_higher,73.8374964646892,76.82672047020701,4.543472194302522,14.756893550271274,121.4342553113491,0.10343812930810638
1,-0.40122047188583626,high_school,64.04928748146172,61.88419062938203,1.6700064095714604,9.37835672501391,87.63844382350769,2.042076040143744
0,0.22409248181041677,high_school,73.67025177172869,65.92933063248256,4.326036963473326,11.349865547143192,106.83227233740688,0.2773584619646759
1,0.01259240078179486,high_school,71.79820795775306,58.5300862903966,4.401364109462067,13.952601510530268,106.99169956770406,-0.022278979183713316
1,0.09767609854883172,high_school,74.26948234885246,62.385404734403586,2.6272268558278413,12.791299334149956,100.43545783330825,0.32208231076698546
1,-0.7730097838554665,below_high_school,72.32092485527708,54.94133208253436,2.671348569636332,9.989294663029726,85.80161584135476,-0.01109200394860206
0,0.024510174258942714,high_school,69.36036560511918,63.91192845183076,2.6154362652112515,11.492487984575973,95.96268286337057,-0.8130143722601298
0,0.49799829124544975,high_school,70.98849668976223,79.47195081722364,3.3280631757690116,11.327295082806165,119.02780667388231,0.8232799156777053
0,1.4511436077950417,college_or_higher,77.61483993787779,62.65241003845571,3.253572572651407,13.913480704745558,108.38253865786244,0.2257615231117544
1,0.9592708260852069,college_or_higher,75.93805806114247,58.501424345288854,4.123728425815472,15.555135895449766,113.32777576516426,0.017613251933657315
1,2.1531824575115563,college_or_higher,91.36618971074658,86.06410458001304,4.548246996895687,17.603068204617504,140.08398099569737,-0.97536602727825
0,-0.7673475628880495,below_high_school,71.29931368870844,59.69799644549669,4.116547048631965,11.161922891150056,93.8617628844607,1.3035079319347591
0,0.8723206367206782,college_or_higher,76.13514987202593,64.67809401298398,3.050265578737358,12.03902126778463,103.37622257835389,0.6647027453331099
1,0.18334200573835174,high_school,72.952359815578,73.19604284046429,3.3326225010043777,12.592262416761834,114.5236824484061,-0.552920837367302
1,2.1898029332176723,college_or_higher,91.81591485181296,71.70970588793031,2.1532494462232394,15.59224026851541,119.15541878132639,1.0018248536819372
1,-0.8082982853551515,below_high_school,67.85898351368891,73.7405765680528,2.355303946803049,9.518166558553919,100.01587717626556,-0.49757083838520716
1,-0.8397218421807761,below_high_school,74.23744370756035,65.546871888471,3.771881306477966,11.493020304173445,104.30092429600215,-0.782003492511037
0,-0.5993926454440222,below_high_school,61.35172968095817,58.587656915759965,4.292466258838585,9.053852224088995,90.945673667773,-0.7597031174802871
1,-2.123895724309807,below_high_school,46.313845544310816,69.48167887130948,2.012520902496062,6.448711665605576,85.21415758453391,-1.7710685530880912
1,-0.525755021680761,below_high_school,69.96325416853774,58.131220430572824,2.5260285926776844,10.645477556678225,94.56827721364061,0.47154238041820573
0,-0.759132661553698,below_high_school,65.81813083259458,66.39900429629665,2.9788753944328583,9.27912811235009,98.63931852752437,-1.8311448783383502
1,0.15039378647620763,high_school,80.73747449344225,67.84701699522648,3.7241289270556854,13.200270100160193,109.93937190652859,-1.2284438312657626
1,0.34175597577715944,high_school,76.33720068440142,75.82096890467739,2.852317184062683,12.74958354527583,115.41242032255373,-2.0755880090785332
0,1.8761708392158862,college_or_higher,86.96524793822357,85.3114325731674,3.8392488355712717,15.71335924227809,136.87623969077302,-0.08606969279089306
1,0.9504238381860503,college_or_higher,82.45751253532205,69.9761482343906,3.120928522343267,15.119771276052315,113.98609397915044,-0.15032046027187207
1,-0.5769036556624031,below_high_school,69.77448134629051,56.8415566292647,2.9884381832973768,10.564353903610558,89.72614315432322,-0.32669621318636405
1,-0.898414671348358,below_high_school,65.11826419250323,63.72773164383202,3.4370273984029596,9.65471226593585,87.93835309260561,-1.0425776946705763
0,0.4919191715065057,high_school,77.45556187060154,62.71558826926779,3.5051378158487503,11.372722691225734,101.94843851953992,-1.17223375343664
0,-1.3202332070206422,below_high_school,62.13104137773934,72.49254469758316,2.650891287578745,7.759712367224073,91.4633342725933,0.46436986354657417
1,1.8314587658543537,college_or_higher,94.1610656107719,75.11304114685093,3.4123121568593353,16.03316983699109,130.34727594725302,-0.5505519317084877
0,1.179440120721287,college_or_higher,88.70519616240051,68.33994974442167,3.4293096326357317,13.177871629113085,109.51471701399618,0.31635832153614474
1,-0.4691756521047048,high_school,68.55179291690116,63.946883880530834,2.7039911760942976,9.790902444313547,93.83866881464401,-0.8852486861242225
1,-1.7131345290908775,below_high_school,52.033064307506955,47.00444332783774,2.792963149866318,8.010201114157898,69.34141961409459,0.18106274277108234
0,1.3538723741654128,college_or_higher,84.27229217382074,64.96806360125251,4.778917736403773,15.248983979176147,113.54759914624542,1.3032780373160637
1,-0.11453984525261789,high_school,74.88714638001561,72.83019812934789,3.448735558352991,13.12656546363981,117.68447573851833,0.5861658003927833
1,1.2378163119734618,college_or_higher,78.29348476479845,66.59082160706754,3.2636157455766717,14.024868249553132,103.41917399702223,-0.4124138182164804
0,-1.594427658794367,below_high_school,55.89908995642084,49.69948482725459,3.5575635236085885,7.836366006372928,78.22130079500373,0.25719897035592737
1,-0.5993750229537729,below_high_school,62.039555708825475,65.75969415292214,2.732944408195192,9.662572468719459,96.67154902403892,-0.24066517453021302
1,0.005243699718183166,high_school,70.19616111185591,73.32614758123191,4.438499710069313,13.237034202850744,112.06759498290857,0.007880184694728152
1,0.046980593764742055,high_school,76.86206525068391,70.26757614347918,3.7957137537584753,12.301716521997276,106.35173957000057,-0.3256110521485036
1,-0.45006547147924364,high_school,66.45484062530709,69.7220064432445,2.914158284796617,11.752098265124983,110.4562352678606,-0.1643352058853912
0,0.6228499323474987,college_or_higher,76.46068206425574,62.816684041751266,3.858173540648222,11.0579813423185,96.45361744943632,0.21209335307417523
1,-1.0676204293825944,below_high_school,52.52451500127446,49.70922318589412,1.7432990783452005,8.25980469621353,70.30822294693698,-0.9933586995819507
1,-0.1423794850212935,high_school,72.30747297992318,74.79743813858194,2.098586024872156,11.581780580553685,112.81008106174072,-1.0158788269899783
1,0.12029563171189886,high_school,74.43037722282436,63.34271928666454,2.5448599948807558,12.321684820936175,101.85714603492286,-1.388542553831211
1,0.514438834058749,college_or_higher,85.96066195711478,65.81636305510841,3.6143544758109654,16.85420859357313,114.25578598273242,-1.60027110450371
0,0.7116148780888898,college_or_higher,75.5772576061239,77.85543338338785,4.8860119995880735,14.104894821677895,124.21781894506894,-1.2172826922204794
1,-1.1246420918378692,below_high_school,59.84933071994101,63.27039960661527,4.7850401169541055,10.32948089496152,94.14031337992218,0.15946250680412918
0,-1.5341141707356223,below_high_school,55.905776711197554,60.52064355089314,3.510440881152606,8.207006037289457,89.44252045756669,-0.8927875154918841
0,1.277676821898509,college_or_higher,90.66403461780247,86.54340052380013,3.9006755799555655,12.79401109423589,131.81668774875487,0.5136144642310962
0,0.33231401197959165,high_school,72.84666245786116,62.15694244723695,2.059153812677809,10.707527441707933,96.19468705510066,0.03471374875256186
1,-0.7484865365565536,below_high_school,63.91024226328616,67.7524482137859,2.5658609602127824,9.492415019498946,97.93638381062419,-1.9685042134380537
1,1.551151975522523,college_or_higher,88.55100230380793,73.15485175189221,2.869772998473409,16.165486752813074,128.1747049459784,0.6549755842216898
1,0.11567463429285867,high_school,72.08979195871038,67.45851912350709,3.003321921399107,11.831118811898557,104.34186133742955,0.8107986455917099
1,1.1792971840638264,college_or_higher,79.56080376788562,81.59576490520686,3.3654849451321684,14.52260800480051,123.70687069255715,-0.9938626748348534
1,0.06751848141010895,high_school,71.64563477859262,68.89244270107791,3.122327537842298,11.74586364991423,107.01940609217377,0.4201915428949916
1,2.060747924881987,college_or_higher,95.97563799811873,79.07181217775737,1.9165601516993698,17.362003260441742,137.46196835482405,-0.856498237409199
0,1.7553408424432044,college_or_higher,82.42083192737674,81.28425557338463,4.0983282048940275,14.711472657830955,125.74518501449865,0.0976703767483354
0,-0.2489641484790735,high_school,68.17520688594364,61.20051015080443,2.141805579408155,11.5813156285843,94.02861851969888,-1.2644984069549656
0,0.9715709509543554,college_or_higher,76.21510543484769,63.98338708339873,3.6913974912889196,14.03538145332332,109.31061337213544,-1.7931064525345768
1,0.6453759495851475,college_or_higher,82.42899264047568,60.9132153897785,5.159266135799979,15.898993192376874,111.9852039461199,-0.3828171896129687
1,1.3686315575323487,college_or_higher,76.07038105140461,58.078661662029724,2.764492326730861,14.636793397570962,100.29494220550242,-0.12372894627483615
0,-0.9649234605801045,below_high_school,57.556156157841016,74.56883260668174,0.975769981802936,7.604835900680495,98.97892743181791,-0.39767969361460404
0,0.6860514599984393,college_or_higher,78.746573975307,60.70779873994041,3.2711966224959115,10.65569060741413,102.3996013295287,-1.1840305582225594
1,1.0584244868495878,college_or_higher,88.41186501466757,68.74334706914755,4.3807677079988565,15.43396075325609,118.9102602260173,-0.3998990621311371
0,-1.7587394864231143,below_high_school,52.08385383040392,54.268609468661985,4.566677963376475,9.464583803771026,81.51990928515065,0.269294752580734
1,-1.183258512665775,below_high_school,55.39141723987626,61.23555432133483,2.0163603244380663,8.758874169071499,82.25223095750762,-0.04489303012253698
1,-2.0392321777601006,below_high_school,59.013463569601946,60.51399959897457,3.3973593785892175,7.404522567907746,84.71859832406723,0.1825010305992134
0,-0.26940683444455776,high_school,60.0658621534732,69.67628024629542,2.627751634575957,9.64897971309012,102.53067667410416,-0.6701152004542329
0,0.7175422557959623,college_or_higher,66.1813927748592,64.50616920899724,3.4152413165566915,13.821681591937748,108.45523089336372,1.1717179147161596
1,1.502357052096028,college_or_higher,87.22364277122693,71.34193326397526,5.615474677613628,18.55398917433101,131.0624444391187,-1.1761733365547806
1,0.07409478041977519,high_school,68.23067668243469,67.34853355551698,2.2976237372838773,11.498770985212468,100.40991570608281,0.4875602970867186
1,1.6286155455712918,college_or_higher,81.17999137005935,71.40223984457164,3.702991729195659,16.61576554727452,120.10938880418448,1.1818910929599615
1,-1.3801014582148914,below_high_school,59.74076765434785,69.35091174106549,3.3741545374123465,9.44970280495688,101.17675581832341,0.4809080927488954
0,-1.7033824393551547,below_high_school,54.18517917530445,59.91991246469198,3.868629059951478,6.545216960866955,84.4087097689763,-0.20252422706483003
1,-0.05554769889661878,high_school,66.62412985735017,69.86640600786563,3.078386522776716,10.9861281746144,99.74418352553907,-0.5282970466629792
1,0.3840654489393073,high_school,67.4391324960386,71.56049612536843,3.7464404316032818,14.708095912001715,121.70396600092803,1.036087651046256
1,-0.03269474809409311,high_school,74.0353391604598,73.05084326192681,2.686681146062567,11.7280766709026,110.80509679806006,-1.422974925261673
0,-2.0674421000398766,below_high_school,52.57658488939454,55.929940410726566,3.215301552996086,6.856523357431763,81.18935209587147,-0.9701242603796436
1,-0.08912003951278841,high_school,68.6129202859752,55.476576166745126,2.7254461796020717,11.377484702436355,86.43351750794768,-0.3975577654917214
1,-1.3044695005048532,below_high_school,66.1884899751898,61.27546815974422,3.4972575118848406,12.25466284708309,93.98083037768276,1.2376537575119981
0,0.6696725488300385,college_or_higher,71.34630165666962,63.78886448760739,3.2043117311650926,13.761232206372675,105.49550077928096,0.37976763604089603
0,0.36659824609684827,high_school,66.03835660634479,63.13267445823594,3.8016803151217493,14.111939685008046,108.04446601763082,-0.9680457585102453
1,-0.9398797863273552,below_high_school,57.141661787320224,64.40514919964887,2.9765897490520175,9.869489998716542,100.01923539882593,-0.31030770538490365
0,-0.5138669173366935,below_high_school,64.63340074485558,71.09864691335198,3.9008402006177345,10.877166310479021,107.58342145346316,-0.6143231440962944
0,-1.0592135218889516,below_high_school,60.62456202772394,59.85283342770768,2.958885021129211,7.2928732860353485,82.34298097861874,-0.7097889922335351
0,-0.06267909727317188,high_school,68.16702873798664,66.84843560182688,1.5815740254344948,11.056526437455446,95.75280105603134,0.9788895585567792
1,0.9551423205012383,college_or_higher,81.31170018758387,81.69121621495286,4.509537200571193,14.138148699320071,131.5764172724963,-1.3717431292635056
1,-0.9857260463355437,below_high_school,53.88504241569234,61.75664202474226,2.275414159309905,9.452769942491855,86.84125185955274,1.6087808557343735
1,0.5040465155178444,college_or_higher,82.25928817554474,85.73201437685199,2.976986929080944,12.353321197685915,129.53883789289293,0.8282296901846228
0,-0.5302576183724408,below_high_school,64.28666792431274,66.3072794275586,2.523470964765206,8.848856913730444,92.65376510589546,1.090861670603698
1,-0.7928728322623442,below_high_school,67.6577508353172,48.71029652459755,4.099550474536654,10.835956241951969,88.2995441854807,-0.4629395120252583
1,-0.10703035995455783,high_school,70.64332313234294,69.73823954795894,1.2914606288170436,9.996913859063126,101.19537227104496,-0.14994071907910936
1,-1.035242322419374,below_high_school,61.931342871575175,62.49189708208257,5.510198826927995,11.612740018343116,100.49370839924897,-1.433151814524712
1,-0.553649305347182,below_high_school,67.31234334768921,71.26002275184331,3.8448454472528413,11.262750772240883,105.48096987186045,-0.524662407066803
0,-1.1978778925888485,below_high_school,60.25976387419809,63.72287999594546,3.1785911313033277,9.592378171649603,91.81932793510555,0.4936548476431509
1,1.9647251329163893,college_or_higher,92.86086512850162,73.85443377669554,3.456084799506971,15.45013600234272,124.59234717229323,1.2960630617813962
0,0.03526355197172861,high_school,76.99839817037943,56.60623010583309,3.7284432598861255,12.106111271399332,95.0479108702912,-1.1071568168024517
1,-0.6997255079925856,below_high_school,63.98535076858149,60.0382096590349,3.4168979427034705,12.30115678290853,95.71490421962166,-0.36550593698526584
0,0.213979910734222,high_school,75.68481789528478,60.116256374206,4.016172468760046,11.804952371360212,97.68332220453331,-0.15129922023252232
0,-0.11232804969082982,high_school,68.42804103165557,60.37469560291279,3.444483572802759,10.290577944541141,93.4216444839479,-1.3957892021924851
0,-0.22096959953322298,high_school,74.99089008191514,68.01520083327816,3.0716645450041993,10.644897115619031,94.83330133960519,0.5913492417584003
1,0.6141667000434252,college_or_higher,72.7597054901379,79.76016503067696,3.3421292637541393,14.612663943936054,126.09931433527065,-0.7239903317426091
0,0.7575077100473051,college_or_higher,86.57977926502713,71.55023925899738,3.3789813730771905,13.362543257737425,110.59230841881387,-0.19539035117702397
1,-0.5305011476105275,below_high_school,64.49419877067301,53.97631282770107,2.8440733757178553,10.373002623084544,82.51315682535954,-0.4519493719118777
0,-0.57581824064468,below_high_school,57.087942082962954,65.23312747431758,3.9070160774936515,10.600159256364089,93.55367306385143,-0.7893385057196743
0,-0.275051697151644,high_school,67.8900051030375,72.00116192076133,3.4748453778246895,9.659506861847738,97.68715776502319,-0.0070449854805546995
1,-2.301921164735585,below_high_school,43.57553006526975,49.2219138460864,0.6476890922685756,6.125405540417919,60.48557933047258,-0.21560957856802238
0,-1.5151910621985523,below_high_school,59.0513071229581,56.48592452229681,3.5247206212238087,8.908162567530892,81.86965893911878,-0.37185788227866556
0,1.3668742674445247,college_or_higher,80.40562277793329,71.937188700327,3.65578895577502,13.687415233544584,121.55160543470213,-0.7284616216803428
1,1.6449677135012837,college_or_higher,84.21875996893894,67.73055037593075,3.485032994843282,14.827830166126267,113.45056031109544,0.31952467078295543
0,-0.24903603955637832,high_school,58.06193594970856,68.29278283912512,2.6891852375288914,8.794210005890516,96.28835085997245,1.653617268492285
0,0.5765569630557664,college_or_higher,73.50403803431229,67.03614777502436,4.399290175988811,13.594286823436223,111.71923375381343,0.13988723283912738
0,0.3112501545435361,high_school,60.99310491229058,69.49297788006687,4.258021169698287,13.151927915677524,111.35631831527662,0.996118214911129
1,3.0788808084552377,college_or_higher,92.86929396712377,74.1819587976615,2.8816978657411125,17.12983645660314,128.07750214476303,-1.3902219251534627
1,1.1195749114345768,college_or_higher,84.99782239506726,67.53566645490902,3.825641829699628,15.648153654216415,113.20205660977528,0.15776143929376948
1,-0.12791759148076653,high_school,72.6498248784465,69.41708154739057,2.222674612366971,9.331727527992683,102.95918856733684,-1.0973683189710666
1,-0.9555404406004258,below_high_school,62.57188340292057,57.6124657323555,1.8963054681688556,8.827710153123274,89.17829722169773,-1.4769249275319014
0,-1.6064463202575725,below_high_school,49.10065608177821,69.05651535734597,2.4986262203280276,7.013205367094072,84.83477612134939,-0.7393714074590363
0,0.2034636358672231,high_school,71.79607957796233,63.219864880033896,4.189914777906207,11.337247838042083,97.17380961971882,1.1918993344135729
1,-0.7563507452843033,below_high_school,62.41847985170413,62.79103935384169,3.762500036300869,10.25989152890985,94.71002070464655,0.9500158286696456
0,-1.4222537095976742,below_high_school,49.98563945806055,64.41686727512325,3.4104683360778343,7.426496520899898,84.99806242898379,0.24300472205439969
0,-0.6465728842425266,below_high_school,71.0512626664105,51.838575448256144,3.580076629478398,10.738957838865826,86.92963206890717,-1.5327005598899308
0,-1.081548003614395,below_high_school,63.5713314167344,47.26659829806259,3.4129426296919667,9.099269650762325,73.55865210045127,-0.1962806513879368
0,1.6871416350725648,college_or_higher,85.76659548157733,62.75611397337215,2.986814723821638,11.970262772420051,108.25472902010893,0.30170000890173554
1,0.8816397569494505,college_or_higher,78.95082676446717,78.24628750873754,3.8455380357391524,12.42573124960379,122.57706098065988,0.1755362295785979
0,-0.007972641316617372,high_school,70.96218762657159,61.09712977216978,3.6403276201821457,10.841547337642195,96.41851009766235,-1.8437935834807457
1,1.4799441388900259,college_or_higher,74.59076704677881,90.30711569412789,4.10343306385086,15.889887597808219,143.7815990524553,-0.8903178480198718
0,0.0773683076476183,high_school,69.53779616387321,61.43710834763637,4.451130697179714,9.406341984683625,97.12633648228027,-0.06407776414871663
1,-0.8612842013282637,below_high_school,57.977236746728366,61.98543811573794,3.566643077760851,10.160519821401074,92.25063588251511,0.5362909095171899
0,1.5231240772696573,college_or_higher,80.22314072322199,83.41039005432341,3.7811585660332665,13.794522148374778,125.35422465510462,-2.1961278210999464
0,0.5389100436846587,college_or_higher,73.98359897241681,81.73720043553715,4.356120190653142,14.380778944878791,127.32395729421687,-0.16212397547985843
1,-1.0372461543264564,below_high_school,68.61597109098305,74.2442942648225,2.978782992600752,10.072933905427206,107.79349563832322,0.14304876987895235
1,-0.1903386780836082,high_school,71.30082752549896,72.50687022373396,2.294500279017826,11.698122567104724,108.02172666804739,0.8496119885162131
0,-0.8756182533847572,below_high_school,58.387922517238444,67.79034641375645,2.869546428844989,9.042863028948242,90.67172995427698,0.6928575842374367
0,-1.382799730964336,below_high_school,59.034916597137425,62.2336899895866,2.404077884154841,5.670242060927039,77.71862645704087,0.5825713188088052
