age,income,visits,purchases
43.79423468458427,83359.22437030417,34.44259534440145,875.6979806955177
51.61390021950371,30905.7326090484,42.64786793437444,361.7451598313204
46.32987867536726,72824.35762715005,38.01387014430507,775.6546419552824
43.60950960085415,93789.33518469438,35.796097243761224,982.0409276569187
37.91177556892852,33957.788882168155,31.15291084579197,376.62666904209703
48.35702331413284,109156.93347213572,40.34354576615753,1141.1284762920172
38.56659892934655,76807.32749721059,29.49259235220134,801.8102139485823
59.91333103675775,32759.494349314613,47.16484910686662,383.36990383118433
63.29214974354838,50197.22507287562,50.78790782579706,561.2450167723665
36.02175138481155,115830.81267845817,28.691869662193163,1193.5622444573505
55.21107678988523,82408.77597468498,44.353472006246776,877.4100814459734
42.85806122838651,39672.531099192405,34.08455024208036,438.57425192515876
44.69809437141482,55879.005205250534,35.47880937052868,601.1289794467119
61.50304199975507,71103.32632744357,48.351419562962214,768.7921776422664
21.338694735300685,31885.50623409574,16.113334257014717,338.7804734151401
22.095077085972413,67045.39622523829,17.589231680456944,691.7522913285782
18.95026467969531,74051.27718912283,15.641967374884857,759.915003599225
57.133132740753084,51931.0087753109,44.65309317878186,571.1971289520378
54.57336729464297,82977.51002627879,44.142034198855164,884.2256413073746
58.8905709676005,97791.61076329592,47.19328993865315,1034.7248929288855
63.99506208493991,51225.08016950719,51.195558073034235,573.7641015117248
55.56045251818601,85844.99102519889,44.13134293121901,910.2513784955228
39.6895300258878,87566.00186673674,32.58536201191747,915.6811592099134
54.68487128546341,115368.62710159569,45.82564137710283,1209.3817314811704
23.558898015839862,100044.85505667994,16.85178922036968,1019.4328367690022
48.076288002393625,106351.07428110055,37.850736094046695,1109.5593387519516
24.737604508225182,74137.79175926477,20.84907053668534,767.1401860433893
62.399439101330444,46681.37282814446,48.934288776506044,525.4402839901248
42.52687112225337,119623.37636636716,34.847917282264945,1236.3364459791635
37.48911117955461,41642.01849348297,30.59113860431222,454.2064690130297
30.43411376891747,72431.15874188388,23.385438240247925,753.9524921530093
54.38898340340818,36128.37893178959,42.42972275569236,411.67607453831124
39.43906561417778,114946.57716157376,32.53620754943404,1189.4588789935474
44.71639559682648,116843.24467635957,35.00033590189016,1210.7878529004206
18.88312062050869,94745.01558035762,13.826919984994248,963.7958724686765
47.02886836256622,61499.3559267152,37.71715011745682,661.7603465338026
46.7684989679538,52894.41610058619,38.878244554859485,576.5255852905236
46.995897853113576,53877.29920833427,37.298605332277454,583.0833139401291
62.35615969018733,41456.462287806724,51.16695614105397,476.425448810633
50.04555405786372,77322.80577690506,41.11128350189373,824.1684128659331
34.89687132696794,42763.55481313298,26.876009170249326,458.7448777409026
38.54050182856905,58505.759989811064,31.915275171265108,622.9664808835722
50.788666208581446,86403.58283631943,38.7344247350582,910.8319341466968
20.830597166575682,95478.92486316749,18.752836591099374,978.3175784606783
49.33803562594638,32184.54341598551,40.34113229467674,370.5611787977044
49.5199798720535,68710.43859390658,38.61197175573092,734.0489894513114
27.887980370470522,88691.21353579251,21.173114732380352,911.7102008555598
24.059535989778105,106792.13785426616,20.43438355690621,1092.5097653423525
32.82513249343664,72779.23039908742,26.17610025042933,760.6676853484481
35.094406234303264,117228.52845459167,28.352414381849986,1206.1382349448813
44.79924820964034,53906.929278730255,35.58622658838049,582.3442109336659
38.61427113272906,31215.7835964047,31.32094100773229,351.58736341079725
64.45357038878363,73537.75782315625,51.535515886570174,796.9765128926942
22.79610610515732,53050.24155180162,17.744170363088998,551.5211025058161
27.817207536457232,104134.59048208524,22.67820424037993,1068.7314774484807
25.581547340594824,50949.54049630009,20.88949953502897,535.643456818448
48.696091296873725,57956.62964621757,39.89572240232125,627.4237542873511
29.90470531936976,101210.46879172011,23.115551589943895,1040.3642784423275
39.916606324246395,94362.8926822824,32.279203360202686,982.1017878989211
29.48800282407533,80224.61129915362,22.27226181352759,829.5913991844393
25.471570431339426,93445.32557304835,21.443542023561886,961.6339946250334
23.18763163472234,67677.31772130239,17.79172817857111,698.5264077016616
48.84749070486785,30477.904285320103,38.31319460254505,349.8033693030961
24.49459871338485,31021.96156609733,20.651231823070937,336.86321046891777
27.239370998962514,76009.96088163179,22.9881650914095,787.9353348072916
35.33008302106531,37496.18817470993,27.724990830342453,406.7819447793618
56.58668180285295,34596.79321523311,43.88652389908752,397.5847840094466
22.563759962273878,116896.49752237259,17.62101093827654,1189.987456098621
57.383410652443786,107310.23756922527,48.21383931218132,1131.48970504075
22.516625171016265,43682.45044886126,17.542622036755485,457.97298019188804
63.8935948556296,30059.779673118403,51.45409989053332,361.86040608883417
40.02660647744197,114750.10158507808,32.04591523587129,1185.8987100345987
63.90777114494585,55049.27684881029,51.44815406744511,613.5664626746376
46.42773942801716,46730.784256994775,38.346283363872445,515.1162168348609
52.74538823172018,92235.72970483817,41.35862082578841,972.1596641345518
19.84182623595307,39801.336495719355,16.693383035608562,418.9667537934382
31.29192724109125,53818.46382025203,22.822220646457264,564.022056120853
23.64923837701894,117758.52121908418,18.562704182655427,1200.042931965183
31.91858928354081,87551.64970266091,24.36479108549362,905.7750640011022
23.58020279084947,76861.00123342982,18.05511577615951,789.3814898549391
32.94520943151687,65812.67533514439,26.33304111350172,689.3124782598532
37.470360742189484,99705.08593957817,29.631580035203957,1030.8579421080879
21.014932328392867,42686.17288713244,17.472332821167605,449.9476299648548
50.54618961039093,117060.40218332839,38.33814279671074,1214.9792892054245
44.630268347709034,107501.0707259208,35.27794691193433,1117.5752434776011
30.473306074153935,85589.12843123189,24.853387878202817,886.3613363301941
42.59265851293489,33861.557136230236,33.72714875727537,379.36773606870565
22.415204005646757,93077.00845029639,19.53494689386566,955.3077696951856
45.069485291140424,112195.59067969327,35.661597488442496,1163.680239210964
61.67692128608206,77211.93607307633,49.180777140206864,833.0176055601797
32.97274076521221,61880.233964453655,26.634640525644553,650.4414380488416
49.368287858293044,40824.96104815227,40.59559290496059,458.794630932082
24.194499533006432,97941.09937238114,18.899509756865584,1001.3355559619406
51.66737859357258,109651.96660906255,42.30073693282297,1148.2228350443356
31.60208636851845,39022.65696682637,26.476588477597762,422.25130163529093
26.60999401433449,98308.60992771077,21.903075275557953,1008.9334792732076
45.566107936073905,31535.443763318777,35.93528583309042,358.567172626534
18.945054670812198,117034.94262694976,16.567309313412633,1190.2732179270172
56.960181373216066,85355.22185715866,44.68617242144535,905.3533825642363
18.22068738104971,79719.51530924698,15.041568468785673,815.9230709863883
49.857377229422816,56635.4850230035,39.49499112752843,613.1016120333697
30.69037474003175,113636.25044128051,24.353733277264542,1164.9874316728656
52.55411903976196,53931.5064603112,42.1711952685642,591.4747158229306
63.222861620519595,104533.19518950254,47.57525087606348,1101.1151840589635
29.691397745438028,118659.78114034187,22.7135923635104,1214.6480317686069
45.07939471763834,100505.69809633252,35.99411062847987,1047.7032223014671
45.82597076977643,76709.09283477886,36.30407630980577,810.204727107129
44.89583957217105,35946.68374665047,37.21723796549905,404.52976736143376
28.48483673410906,72517.24102539656,23.016538197220818,751.1743929188996
62.779203541298294,69443.03522745332,50.514956869829966,753.7103109523721
39.01489279502849,48251.64370682957,33.968330225096715,524.1960027237272
57.781207606143006,68122.8873042874,44.619815504442705,732.9712671027901
50.8755259399227,62198.209567230486,39.915809995418996,670.5157119561994
31.97953669019128,44731.58350364836,25.470358592953417,476.3754893194239
56.24849752601643,69723.67289992375,44.15412581953052,749.5611890460951
36.635769819808274,53651.99606920402,29.592372311212504,572.3388548349989
59.4118502642246,76985.61786140379,46.864113730467594,824.5417821276461
45.319825013885364,33164.40537445748,35.9135114472572,374.3882616808994
59.44156200717808,111560.82778085557,49.51076640332297,1176.1764611183933
50.548984733655,103472.78749678704,39.62318889692172,1082.7570448432673
52.0869511515231,79732.31992594541,40.503776570397186,845.3591592975129
41.56224595055501,106662.77244815188,33.05523919867107,1107.9006679489596
62.93593083199152,116615.55664297205,50.66552371353414,1226.2646084122239
48.26753936379296,39947.00646473945,38.324307638257125,446.0657583858819
37.92118728223444,86774.86275688234,29.886920535439366,904.0497676075852
46.50048106401245,119819.46008420928,36.044292503745005,1240.6921901837204
18.902080320538676,118910.02524001735,15.79672918528711,1208.8668470145642
32.174016383703815,84299.06930616702,24.770425161410543,873.605761643662
49.0281562621562,41521.8783405735,40.69837234816211,465.3978551108723
31.63364753889087,82487.35478914753,25.645205070725652,856.3211866361552
47.04672516294555,30185.817201697955,39.19091050903748,351.55571956599584
38.15212894445101,47902.02012001736,31.43214719807865,515.8045207167578
24.36728101845516,116051.0843603964,19.502076792261825,1184.5305500738305
32.01926931993344,59739.65153425594,26.992038636670607,631.1668071037312
44.78835080295945,87455.10951992538,37.024472201135765,919.6182683675058
45.77101977866414,55277.35451690185,36.50193457748818,596.6444356701427
44.99328669593021,115303.96984004306,36.26590612404623,1197.1028589061186
48.70043853328528,95570.28569545381,38.39141857657037,1000.9247127212616
48.64885369007938,59668.60418232714,36.94820182148349,640.515217049252
38.27666646539677,101258.52790623337,31.311520330006402,1050.211450059557
60.13769000499996,39734.89720287039,49.61465275126535,458.26448674584833
35.27540789225114,65308.70460589135,28.14554705400994,687.5659744840674
38.48565148748446,49909.63149584331,32.23462218783229,538.9465711899335
59.92039768573659,91535.38025484416,47.46253944216026,971.104714077047
55.89111748516603,39220.165359473736,46.096588613184984,447.4543142208557
51.082763426397214,65732.32490544068,38.97046380700558,701.4445855106359
22.71066370367815,54898.47571882706,19.696589555389984,573.3448728431545
61.21568284599966,75570.86273914238,49.77780037575224,815.9778521628276
51.569341078808236,61490.7912453491,40.68984112697846,662.8717669008012
64.94580930868972,93576.951990031,53.48150513003911,1000.0208452412533
25.024070318925705,32211.932187626946,19.979057690647643,346.09653161458345
58.80192469630607,87058.82291753168,45.66948958184356,924.1120142337976
25.637167929789616,50751.4160724438,21.12080497488325,532.419543488762
46.93129952134068,54183.81258811644,38.029239548478316,587.5189388127095
23.819539193923752,102023.00432251712,19.855830621498804,1043.897983844689
57.856386778145016,116001.15545823787,45.890125019224335,1214.542274784647
55.943991060075504,58489.51890243779,45.785727109505835,639.1545497011814
44.74773471488589,104412.47433321681,35.127171788694,1086.0933488213668
37.137614969621985,39359.17541741098,29.941738663681818,430.74360864239145
21.250848786391487,87058.34877066448,18.193529280783004,893.5867031864652
50.77915233779449,97592.90695814269,41.51678171067618,1025.325492685873
39.316506085869236,44038.013523101086,30.437632511348955,477.592292039525
51.93661317510635,68340.21489026045,41.72222845573625,733.1787392110301
58.719969318645575,110343.64478240834,46.535981181214574,1158.9453509633063
63.84951073513563,39322.0617103535,51.26833698324334,454.50580766579037
58.22275709245272,31628.672238132764,45.11855703431392,369.4257055463369
18.55056195669509,83152.68411431403,15.352293704620145,850.3534338911676
34.918969030483105,69197.83864778401,28.880930186086008,726.9729665127613
52.30955643393073,101882.03239955124,42.9696856980126,1070.3716757902732
26.066594831287702,113110.9984383696,20.32565500026719,1154.6821080559805
42.48872049159408,56923.82800894345,33.84615078237038,609.0387095196469
20.55388545194492,64956.37054521948,16.850904113531055,669.481545543616
27.399836670130803,73764.48776963833,21.420828071476762,762.6024108108226
18.870524339648856,82933.63143917694,16.550226178512908,849.0086892839689
55.303792057798766,118546.8446713455,44.35849193770536,1238.1057102778298
28.524460338837866,92759.72257470465,23.079098527955672,955.0599441294652
34.23152899275443,65059.36566110119,26.286798400939784,681.583534651234
61.61982079288277,53739.09178054159,49.21662016735261,595.7555044159619
51.10747689040604,115016.31465799117,39.62474668474059,1198.1664393826923
19.496429687971467,42199.35897976557,16.231668427011158,442.27845572593225
25.7406253554019,94823.92672542823,21.3214830344565,975.9525917378907
47.209484870488886,113285.55227631966,37.72090044182297,1178.856494719658
45.129743664395875,89819.90278809948,36.69738467959311,944.6270186317089
29.180962604601905,68074.8996149509,23.38100123110405,709.3880860977264
61.90805790246531,47909.18459329356,49.52356931702891,538.2617813222392
46.85639993039711,63072.77900267345,36.849204087893554,672.6628728694164
43.17474174217304,93618.462847811,33.82577693961294,976.9721900237499
45.72576888866484,88458.0801757767,36.66555666291074,928.5462405208722
52.31573538728817,113517.8549938522,42.589977703499244,1185.7962761559795
32.66141478754129,108017.48222934375,25.83975378509077,1111.4058663140765
36.71638992415632,103453.56770397315,29.449841316219356,1069.679939894944
27.86265620183074,112030.5787815686,22.853887606347726,1148.014918918908
26.7510712763758,54870.343746334445,21.354936066996363,572.1968048102153
62.38550232924488,63257.118612568454,50.0375764227071,692.4176974749479
52.75888736731652,64190.451340741565,40.91859711180921,689.7738093849866
41.051564005025654,80440.55298388022,32.617212921839325,841.1982570447826
28.688487514746193,90139.64065884938,22.412748878995966,928.0337219705257
29.954754643208467,55804.50147363549,23.580240278667105,584.3163910260328
20.727370535222153,31751.62205783703,16.683131245611197,337.70327315232373
38.41758140123167,65930.01452921184,30.55514775747189,697.0039829513141
32.65440645372282,57767.51635989604,25.399451267372626,609.4651937682231
50.7281439743266,114796.62471162432,39.19415348170992,1194.5617032935477
35.754336446746606,109943.85364896392,28.650949826714793,1132.803461359989
26.441372845302837,107427.96105090776,21.24006297257641,1100.4274021393608
19.159900234392566,88769.97848507187,14.087546661373635,904.671651163308
21.160732678772682,60986.024822904496,17.76347862458716,631.151161675194
49.93146035443266,79396.43406593743,39.605975516116196,840.3426919352438
39.32375169413413,103370.25366447354,30.10282303163718,1069.669482135445
43.21922292210994,38874.93318505299,34.35912773663264,429.40645550146513
60.14355077289608,102096.73922297743,47.78252940703062,1078.567582226528
64.54593052764511,33706.18121953095,50.52877533482547,398.7866698484799
28.194158266728273,103477.89280929201,23.914607099781396,1063.8330685116869
49.16467554570474,102680.74237438862,40.47254661958901,1075.925705947873
30.37615170664608,34590.65779458803,26.502756628382393,379.2820707360645
18.970596974889247,86444.46403156724,15.702981715097607,883.89323653415
53.64379673029865,75220.77668816075,43.17331963367039,803.0338163550357
33.04080608865599,45283.75528545432,24.752053917011867,482.661668830835
36.0228030260792,43354.10439096381,28.211436992635704,468.36233411004883
45.65090433701947,99593.32134603208,35.35402755307677,1039.1800825260696
57.05927739610095,81092.34739531597,45.46177836978636,863.7280598149691
47.562146648783994,118469.92214248792,37.506423055376715,1230.2179598025848
59.01458080602758,118402.29995595098,47.203652295064664,1240.622486432985
30.85647563633488,119340.02941178397,23.940459069538765,1220.674269379611
55.50820119389049,40675.396652918935,44.22957910674604,459.97610537352733
26.724889382379754,114443.0523267566,21.679047509062364,1170.724387177722
62.781207877681396,52011.26481185065,49.337357656919075,578.8627062830834
50.31194899022732,71239.10337827509,41.50199111226162,762.3417310517453
28.128860824337245,98166.59002395533,23.1858469658595,1010.172923360763
62.52641775297944,48325.883886950876,50.575624868265606,543.6721218840925
52.35022291819742,80968.04449988969,43.158211464318406,861.2282926006474
29.935257201966216,46723.50734033961,23.606343202197184,495.1808039613053
28.02566293627165,39426.2496013164,23.497227939678506,423.56448763562713
42.35543355474117,40490.27511866386,33.09157000149346,443.07992249316607
19.206147748562984,62187.513136339694,14.38770430710397,637.8397051676918
27.75109354573214,30418.935315346513,21.980675216432502,330.44371459545306
37.960217031320795,68236.85290815205,29.075201819404583,716.1242333059396
35.585989075708596,89777.73945730341,30.113192083435518,934.2466555255843
39.7880449451461,66151.93665035898,34.013969612430486,702.8076935307258
31.048549195852402,37721.51404678516,25.27807246373449,407.029686051159
45.57886428353393,35641.997582127646,36.885005854552446,400.4000382384743
58.60121347839188,55030.48614883755,47.78891223839998,608.0786522892693
23.523997230215556,45238.14214892407,17.745302246231162,473.53103379454546
42.31681803624336,116858.54758961724,34.026920843986666,1208.6014247744013
24.207200998222206,43610.72024766765,18.46391143006103,458.0509434908409
51.6924050160519,102491.6193664497,41.41788277544433,1074.077991321614
36.614806031942805,82749.71475670303,28.46654513823212,861.2545206202634
44.57480165734992,81235.8227985865,38.03689229745224,861.0240017477909
26.614152302061697,76087.2644331406,22.616890822626015,790.0020438761253
24.80784468913873,117458.6768502556,19.38290052199429,1198.5764855803816
40.938645190500864,62746.0297582474,33.27923338499933,667.0370806170157
34.71379867894791,100912.41758584886,27.36874781256092,1042.6241883978983
62.20030142688221,79976.46967202637,49.794678483610404,859.4384130828284
53.970286928927365,65607.03008631535,42.42711362632354,706.4440806645532
53.18719013297572,115991.93399752027,41.87185535620903,1210.8537297208854
60.47482776805887,83848.43724282185,46.72643084373795,893.5159842963236
21.920854465774873,40702.524793141216,17.035875965490288,428.46440247639174
43.95304608635311,67578.52808971709,33.77837669395489,715.6541699203175
45.470375240921136,100342.35549134469,37.35911745295617,1049.3779850205215
63.21100979171976,92437.23209152924,51.292352954531566,986.4876773303316
31.730933759249794,112470.62968529169,25.126771904229084,1154.7006074429116
29.318952656026,53343.96457273682,23.230198963254935,562.3638750706282
22.713815286478397,98237.43447184414,19.274853228847107,1007.338153123852
18.77219259079929,71388.76866550688,16.435082704583202,735.4097126692359
61.68787788923296,81624.87722701339,49.67923210980827,877.0710843580582
49.48607768977277,115954.20129056547,39.39013888057295,1206.8591626695638
54.90218686508747,118135.76879902596,45.13089032365815,1236.06932707524
31.241314970435607,107543.18675330072,24.521811486093956,1104.9703707529748
45.56127781075735,62318.73789572666,33.80092133155711,661.3232419611899
21.005897507686115,109893.07521545878,16.737911680387136,1117.3925059127814
40.82449700892728,87474.82598772718,33.989065130647525,916.5091107829461
63.942271567988996,68699.71024236418,51.447620431276064,750.5144493715243
59.19574652987977,33216.84142504354,47.02076608876226,389.6396843102017
33.89347073633174,99311.53117724239,25.805795336663977,1022.8160646439029
63.19379726345043,75189.50226517017,50.148516213020606,811.6106210362458
28.889976444146612,100756.96495185547,22.404010108782483,1034.2298324543394
62.61798465353703,97322.0519408943,49.948986449289144,1033.518871856012
62.24475212120544,101421.06312435167,47.94652881897241,1070.6102091780026
55.56252160556241,57058.60428270901,44.10548178197239,623.2928549840227
47.63105303273918,102071.87391608678,39.49549151564242,1068.4766811920142
59.09153443137251,79396.16956195506,47.67788813638006,850.2104308504415
31.771953371866445,72599.35804042289,25.440466195634688,757.8265546774961
57.900347099707155,90761.33224386812,45.495484171829595,959.717153860143
47.04020452012362,31922.28146445135,36.32916291751367,361.3033711560991
18.622132314668278,39208.51342988348,14.967406453611147,410.002311014402
34.31997534281432,56295.96286507698,27.324039899858892,594.0088595771647
24.962620464563756,118469.10989620557,20.047482194629413,1207.8805932212015
64.1459813214579,42577.12009784595,50.051069521386594,486.1095652066368
40.48340443087944,59753.66706832893,32.200007416993145,636.3641185419414
41.37739417843714,34594.77582227313,33.147029848466026,384.96971504693636
48.05520827074001,59814.199226345365,36.281814414601506,641.2242856062459
35.32347648809203,58829.36578597485,27.614376246262946,620.859789843061
24.434312769223148,115212.645385007,20.260707104900792,1176.5260690423243
56.63953346012954,106063.86782961483,43.12279130452997,1111.6116074407398
26.922851859429624,64448.779731849434,22.38337921891375,670.6130195828897
42.03199217968343,32229.21522353238,36.619901297039135,368.1469146847989
28.542900361812745,104792.80025958404,22.247096353412854,1075.4379833183414
22.5986907712196,89448.25594300861,18.39089572038333,917.3683928542943
58.52300131881912,43712.80352861788,45.62554507811149,490.8143697198248
63.727215984087124,119646.41439091685,51.759518017475095,1258.0445472461054
63.15922892896101,39021.00936817107,51.36070749028946,453.09236665159455
60.60810846339541,108040.30874342966,48.59921213945335,1138.957398688031
54.380224636836026,56483.95477167201,43.213051387615344,617.0682251093638
33.657822145346174,69181.81196926413,27.773607270396273,725.6582173276531
21.811765329435847,101591.08740986831,16.207163352540668,1033.3174350723382
37.14033505644895,90975.75203946093,30.25081287230288,946.0076539665379
28.915004682034308,114407.79369996353,22.23561562543188,1170.8866799524
24.2269188336252,85902.62929143448,20.028706155608635,883.276497048679
20.511077543980786,38802.914533114745,16.38555030082814,408.1983277412597
52.102935117897204,109592.43269177552,42.51066319271611,1147.3894778814417
18.53709055537646,99223.9972489732,17.57492510448069,1014.6933902657934
54.21729517963048,94068.34058039897,43.02228320631247,992.856456887376
24.906492333817628,34836.01926183618,20.21903497100675,371.81810723085533
21.73753788157752,65660.04701955695,18.5153477068586,680.1188849382946
22.211342609214455,45069.22375135853,18.66748061967153,475.057547608208
49.58624694563398,103971.3517567082,40.41732191095008,1087.355308055431
29.532258863083705,93047.57605360766,24.824503330723193,960.7395494539695
37.76535493396463,109476.98375872217,31.62685480715181,1132.6467012075625
44.196333192224095,116991.75962317476,36.456747295629995,1214.080972172214
58.445905169953306,99727.28527732487,46.808737357204606,1054.6233074480697
52.17108034743243,119480.97748986859,42.14270934639345,1244.793613965368
30.705411546219587,85329.2897529869,25.293898597042777,883.495588109076
24.179691566682997,33341.664350230305,19.165812064784387,357.1131859446237
20.602593059796302,31282.636363526628,15.120800952430379,331.8956524643041
32.1751358206043,60789.348768340984,25.871343210778065,638.156739580661
30.319553014264876,104112.45471607834,23.014420759476344,1068.5805616373618
39.43860663962255,107952.12356922579,31.150429377642737,1115.4070540583389
50.11422277074098,116473.12759404101,39.65332998969746,1213.0090356579801
50.69439594502629,35860.93216939366,42.26424321340819,410.5357232463915
31.32538578936183,34011.39998888977,26.762358031635117,372.9983086971085
35.856566927305664,112195.52367303304,28.93678224009221,1158.181473949232
26.514095201634444,57454.202852657545,21.846069848363108,600.5287504503249
55.06163907840638,80218.86605486694,44.87533855197307,857.0067612651566
20.671859592362296,118420.03947006389,15.87509422271722,1203.9321886914004
50.75887036107441,66040.36812623311,40.889968016963266,708.3227168327257
54.598683609231855,89928.42584788559,43.688623902614346,952.7903566892929
54.5381554068914,66079.16072687868,43.30111163211163,714.1581007088429
30.192860524231683,99137.51980165018,24.81912829110015,1022.3956051905775
35.56921748283039,77494.32530155792,29.45600610011499,810.7814973166215
45.61718285423028,51377.082418771475,35.60588024930393,555.4829472899606
30.82262941394995,54417.549113261965,23.71698792466826,572.1680516306446
35.43008156324077,53225.32912845665,28.135292523129102,564.9186813737724
27.261551168725063,77908.82954327046,21.78900368360253,805.639115219751
39.61322653653235,93287.01144140979,31.61114988502666,972.353562975163
20.096778158943362,115435.19100388279,16.900523544663578,1175.1556357329953
55.59040657481905,92467.86375746819,46.4156850129959,980.1775112781789
21.616953008371738,100307.35595661515,15.839554786068225,1020.4226787519011
42.385251995081724,45203.3504278109,34.395464755700644,493.59661008291425
32.42007467862422,63665.636250659314,25.188974777091186,665.17094066523
45.14451859507464,67240.21978724396,35.73898596498632,714.4885638708004
63.093367019170984,91774.22070004257,50.70789662767067,979.3919441784846
48.341801489432186,56630.27787391862,38.07455122477402,610.8794472918635
19.662034480508073,57296.27292776995,16.980018362024175,593.4200463424241
38.22891465687888,62030.02391767813,29.915097427747572,654.9550657975169
41.970792058957755,102927.1873388909,34.473051762707065,1072.9459057580946
43.20034225106224,81983.10810390138,35.35687666352701,863.8353964291825
50.02544799838038,36774.9551849461,39.71754681480079,415.3957118755337
31.047016593393003,37042.14897214219,25.160901378365214,401.3034509393356
24.056446576917047,63415.82498542494,20.39547814232237,660.3711822545647
36.455756797713434,98993.19455455424,27.374181589543273,1021.8745668017933
62.9510689714096,91981.50838308125,52.60193269617,984.1942715829861
26.795151912289704,93718.4119186068,21.355288050493698,963.2165686722623
60.48724588162714,99048.90594486872,48.728767823628246,1048.809337568257
43.558879653634335,55843.744159769645,33.74948265045277,599.00335147201
39.47483681735099,79343.06537478793,31.416577031558653,831.6961836308128
59.45594628080481,78901.73762850926,50.26703518068149,851.1025872718393
39.554386203123535,96566.92510619544,32.166010473561165,1004.3023989205356
52.03587892074253,116118.35121950817,40.83361615223846,1210.4025151409105
36.75419012004579,55019.09503159193,29.275676584062857,584.571861233066
60.49008646634501,101395.35054813433,49.43234296323551,1074.8695549479644
50.431175948987686,89397.34936709362,41.610329870686826,945.8243159106635
50.882236549774284,82221.40837771141,41.45690842623304,871.5376580870692
33.402858873184584,99739.18014126617,26.47495301985808,1028.9115348551427
53.56859620863379,114962.92197852895,42.92868280054594,1201.1332216830563
47.89486960601565,33302.227608247165,37.49036013843621,378.1096067241773
29.280952848846347,43266.00922618986,22.488614306373456,459.72241464666547
25.54532465680705,98065.85083510041,19.665256181167756,1005.1042715483595
55.43039930231459,37541.22176190761,44.12157084237782,427.59166000077283
63.08083034265546,76451.13306669837,51.30910678046355,827.1324981136132
39.53252488122202,49787.469897744624,33.244188718198096,538.4125182849476
45.77625577021319,54686.61334584763,36.71789285399134,590.4166056748048
58.312964277097066,93165.64346499747,47.475884518522946,989.4185341229592
39.489502307631284,32717.349594184045,31.63157795179683,364.96553156446964
62.7381004111386,108598.74851117133,50.09012418758056,1146.849920724192
45.06030461610901,70003.1059817043,35.863405963819545,742.658883132364
56.5760546729618,75215.3964516391,43.02976247237775,801.752429954181
60.7156547653987,78604.31673243227,47.872669110905875,842.229534552865
56.32961948212274,88098.98651215446,46.639915327660084,937.742226741055
25.49247978210093,61037.09279604733,20.874391211431035,635.4039965902112
47.55822663589991,39099.67415071422,36.949257486609945,434.11848554686804
36.726410155124825,58654.104299955885,29.00472493119639,620.9238285680582
20.94750874509725,45132.79062205383,17.114478055418775,472.2597469598353
37.92951583882257,80051.98615054265,29.243174850710954,833.7432849141958
30.15815114380216,58622.57678643479,23.975291326209977,613.8188806153422
57.904800496140005,116226.04601940914,46.72009696919111,1218.7244163353544
19.56531744769472,116916.08501822526,14.62804052530287,1187.173414007737
63.07218792758326,85811.32925114172,50.92293098513149,918.8423747301041
34.70233587818069,85574.75409005574,27.381000744814305,887.8597040276886
34.76522384891952,118684.07081103954,27.66358599506235,1219.772195780859
18.76743962613427,109855.48361116674,16.442885112483733,1120.2235308438183
26.705919286100645,98856.2954242326,20.396221531063876,1012.9965109500946
36.859196537769606,58223.15505684311,28.52566262608896,614.3055473421476
61.676696613227556,62898.512530626875,48.68940122426979,687.1697457057212
22.68190172039975,48114.00891847789,18.309903910135095,503.67346264720607
62.42917207351674,73843.33142256372,50.119972617751486,797.5352324958999
58.86596093569172,119133.16699256217,47.338525735300344,1247.4656734887244
39.345632654654935,112093.58577104298,32.928402819880176,1160.1270929752536
33.354941443108224,40651.44906175222,27.19568107686738,439.4574651606703
28.93897407611567,32267.126036145553,22.67453928203298,349.4049674477067
46.8798412044131,110877.39015674396,38.40845965363659,1156.6307878987939
19.554505799348764,78345.31151538367,15.502118372807585,802.402541524964
18.733485029000928,48017.089938761055,13.43896043169719,496.1724290631127
38.15339895741718,90628.79426261719,28.860366149891803,939.1857902313284
21.19948147681185,87980.08601368379,17.229324052802404,899.667426780737
29.841226447566367,40987.70461528205,23.546052164426563,436.620492311934
28.394563021265938,53364.02101478576,23.863851236921256,564.2554184574119
29.89998610497404,35407.016788193214,23.982987686978984,383.6903591906489
24.159595867117115,48887.442648312775,19.78927500623134,511.4531521521193
18.56570247618975,41907.51073677566,17.756174274149856,442.18952704284175
23.42776196552116,47391.26632271005,19.338815693092705,496.4940718447927
47.06857219709915,91692.04313218052,38.949636120725124,963.4958322991239
63.79004200244837,34454.9769834961,50.83950200971332,405.45546658140785
64.54621507336202,39166.915372339485,51.355337649652455,454.41098979525435
37.225542482533896,42075.62742704589,28.200741123470447,453.5827379586032
25.65885802419045,58488.700886232065,22.6380790571045,613.0590062213926
48.02180259622688,56887.52797667468,38.37913565773454,614.2633785565368
41.04435128779065,52955.74067849755,32.807830886766666,569.7981211002176
64.50225953236827,97548.29880891746,50.502299835074965,1036.3003945342589
21.06929773613367,119822.05089822905,16.53953163311979,1219.127265806694
54.81201860074922,78058.01312659163,43.57976087253591,834.1054817950347
31.554729374580212,114978.24461225478,25.582382883246375,1179.9593952189161
29.34667514359898,65694.91009134582,25.040753805086734,688.2599468549081
49.137714862035764,39601.42021224421,39.10324496031166,443.5888310556216
29.564969694575332,66789.64465228535,23.96396592979869,696.532763834172
49.29537852528182,56651.4996073224,38.61597428846017,611.8090101263409
42.31350030850757,74406.62660602602,34.062535839735155,785.727653578164
37.93218245648492,89133.93092247809,30.440548575354395,928.6215722670642
44.07032700708669,71494.51972371674,35.884686579912426,758.4122869243351
31.4914214362226,114164.4460870043,25.248411182379712,1171.623702002036
51.20901119483001,109628.83400694419,40.57112228542571,1145.3930721107545
37.49827285867751,93177.98356495774,29.40254177980214,966.9477791282347
34.945641342836936,74071.64211280942,28.08039709231454,775.389611425191
56.946874984119674,41851.85536330112,44.4754323948667,471.8114241066838
61.47344486180003,65731.230009987,49.894036450894944,717.7279658057174
20.162343611702955,93396.13854610562,15.885625994381533,952.1710726419162
28.93346866299898,55639.696849835804,22.37969986485149,584.4113390080917
34.38041036615047,39358.92697890784,25.194083399266738,422.75186552437225
56.30342453040163,111710.86117595654,44.73952662746709,1169.4735795661666
64.31809709923499,93814.57288339901,51.19014406348548,998.9504514992043
63.541670119506534,85374.87839715875,52.00458916995944,916.8165382113018
60.53257224084656,101324.90150480249,48.59956668737185,1071.194648393267
31.938144458009404,105208.1433825128,25.631501112248042,1083.712262204089
64.62452844048028,73511.30983539211,51.45809383558626,796.8547401194891
29.722741929653207,109306.9426268496,24.019160777713942,1121.4576832923724
22.977589279464915,112477.71096309948,19.413739167029213,1149.4158290853077
62.69477271960352,54439.59858823032,51.600315914045694,605.750080448935
28.970752007000527,84679.0823811715,24.062683794362556,875.4599086123716
50.41910845865427,77392.56259384222,39.46942530203278,820.9447000632111
20.742748872087667,78415.12012367122,16.496397820353025,803.18403572566
52.34332765899138,114389.67845681058,41.08129498155475,1192.7206211834673
59.44084997969046,57466.98324237261,48.13429314196686,632.5592599201624
30.80453408690024,118509.05804111186,24.10732135944792,1213.00945607542
35.81567411563914,111191.80933238089,27.872586579007567,1145.619201491927
35.59192061608306,71285.05997521523,25.98806071238665,743.2146699509742
53.19304810438626,103570.79372563495,42.52725876118237,1085.2075566958704
29.176940399334825,99214.22948881265,24.212329357517863,1021.5197799677254
26.07709565523922,91010.54726566692,19.779665743413865,932.0597428270162
39.11670748832369,58785.05004448388,30.90850256637571,624.6567071634637
32.31001514673402,47680.58926388585,26.466944031720487,509.56698140087576
57.441888746156664,90437.49270891823,46.23646390892114,958.8858618101419
29.17386582273502,105867.59667609757,23.3233047377523,1084.5616344969876
41.61230450199529,31462.750980963272,33.31546915655084,355.6036686463139
62.301429185802725,87852.3037777661,50.69940198591447,940.5708447175926
47.79789179399906,69858.57221599913,39.40750653612774,746.9508989598288
58.762602056735844,110827.89796142852,49.43515379084572,1169.183664607044
62.189855399674066,58932.56377687847,51.28897536008197,652.0077354990993
53.28594850865854,72676.63310372597,43.325191829811835,778.7793300846097
50.880027830563314,76329.03936316677,40.45644896814473,810.703679493264
63.49438163039867,42639.55692339477,49.431472444535494,485.9785790775657
64.73683711344094,94160.30724290157,52.0978717061209,1003.5712502871536
39.2356190854787,104742.87106088636,32.82534671023913,1087.5461930028873
21.330879574657793,35211.83492066342,16.376669795480595,371.23790983193425
31.761319477704387,56224.993848321246,24.212601687080213,590.8789374919527
25.160671167323333,33424.02133815521,19.769847201375438,358.07882855238586
37.62185961541255,116088.96942194182,27.782969231609783,1193.3303950628044
24.170598438243033,90045.19386334412,19.10382477116012,924.1335538213349
46.39353678898145,116778.03775093034,36.03927371174938,1211.0883383215066
35.991978780419146,77834.48504981771,28.699029728871096,811.7149654423152
60.08313656154587,102186.16715060525,49.18288372036447,1082.5701334588227
63.48634957452959,63697.2585491766,49.5291960201028,694.3720729684285
43.70359037846284,61843.71293153768,35.64363665721004,660.8545099322735
30.916707783777042,64044.10353946194,24.86591938214145,668.1075249532655
45.834829681806326,89207.59203537853,38.44074111177032,940.3527069740552
60.14777443654726,62350.7835919487,48.429342746736275,681.4545473979952
37.11646725428017,111033.0706443803,29.685435580272284,1146.4824788314345
43.94767900452263,118494.73785451398,36.06497045618901,1228.0352453734045
30.767680077488855,32738.386380330532,24.973094485231773,358.59886647082095
39.40587502415127,47426.09613622469,32.67177867463341,513.2288968433521
36.88053616284114,40102.49933286474,29.163442542533236,436.18513271372757
29.67543285889964,33812.764238229895,22.480480825545428,364.06225729850087
41.77572003978949,50496.68940125578,33.75489879743897,546.281103202369
32.58789882105114,70211.3988332173,25.460019799741474,732.0168075280995
35.53263860239513,105329.13287598154,28.334668636540428,1087.4616217832267
42.673610785950416,49964.16274589965,34.07432917742805,540.7163769274609
53.27796607766241,74455.07300959811,44.082594646458716,797.7596276862419
33.67485089218994,113665.6865502079,27.342868937128156,1170.5135073933386
61.43546203117589,90049.32361080075,48.404124875061356,958.8741801724514
58.52897170128741,101827.11177803978,47.55667714015805,1074.9289887318737
20.288443910849843,79589.45731669376,15.248926218902104,813.1926886643025
29.92119864007067,118241.9812956567,22.52648100033856,1208.6390587366475
38.96836909498249,82979.59392133268,29.389182393784967,863.0576722179544
22.917510770896282,34095.96425663324,17.1082767799374,361.15520697183064
34.37837148457436,47818.45199458154,28.06969186372118,512.2626625412356
52.78458370403108,66429.62660614331,44.26796756977163,717.9093316147032
49.984180613712816,84114.94553163987,39.48122915816934,888.8138220440984
47.252068142602226,99473.7780668064,37.07909719371988,1038.8501645784256
51.39483492795024,67177.75133134976,40.66332206167929,719.5312561111325
27.631413287105982,93905.24745141198,21.97239015653144,966.0241237422181
34.05981139864241,101088.25527982124,26.977851703254697,1042.7757886126622
49.783396667040755,58553.417752498455,39.328876467593524,630.9389871690106
59.324033862472376,118134.32160322367,48.05011489679951,1239.3108439407615
43.552868529920474,88469.0845712252,34.1339622760186,924.9456530934718
31.28688359444022,109289.8254707518,25.864988685029225,1125.2857271188464
19.42105712628118,80034.3919927746,14.225350697471935,816.8421502942923
51.38583096178803,96744.27964370913,41.50961762681244,1015.7809769499073
18.3705528648967,99348.96554547288,15.23472653696319,1012.7916921528026
35.51591628158679,111742.35413111211,28.198988786634942,1151.5711412184476
42.935249084450746,43531.47811842333,35.47563157784935,478.9514766236564
61.33923870305807,80245.50817523236,51.251815911817694,864.1840072332567
22.206243616546306,68554.06617952706,17.087548290453384,706.210861937488
37.07928913250933,113084.31190563663,29.467219479990074,1165.9745741260722
19.142720386377416,39458.52248240993,16.163866876652936,415.8376627107313
34.10271626405475,118431.64998128216,26.34053600867556,1216.94306802587
47.24485976547036,108790.61916839666,37.98238239638495,1131.6664197169853
31.116193566744123,36644.365340782366,24.93733026796096,395.01628990636937
27.858247633814848,74186.9746986427,23.069718834203243,770.0857736378623
23.4380519663734,94580.35501912734,18.63311943684622,968.4435365948539
45.12559146895606,96433.63911219509,37.56163762701859,1009.7208287219703
50.67769027752024,111584.47127141287,40.02863799363729,1163.3523138101805
49.58198560800365,101987.88920240798,40.61141867233939,1067.364741265129
62.596467973863845,57983.73423096805,50.675944444532796,640.3565165255002
18.127051052994627,74859.13072762071,14.83795926670995,767.6551116247979
48.418242733019696,93160.71866422686,40.22992160806469,980.2855233872691
46.21843514358906,42459.31572279162,37.03626729101551,469.5484859839265
45.67076166860355,47459.17178401776,36.685116530274286,519.9965089076783
63.250205032491394,73293.82032988853,49.78528277065053,790.984214301855
18.792968648391867,56842.12188349615,15.635959681375946,587.0072797426175
50.734674242968154,107630.33248056854,41.89581758704862,1128.189395153274
56.24289653598758,82764.95893685562,43.353073305254256,880.0438976744522
41.96093824121445,61379.867794653095,33.67781247530757,655.6573498900486
33.696348871050034,106394.97230439691,25.695640044563252,1093.7209053547356
55.16948767168803,102439.0603698815,43.17746473399572,1076.118709024556
22.57041750472396,119851.93893893425,16.107809017683902,1216.3780437870846
38.77567497330649,106257.69195003614,31.505705314724995,1100.0027624151035
42.4377616048294,67301.08813251117,33.17371128733352,713.067001806155
50.61595131392373,41474.899359298965,40.67088388866127,462.95225384798044
22.271629405523242,105657.68173804301,17.80473801141398,1077.8007839986622
28.704696572279467,35378.212616435456,23.56541095184992,381.0004246333826
37.2841734464359,61524.408661036876,29.05263024683867,649.9279575530288
47.294849631946136,112776.41826941464,37.45250673569906,1172.3200549899823
59.68715671721862,116468.98261005906,49.32337345079062,1225.4321995265839
47.0848299073447,87650.81341690966,37.179322228416474,919.7746502694446
24.272689133941917,91978.34852853422,21.911188185757265,947.029390014984
64.08726624100228,33820.90398529702,50.811420761817985,399.0972285450204
58.97392953350817,76303.23069805931,46.439220702927905,817.9641899044984
41.627875773830226,79218.1360925707,35.010875176977116,835.0844815553987
61.35035514444175,60609.067151170006,48.30090046354372,663.4128643233823
43.44489730658538,36173.71512784959,33.97575447077296,402.1626820743892
61.39538519079067,50601.68397519546,49.38081261595867,565.3643125169232
57.00517632435713,62218.554317507675,43.78850618314678,673.3307899851231
63.509461283831975,69162.77878646966,50.691219116781554,752.7963208854873
61.22979210657344,83183.40529802123,49.86946976955998,890.405696414491
19.693589419142764,95015.23668284126,14.281412194216081,967.6375413944634
26.21428419556418,58586.868594655156,20.920151670119132,612.3756280132015
36.289329823755736,59605.83839270848,29.107183843531537,631.3561959214994
62.750706772884776,31772.247845133334,49.63360716805932,375.99584737146523
32.10135921536869,33678.737408461646,25.2121647204263,365.35883181590003
25.54197926271725,53203.95248776828,21.488249813649606,558.2865707401905
59.65631930606831,96622.0497907461,47.322179185350414,1022.2633622598078
38.98053752771054,86548.2447336521,32.60903295319823,905.8213569395388
60.67015293465332,99281.01186100513,48.849631176768206,1052.4744784720592
25.530831917046733,99202.74925933396,20.686528772314517,1017.1839644346949
49.072523040880675,107091.07209023711,39.39219839700812,1118.749477911315
38.69239638298612,94828.73393881953,30.950312014111045,985.7493074275377
21.594878144423415,118110.98271007405,19.473217456000224,1206.7722538653802
50.73376779866753,110894.26973716356,40.328194513102204,1156.878431006612
29.627741510340222,82804.54496009108,22.753178808447778,855.1388568002166
19.861929561237332,82934.19034420545,14.707655482643485,845.9140134629525
20.817382017729944,33084.03363170065,19.45405536660354,354.6998530605607
20.870691242139007,119867.39199375188,18.102741481622058,1221.765491142192
60.663449001796856,41841.83976295276,48.528869651228106,476.92739151281194
52.774544137967744,96631.24769684327,43.129359748674226,1018.240941933636
60.208930789045546,103891.3675611878,47.35849680710447,1095.5911483676439
49.611368630936504,63574.90763746829,39.930598771079495,683.8688221080697
42.86017666445151,47716.68491987824,33.68582305154238,517.4918621557774
32.30897912432678,38888.38981114995,27.197686574712005,422.1520514204866
64.90422581244765,97374.540524662,53.242518093431926,1038.4486577873754
35.0228857701513,70738.81762851261,27.041671157931734,739.4078160833986
40.12050061305375,94234.59831010221,32.79124785654786,982.9025946218104
35.7775232214027,112386.68839666205,28.794639620698817,1158.0991458479498
64.03776567876656,43192.5362535951,52.53565401953978,496.0987654643075
26.208944113565273,112725.39006514197,21.459855332602903,1151.3353294438978
33.415436042679744,67046.38135575931,25.948259737022397,703.0719198437035
49.97638730270508,57474.03089075601,39.26867310886416,621.4101123999006
20.97075806191564,114875.60345425011,17.754192452611047,1170.3603216508388
46.54072057854243,119158.65233457595,36.50327451466199,1236.2640144445593
40.449385635191554,47900.299599070335,32.3923756399962,517.034555492771
31.347998907818752,89115.4512256785,24.2055688255673,919.03577033962
29.205424203430724,39584.57823939543,22.17769570348123,420.70577055423075
42.182098935041566,88582.26034717553,34.52721799135226,928.2114334825106
35.29259628524095,104458.19049982648,26.8646345070333,1076.4874686822764
39.456434889344806,91604.86918716608,31.921332141451636,953.72237798341
33.861436942919276,67559.98278563362,28.535928391242866,709.2714388943808
63.613203599010944,64475.97236073926,51.7705777349347,707.5859749301429
24.27165329204339,65381.01737010753,19.25016405843466,676.4037576745321
22.54978579938359,83074.06361936309,18.287266670976134,852.5366087855217
34.13941125317305,109341.0543065246,27.110678479438434,1124.8433937790455
45.77826434091309,113615.95415418911,34.91683329593614,1178.314844132734
48.98129417695132,34817.66581865863,39.03913329391158,394.35062448140667
36.67106711689797,46346.01551811195,29.196358650496627,499.56512774087776
64.96606571434205,40100.188424545966,53.42540984405,465.61112891062345
34.538970821073,47400.11766902226,29.27887551956808,509.50501233589324
51.90611339411777,61194.702954825465,42.034775719272986,663.6885503571465
47.96638664294726,75587.85143603614,37.76704114745601,799.8958224980466
56.21353157263065,86651.51043082369,44.41169036960543,920.0091545383725
63.88260618232954,95892.79972257314,51.49646517007877,1020.1591928964239
59.82030185294039,110110.03872472263,48.62443296218786,1161.228325834813
53.9344127948123,119017.95935068117,42.42934831327395,1240.9535854535632
50.81767845745966,89657.08307014078,41.4959045241266,947.4426550814077
33.768413974767284,106082.80668009867,26.312984636282717,1092.0159356646423
24.941222175715247,100023.4962232229,20.09205651770419,1025.4967693406713
20.94389214381106,57677.88352968408,17.613710827400908,599.7026273268809
29.369380097469787,108812.30432114308,21.773117008716643,1114.1007268701667
38.317229615521036,33848.6824153019,31.450105638052246,376.0238428477556
42.53382486060917,30033.060937631206,33.689146966706176,339.72045753549133
54.33492704057897,54635.93664496178,43.588571510480236,598.4688199230511
63.06082338365987,71588.77766647049,51.069376217121096,778.1127451016283
23.51406257808612,87452.66055006096,19.720668367858416,899.6930315290732
23.029194589108204,39159.32398900903,20.126608230833,415.71669098016844
45.71565198163688,90570.9120451356,36.40009899113537,949.6484504993556
53.03370947552277,102163.4280353725,41.51815069763441,1071.3655980389299
57.863067876308286,46678.16276214301,48.831338894030225,526.9149744562933
61.98410777018906,67361.27293486145,48.73542097977166,732.762372567897
64.22103338625018,76798.64909579788,49.747414041477604,827.9553151920775
36.790679534552716,70662.63162760326,29.74994600569264,742.9180708561962
35.87575362579594,101984.69377996236,29.855381673225057,1056.4238223604577
24.9470078047718,116447.01583073978,20.91138534480278,1189.8836111628298
50.19191861812729,101905.78476073619,40.49291305859994,1067.9914389816709
48.867812046719344,37019.35360882421,38.8032861858271,417.009969499269
58.51694200500674,102444.20149432145,46.86434284943633,1080.3859699791192
22.57112575501911,35993.6699011996,18.66303275653392,382.6313387521967
41.39551466779106,51237.3346717413,33.25980377837767,552.919474350793
45.31085069458696,43778.72071521505,34.86209148395935,479.5091723991386
29.353180881876163,47776.71961614769,23.93868944760892,507.4191404660544
25.94419408807058,77548.36143516155,21.77659591109041,803.0099448038105
58.40029931172221,90452.08718497683,45.85741249994714,958.5373503986074
20.75114134507126,72328.91541024369,16.241266945273637,741.2804604356664
40.11918248414943,116372.60751263192,32.932840298751955,1203.9471679536105
23.44419806114161,51626.30880271499,18.07881304200146,536.8636888142978
39.48176178257427,98682.62072293136,32.47401211260063,1025.6919960925975
64.05822933808854,108316.39606564336,50.44753576158998,1144.148651002355
37.91419861240722,80585.94996792472,29.376226788356057,840.8524903780411
58.28487112271466,71060.02517653978,47.088796731022526,767.0043983162118
23.51383151661011,83656.60021013193,18.24050858287931,857.8521446947316
30.748847607807612,68592.87931443087,24.300306917483464,715.6886308989299
36.978258811364725,79967.44940910325,30.172784136482754,835.6342358828176
36.791170580438546,67524.05569159213,28.60519618534874,708.8197719497716
49.555023497497196,66042.27392647206,41.09856550167644,710.0826586755393
34.20175198664886,92581.18213255767,26.110067650291157,958.2299782283765
51.54704281527077,38356.60917611711,41.745963803560365,433.8333040177017
48.04178426359345,44988.78654559387,37.142443444078616,493.1105324222464
36.76057382697434,106607.86245435035,31.449266387966276,1104.2857550829017
38.292725999753,99396.96121336693,29.238681365470182,1028.3268848801515
46.88280189108507,55330.835456495435,36.819673941836584,596.7476391657481
21.2919829367983,63954.20393991842,17.77151898303748,661.3886316967039
56.65311670271745,113342.38559656325,45.623842450069375,1187.6355048379125
48.71079457234093,103626.95026564751,39.11220385764886,1082.0881193166301
52.13809582763825,85291.16699816678,42.10065814180293,903.6186333590472
43.23538105087235,49934.116092266195,36.28949823093604,542.3842468350035
23.192424216612004,33982.67741837426,18.54394824680499,361.31377019298367
37.03667382495665,68813.20621577083,28.652233428033213,721.195654361732
37.05255839388214,90536.44253317156,30.065116897879996,941.9571577387248
33.08902053203119,104563.24414660664,25.84061467351378,1075.4471696590535
19.40766527052322,106742.01051680424,13.927191774009518,1083.9740984954626
52.650949402034435,32949.8311164027,40.44989906415616,377.9937610745353
23.159869528937534,51974.13304531915,16.650990183905854,539.3604955285274
46.496482253119,60518.51296296627,35.70376368910628,646.7442934728313
51.05122233395914,46985.89898634473,42.34381848573016,519.9121690296425
47.83495717788365,102267.78405274541,39.63762762581923,1071.1643727627907
63.07968584296482,99071.91867764483,50.8707381891391,1052.0182676547804
22.855013289001516,76514.97363428737,19.948583444581057,789.1568316783095
58.75685647794436,118463.383019627,47.212970717082825,1241.307462662685
19.371941037898925,42965.2686981758,16.567991226055312,449.8625626871102
43.141092181572944,110968.6532994902,35.525335106863416,1152.9328727457266
36.99945004314516,40481.69287457246,29.71120237026794,441.84188925731496
42.636641438506636,44686.353496270865,34.38676281763846,487.43278209268146
35.15969422182046,92659.72802255569,28.960773083817763,961.0029400261484
26.9566450021832,39861.27228375204,19.9966591829296,422.42424376279985
18.89877618008842,80926.05858768398,14.607101737039422,825.1324961230132
42.35304124818519,67821.01828253883,34.162257893915175,719.0831465179406
57.610512546187586,95562.65689869133,46.10564731161055,1009.9626732322225
35.541149920005324,111060.77149279787,29.224867827391943,1146.056287183885
28.47459944670407,99288.43632021498,22.299863494918405,1019.8585120417449
21.785004163176673,106472.08887790695,17.380707325615578,1086.1944066404087
22.00961338657906,32965.09036781092,17.00235931886228,349.2351882334711
28.405632975760295,57917.59484197828,24.388873135817605,608.9357726025391
22.700660863313093,76388.97780176991,17.88619031622203,784.6026435864226
30.456865823130656,67435.79831668016,25.542196975122167,706.7982762217488
21.109024719496873,50812.945768171965,17.478005810200674,528.287883607421
21.083428758866503,57708.668816402096,15.42701734806187,594.9960193098217
58.24498044227075,115088.78733524452,47.11298712541206,1206.6661413068007
25.619652253315163,56476.27918842164,21.863709912054073,592.0601634012418
44.305073073702054,61851.369916180716,36.72581258965705,664.2715086732754
54.35241058910444,30333.879637501683,44.62128093629491,358.1885986928368
39.45124957093613,106056.98645500871,31.45463618039104,1098.9208497582954
25.20833725938925,43935.6633061419,20.842091527664014,465.3162940642931
27.381018679645372,48372.984796235345,22.715007209045982,512.5935984303077
38.35025769521549,52973.8065382823,30.531840631749915,566.7237592854658
42.82700219139118,109615.98511603584,35.155668111971394,1139.7398035292542
34.423693726281144,48580.62701216833,27.091926114744147,518.2332504858089
54.72954121102908,101777.3724781146,43.60961595616253,1069.73778303309
53.29801749625073,102724.44062906141,41.64136633139197,1076.06110023691
61.57895494653654,113431.85119077562,49.9326663591472,1194.8484877472818
19.360769804267147,40400.51822402826,16.543786742587095,424.4489008072296
60.09749068687956,49555.10751040482,48.421269682181425,553.6203217346978
36.450733057721095,96860.84628726493,28.01502282003391,1003.0266880218534
59.28350728285972,47640.067885266515,46.39619843705034,532.1178102351762
50.46688447935689,55769.65921861041,41.10324089662495,607.1631982866884
64.40539158247651,45006.74221002264,51.42538051310969,512.5318350603553
53.6862752306834,45542.70175395443,45.325927744679134,511.16187361800036
35.133597421848975,73339.8019165385,28.13029867793442,766.9537059522987
41.54996912323335,39871.47559016627,31.3120297981988,434.80892937485606
35.690290294134506,58952.785661726,29.914510381843364,625.2099401534684
35.15085629299819,68393.4518638991,29.067228717507668,718.4585167004309
30.262511470909807,32209.330487157982,23.725238095111735,350.2399258263395
41.31060388255307,64949.984982700735,31.731738990430415,688.3403691647069
50.041777418259976,38471.019247696524,40.915512631486095,434.4984941238307
31.034992751346444,74422.0678031559,25.918362896368215,776.3324836863417
42.64585112062934,104316.43697013867,32.45250427035102,1081.011920598776
23.516873826016187,103657.99459636085,18.78683262628748,1059.3491089294478
25.51272848214699,37240.366398366044,21.65568138433955,399.2422465317955
20.199898671472873,84110.49819070681,16.036377048508047,860.3245144633161
63.62437781021974,105112.77437741128,52.06124320965274,1115.0905997664079
18.18143652098227,51417.52886411718,14.491883564757387,531.1352320605795
26.393258498709848,98573.38603046392,21.85273692038566,1011.2117831771519
46.80473739649864,110168.7911805084,38.657986881309505,1149.4263802891041
21.82437114610535,102551.17362963998,18.043539923025836,1047.7364716899478
59.44913564555112,39657.09283639541,46.91925323312635,452.060047030086
51.82214741858754,30815.39995701464,43.96715469096796,363.273368317385
63.42032865758099,47255.16989296611,51.27020644661173,534.3751958318193
41.85887072031595,54342.96068519609,33.49717192896874,582.0577583334982
32.1189731084489,85456.46915543635,24.6987538970777,884.7770755530865
43.826526921377756,64584.585771808655,35.367140232895984,689.0646725795413
61.74847971300474,93306.63275953261,48.45682269844032,990.4827852005931
42.47578755036744,61776.74644694477,34.928701934670976,659.920457674722
30.558730497528977,43898.28821891403,23.506760024132202,466.84291893498965
59.237743091183624,58142.08591374316,48.65953267685321,639.9051633992008
35.48018118008568,109589.18037502214,28.662530165266865,1132.2268770309247
18.06501744995296,116267.91098205584,13.330741867457027,1179.914956554655
29.64119605713885,48676.146066063164,23.012079079074343,514.1146001117179
32.95697493132193,100962.15483219973,25.600765264606302,1040.576801809271
58.3625410068994,54601.38628858836,46.44666151124323,603.6664985134698
39.549648852122914,109841.83890882668,32.07828295029942,1136.6474924050344
38.89560252713113,44899.10515166299,30.308287069513256,485.645139923885
33.7968065207947,89936.39268246511,27.626578648550158,933.6718240072668
59.39187178321274,37579.013824186426,48.387093034020275,434.2219719569642
62.4162585161984,117650.39915764825,49.975140289063475,1237.2798348659494
64.61884547026759,93057.00101764886,52.559253481575304,994.6979075697748
35.70683954716638,105763.41654645767,29.28648532112129,1092.6517513553517
63.40892994447705,81000.2405426731,52.37953038591704,873.3073399956509
55.218339772652364,72912.12275359742,45.14149707713643,785.1540164813017
49.75738993928054,85969.41522549285,39.9358637641348,907.9057925146669
29.50980553274467,77586.73605295032,23.19756108455181,802.07403333239
28.17349126437786,72244.59196306377,23.22683771680218,751.2608851327941
25.804247752498547,98350.52263118785,22.51245168912261,1011.8105133129526
61.36956068059217,46038.085944534134,49.73186822047823,521.0248434280893
31.821603132008807,45405.48433396427,24.82197522352416,485.21405560516575
39.29542953609729,68865.83855847357,31.05072511681315,724.6803987285715
41.21601819739951,58867.31244404514,33.48203009044204,629.0131915685889
54.57406498616194,36671.20661217217,41.550774425086885,412.9543182240052
57.67904319299213,106002.34431768609,47.0091800708454,1115.2159726429657
24.5364169539848,99444.25260249148,18.680196282554927,1017.819714845257
38.06450492992046,78952.93498226863,30.25305951334386,826.7390312295786
57.614179728266485,118139.2083537932,46.359850606278336,1236.8699123723056
56.44756537052441,36534.00598928448,45.669444418881,420.0678826727835
22.81344664726357,99000.23709250875,19.45803689167908,1013.2291003566461
25.35001739679426,53973.335244818714,19.171624405621007,561.2378358273245
32.29733850517216,63173.902794921785,26.02172071375522,662.2724108639018
21.541876246916996,49735.14466827608,16.402936686246427,515.9308506170615
37.95916113350786,101013.41023156788,31.360653827393396,1046.931235193842
23.05803214203035,42981.60918194094,17.197747403072942,451.0162160973659
44.70622690248271,105601.50279617502,36.74673936617299,1100.6346438916419
29.58817617112434,89541.98834068506,24.591777315329942,925.9804147379173
46.032354071432266,35312.09207422032,36.41789612455434,397.1194900605715
23.52370521647097,102988.3558440138,18.747632095224876,1051.4968688302704
63.86654181567107,86498.01445466815,51.0625732808766,925.8962712053508
61.830376581295,111448.40876205073,50.47259147629211,1175.9326317303514
36.41445611253929,97385.00757677744,24.681645250310332,1001.3333010624316
29.382393923926017,80500.88346867973,22.5153931493439,832.7756416842238
29.76871600411792,105289.24625572779,23.88084511927495,1081.562210676947
40.71949615451243,55024.52144710999,34.7440284011709,593.1463744641217
19.879661689333698,79225.50556601072,16.52850010209294,812.8215455649103
48.06613998553097,56425.51378230691,38.73027220167246,610.4298823269318
37.19023669196801,117138.39519814578,30.34519311025829,1208.2250343348437
35.7381089116777,50357.66707578057,30.093143992101094,540.5784618507173
56.04015365999233,31416.441570341627,45.786804107989944,368.81431287992746
51.32466662861463,59326.935780341664,41.76313128951831,643.2537061739307
62.85368932345653,75225.84572728243,49.33498082246659,810.2686598263465
34.541003303297465,32552.664080706756,27.58293995301478,359.00433416808346
60.18450993852206,80332.34700305166,48.533380141480684,860.2130565866564
54.18845775375418,108685.44974561072,44.131586976358804,1139.6841902748413
34.79895862495151,93425.89749750031,28.233054279905584,967.9961949696353
47.21827551330311,86067.14906804738,38.12882388842993,905.7998235788149
31.562788009629692,116036.55756374262,26.037511096758028,1191.8067099736677
59.09679610251759,116245.14004578952,46.1558834236282,1217.0849107671438
23.28408390897863,104183.98227329057,18.45095927564952,1063.518347731342
27.984414980819928,84696.76626472658,22.440205973609526,874.5095866930484
26.602564727756295,73898.8103547936,20.60120085296113,763.0438404278743
36.94222211300156,31198.45019218206,27.928004053683043,345.1464881770372
53.02594912151007,84563.57156038872,43.64724064655748,899.6692646138887
42.764650105452475,119017.92678211683,34.0544700297013,1231.2756706161174
40.920787206295756,103629.09450216261,32.23043482328401,1073.540733704723
18.025660350158795,60654.417949591676,15.270631077493483,626.8252310591265
37.99388109168757,43684.23225399798,31.602927698108996,475.2874390885485
20.987027417299444,100565.27530204387,16.955465952573746,1025.4790543611002
27.787902849709738,96954.40385685673,23.59212224835682,999.2505750026002
61.822515131143234,117034.21127813908,49.83586773330824,1231.1208695676246
28.123715604132194,108735.8125745405,23.281470706490012,1115.3899426776566
58.34186901581034,80009.63627451667,46.32928427590681,856.3994464163521
55.73598846338271,39115.582226826795,44.349135863038214,443.04190421378615
25.479873136285413,73515.0592545564,18.122168724041966,754.309688904843
46.46846199170311,58232.55486200853,37.72867489533779,629.0420957865148
23.436107979535628,76116.76338223557,17.98524416562669,784.1400041109455
52.210743443367036,57153.14171756878,41.134077514621815,620.0590731068534
47.96072703649371,107564.06927780362,36.579768248587314,1118.5967165072038
56.16111239947791,105989.431258454,45.54894732393043,1116.0615008871773
40.53107382129184,58391.86414503503,32.91381344511981,623.8208456873338
60.998565128169,83962.32117365955,49.12490362636703,898.0200515998015
20.319400499056666,68716.27718751488,17.22633667924437,709.1729761811614
31.76576255626969,111818.34813257068,27.90245683463304,1151.5810736901144
51.60747208086285,46862.48112836905,41.84452014757828,519.7278703651608
37.65113295215604,92795.55616064635,29.721064809088528,964.4881287653534
26.128713650744352,117333.77950534949,21.12699055149099,1198.1478936942328
23.038905035141664,45774.79676067812,19.53008522954892,480.8464897244063
56.41493823869621,48176.97855817829,44.88217265404447,533.9975147436407
40.23771998788528,92435.10048050052,33.06741549177491,964.7488566761732
59.46733258019805,100123.85320724225,48.32315325908245,1058.4729528147357
52.464589312886126,74149.41493145394,42.62336815188547,793.5589284006179
37.257131664644945,84871.78186324092,28.652834422530784,882.2973525923511
35.55501766531713,49141.41679306459,29.247570408392072,525.7523999629847
42.23500229260883,72895.28057105935,34.06188886837755,770.6224536282482
59.78581779991725,40086.46927874236,46.447839009625646,456.11066027682153
52.65209324656589,58927.973274809825,41.399800812295936,639.4422204045458
18.24218932064409,55630.173452785886,12.395264236599798,568.3837024764805
50.6254190143489,70016.2824092178,40.40197141338723,750.0653089159306
61.21684812457357,113711.37260193273,48.713406394771404,1195.4220492765928
51.3914206967111,46314.08959330582,41.10057367441572,511.794534954219
26.31927173367231,66124.94219622485,22.340150146022363,688.5651873870115
40.725351989090555,85403.74971986802,32.21958081344895,890.9036527323109
24.594852842400712,115190.13774666016,19.522878413086556,1174.6181402414459
34.87277808196271,41983.33723821914,27.832771679749758,453.910198588679
62.04450097120433,112608.89552938021,48.73319666854964,1184.009363725515
61.39534945525929,37294.84097706554,49.952966421806636,435.29962104309834
31.293332052275897,73266.7257444238,23.854283757380433,760.2034529018455
33.96265907581136,70913.08805074345,26.26051912626479,741.5353445331882
46.210004802170815,48864.2455989476,36.162330761502545,531.2022854194701
63.27027287723786,61271.37013042628,50.9661595770916,674.029496961063
24.94666270107335,70874.87415135582,18.41782140324805,730.3506102245519
30.07508225327345,107869.03166195663,25.225009918194086,1110.5899150358407
59.057170882666256,115955.77308362038,47.25061726419383,1214.7568889453257
41.118934890292195,76703.31107734487,33.786237265483514,806.6906412389021
60.25117133467049,108308.98112649797,49.13041023315953,1140.8925422082814
26.719341183589286,84735.44271091014,22.27141484656638,874.3650009101809
43.03542361115395,61417.86077889079,34.31645683214741,656.6980019476837
33.3346727345205,47477.47868521222,26.403756860388963,505.79574489703805
32.877500314946374,67182.12946044884,27.229457524302344,705.1853245891512
39.00321730547136,77054.1854631463,31.607271816213473,809.8483587869054
38.35464010775962,33999.90494336006,28.427862054413183,372.90983376518403
34.795303344863854,43125.70492837657,27.63180480210552,464.0451483892136
61.00362620483407,84016.59815832961,48.281091015429936,899.3267654260623
52.39197671534596,50250.14352094459,41.63180696088657,553.7389277080154
52.1947085925819,105359.37384731678,42.88382443023306,1105.886153691217
31.625932130821905,59424.80247967716,26.705545156863785,627.8587126384426
45.152342942891494,39435.07865279258,36.38376987492687,439.9382553052422
54.6214333651862,37517.75296997853,43.07141005817615,426.77488188250067
55.39274732153101,114341.07184786016,44.6156615463413,1196.1584352089367
34.192931655452675,40621.828011769125,26.32831539017655,438.62330933958526
54.23101955872645,42681.878774585406,43.88591496454461,478.96596881924626
52.58701314996345,107639.94521394777,44.03044981237826,1130.483504216347
24.65080482422931,52885.93172496096,20.831520167415597,555.798535127583
58.69943702262443,89935.62696789745,46.72087983459115,954.306973869755
38.742109098479304,103505.31183269022,30.750191194678603,1071.1333970234548
40.86129109776728,84646.2576117173,32.54255823008977,885.7391268967217
39.07335140820587,116173.96891030644,31.43406009833071,1200.0541435414802
44.68876206944285,93799.46093347573,37.152155477137214,984.0958167168927
47.19495462625157,40147.63589132925,38.80942960842673,447.054747214582
41.414439590858336,80256.90238912919,35.62855115538516,845.9607611548256
58.73906153317749,94636.78734802656,46.57046916996652,1001.9556160545216
47.50353354117837,102176.15163361006,38.42876185780482,1066.9755870978204
36.867113617359436,32368.920175568237,28.015890029696703,356.81331014694496
37.584512574709414,94699.1023744282,30.14378939363445,984.4158106269641
56.10941491106072,104311.27389175046,45.99293961084455,1097.633469108504
34.365021309086444,97215.04298418209,28.53911044745422,1008.1781792668061
27.938375401773435,76111.42310900384,22.000196761464675,788.0451885902959
20.791009836272096,71221.88667799227,16.57550579336737,732.3198425496739
59.17326185226699,79447.67249698343,44.80115711008956,847.0975102178492
61.17168320594645,93417.93289439418,49.12470161247285,993.6912946513281
23.64564856168337,113062.28615692368,18.10762095112168,1152.304499979854
33.720265850317396,85533.16895770124,27.161483176316224,887.6172080341591
26.24248726721646,109905.08756551227,21.237270820272435,1124.2985945364703
23.447228034816348,93113.11627011545,16.679580478982214,950.3091835658978
60.29373692100142,36150.27396949628,48.19717918539583,419.7298366267263
20.673231179831706,75074.53710014597,16.08525630200085,770.7875910579644
64.08282618304332,55783.77134837181,50.073598357326695,617.3019797561132
22.533190452777056,55665.743531931505,16.941729967304983,576.5632596932059
58.58312051209853,62033.47960943858,45.58416333200199,674.2845903884406
44.62578702849065,58325.94948004282,35.85769271753066,625.868563532604
35.29212192744005,82074.89821053902,29.60879779929142,857.6267913413725
34.09009170138242,91524.13503182013,27.88384174517038,949.3737378634272
53.59611473217231,54187.44483690619,41.802787499949574,591.1365137586533
32.784944865201496,41678.63603115432,27.013922194385948,449.13590462216945
48.893989081005664,35292.78488410159,39.687322017601446,402.45757135029197
42.314325925255766,81817.7560527497,35.85751181038854,862.277842743916
40.793385322429316,46751.71496997021,34.796070684483254,511.11765537187216
60.3546220205106,30832.319480132945,48.782271950799064,366.95620105604945
44.0683177551522,113497.77713913337,35.719958838448576,1177.485761557381
56.862495343288664,78342.63771749166,45.37233206297458,839.5733378520907
52.101956102770004,38320.33622222755,41.51704256948843,433.76694961788075
19.812190564772923,105862.90009147368,15.768053134530977,1079.081693953639
54.3361724677547,118488.24644611063,42.04210844168591,1234.1371837408287
28.19290175427891,70374.05958159454,23.463043002334445,732.8919704033857
60.44803340202386,33824.06474143424,48.197647865825466,396.15666991162885
20.017436958615104,40579.13466804571,17.622613539116312,427.02414676344165
33.654385620292985,64348.8371980889,26.788043639392804,675.4882681749851
22.68744852003344,109697.03737039893,17.634761504905686,1118.643690777606
40.35268850298766,43323.48113499858,33.05433039736031,474.6828811377762
56.541054485878334,104159.1084602426,46.07410855207491,1097.326057762438
32.014805904164014,31347.86341971175,26.282180700908125,345.77720687362347
25.093940173618954,71164.98289072298,22.00968169360197,739.4278907739717
33.52255067775426,87995.74268555113,26.632733711407027,912.9953306807665
56.25236667026989,35434.15338230367,44.52362575964487,407.9871354695358
24.598046016569302,85328.6475554838,20.19774383485973,876.9941748068113
28.686035106642585,114996.37093226005,22.58588629406425,1175.8583897421604
21.236042331188575,44423.392812293554,17.353524077227675,465.6049470066951
51.16837206751156,95665.02447318175,40.21652931372585,1003.9905270247225
36.57596244620783,84818.4508149189,28.238356373550122,880.476643798981
32.60947892573586,46660.47499913075,25.509357759123855,496.64137022174197
51.77544034603414,30558.307323842942,39.97369216698689,352.3192497422343
33.79094448999199,30835.600545533438,28.114388578375575,344.2632399455766
52.205249841077645,77888.31682548257,42.11135391259006,829.2108850785934
56.31437157977273,114850.14686050742,44.15803303007631,1200.2663353713945
28.230153642513706,87986.87647190513,22.448710812147326,905.9034222724666
63.76947875176121,94286.98616643692,50.83440205181971,1005.5005449375473
25.63082355189534,74447.89382284833,21.478634653804498,770.6425046889195
31.6695226128669,82370.00483711128,26.000076171860172,857.1945801029194
26.450378669176455,41373.07727975431,20.6967364599777,438.3410697076055
34.23876584874772,108913.85583605677,27.21118632789824,1120.2828190336113
40.56286172757551,98471.33658001217,32.96456850546342,1024.6936893988313
42.5422658430996,119837.90575601486,34.719114378260336,1242.0387236441916
58.11948398792479,56795.06528000592,46.673191534102656,623.8127983484897
59.804051714345725,50431.59946164521,48.01495523865743,561.3530724856851
28.344881456702602,41264.54921652086,20.92306688451778,439.4278726927881
47.276019512730365,116778.87809544403,36.462990080962314,1211.8548545820074
23.240314693039632,100279.66661652212,19.275547253999104,1025.8590493794566
39.57158342855721,44969.215234767486,32.05990803851871,487.22497834614626
33.14967628819105,79741.78239973926,28.151828808375615,833.5636988502882
32.875535036319505,67239.13872605491,25.328087292217134,702.6466024961242
40.68145936046875,43633.740702557356,31.531585312631247,475.140099924867
52.30189886987557,44586.56865269689,42.194129894754084,496.2972884587369
21.251584963242305,116712.29952706672,19.62855516806208,1193.2573828021566
59.32114687130801,57446.776466195,46.73305960307105,629.8304394901994
52.536247407636374,114729.53625155489,39.9079527614639,1195.3587418309157
26.29547127778583,36804.96057585759,20.57087592663799,393.50040933454414
62.140562727106406,71472.27380638715,50.57017924626969,777.2960013283363
41.79667452909926,41665.71436650841,33.49305050353953,456.6831246512446
64.99100317149737,30430.864671705494,52.21246188704378,367.02695686301473
27.27119529213467,79838.94663354689,21.985050912888436,825.1382950802654
43.14068532401046,40250.46943302271,35.24138591447128,444.36740260389234
31.641658000316635,94982.20778403117,25.25608111183377,979.4642619377032
32.29615719729459,92830.47381362095,24.94625620988582,957.3157490735503
45.780072899197535,45869.96167180402,37.53866830551508,502.6113967575707
61.32079614292916,114756.79289389649,49.67514663301428,1208.7362290107606
55.84740121222123,94893.90675892407,45.57964372573706,1004.0039251570863
52.025245729562315,56817.323774123695,41.17902835961753,618.5106461415731
44.28116775878,93831.03875557115,34.44578889471512,979.976453520444
61.34802967237004,95873.72499133824,49.20371200048218,1018.1201688403137
41.14098611447156,60800.369812586454,33.36581267329853,649.6737283506873
59.070112381731754,63802.97062153133,47.139933251511984,694.5255985620505
57.19713726220169,62319.58568879701,44.74132392133674,677.3158517790699
28.050261299674567,85495.65991968667,21.79444777206877,882.1272142134333
54.24759675939778,111036.91318861615,43.92442529352355,1164.0269747323641
18.57204437633316,45587.391260572884,13.362508550963168,469.9239811855226
33.172988264760114,108767.96488526865,25.88724028088104,1118.9706919216533
28.789669900521638,32488.784085480824,23.901337200919983,352.93869350025057
41.82255904890373,89430.47363804001,34.082068575013714,936.4081725951612
52.63209859899692,67299.49858707248,40.94132629706334,721.7447801793877
22.590789270043032,101215.33970092444,17.043799570845106,1031.6491098440051
42.20134349102811,94907.83016378127,34.34017390665494,989.3467407804735
62.105365019636125,73209.70264306656,49.1031366877508,791.0523159133995
28.74638789619844,87947.7633050337,23.18018526459596,908.1209320143843
49.82563377323693,75159.58176299508,41.057563089493485,802.8130490060415
