ad_spend_k,promo_spend_k,brand_awareness,sales
43.59949021420037,31.092129711436268,39.60559468508221,65.6110678892697
2.5926231827891333,28.278950825255084,2.118980734819162,37.14010855654891
54.96624778787091,7.633548105039284,49.90556313716624,39.99730481465913
43.53223926182769,40.671842452410864,39.919487254425,76.80969178697381
42.0367802087489,49.1730989969676,36.592661910115574,85.05331444034465
33.03348210038741,31.678757518857303,30.3712674809346,58.1503950734271
20.46486340378425,29.07187645442299,17.893337840519166,49.21129693959211
61.92709663506637,7.429564897045193,56.03485875132471,42.88554825391347
29.965467367452312,13.833670817522986,26.664997683584094,34.54794223108253
26.682727510286664,18.02613500325881,25.48756232628499,37.632218964094456
62.11338327692949,9.585501936583501,56.52108109051438,47.08681344449623
52.91420942770391,49.519686425031054,48.964140119455934,95.01872964347922
13.457994534493356,46.163451468359504,10.520178810269387,67.27281286344905
51.35781212657464,18.603768444610335,44.91436376979338,50.2053966832296
18.443986564691528,7.257781524877482,17.939790594780465,21.806922120979117
78.53351478166735,19.778674573688132,72.55238121178691,69.80263317364678
85.39752926394888,8.215223617149237,76.51523586133608,55.25000009035836
49.42368373819278,26.910949756327412,43.91333719968349,60.921715212410355
84.6561485357468,8.91771424796574,75.6374426283541,56.1337220303341
7.964547700906099,2.4522173432204584,6.465255166218466,8.107481594177935
50.524609012170394,30.71696103829949,44.767510898007,66.45997351943481
6.52865043868781,19.05027425532375,5.592514533020558,28.455004723857815
42.81223275973895,34.17374462603027,38.309842378542015,67.86899481370364
9.653091566061256,26.125161231103768,9.811811200391734,38.92692041593863
12.715997170127746,31.381553671134682,13.216970012220921,49.6776851314841
59.674530897859576,15.924625595376963,51.31382937593186,50.704842348659575
22.601200060423587,29.111384210152284,21.15899616819956,50.38728616963375
10.694568430998297,24.72864960984138,10.181364105484572,38.53122549281021
22.03062070705597,29.715850417094135,19.2123482183838,48.84735985924456
34.98262850032992,0.38418410220922294,33.009063015814185,21.20665162781831
46.77874845823003,48.24489558176129,42.20976264123014,89.91394989368897
20.174322626496533,11.755377190973142,18.244716870611438,26.410231189142532
64.04067252149149,3.8342811091165774,58.84939380795809,39.18730672203044
48.306983555175165,14.741122564896603,43.0160019509705,45.07156258834761
50.52367200185491,34.64673235573644,45.614157301632105,72.95362101169994
38.68926511185593,46.63667360285301,35.184668457199436,81.959828838663
79.3637454441577,42.207547055953924,71.04478003907103,96.61850913267459
58.000417887780664,16.334681237115923,51.761151854573264,51.93689195719328
16.22985985023139,41.60854607914561,14.919990254461723,62.74493748631812
70.07523466071562,2.7197918442352806,63.65588735793545,42.31013521341947
96.45510800892552,4.641523186884183,85.6338114386211,56.68189919073843
50.00083611702168,9.317376506818576,44.02155206059671,37.569926539538976
88.95200639461449,39.38831728069089,80.62915036168965,101.55141968640095
34.161365267110966,36.212190787418244,30.13509984891727,65.85337595546584
56.71441276277093,6.556891969331701,49.93072874889777,38.3747262775522
42.754596329611005,35.406431998530266,39.8587164913659,67.82824058971588
43.6747263026799,38.08890905017448,38.4602300566627,72.08831058055597
77.65591849971003,9.543022614353369,68.74264524165795,53.57139929412917
53.56041734976563,33.53485869720135,47.54462730742399,72.24675872657156
95.37422269448666,20.28002835615026,86.93813165947387,79.7566656316539
54.420816014810214,3.6703990856239765,48.008856693574586,33.3878782467246
8.20949222750248,25.87272551395105,9.178071015133346,38.762838009102424
36.63424016750204,24.62836003879321,33.42683013071509,52.584012278974214
85.08505040045017,44.09543487681513,75.38739470954195,103.3024440307258
40.62750430479508,28.009586218049854,36.002907100585674,56.57731652722765
2.720236589484959,42.012436594785804,2.182324181497527,55.173479267057914
24.717723899735333,22.662830023787308,22.003879120928623,41.62707934451906
6.714437073695468,35.7769787429045,5.325494069389079,48.33377982821283
99.38520114212729,48.493199953995344,90.27993717438449,116.95372435454419
97.05803133771735,1.0557770841400749,86.6548690512872,52.745954613862274
80.02583511325868,22.565324306206747,71.23764523759601,72.17356464996497
60.181712140546736,21.49271380524686,53.85859494481529,61.91269158384046
76.49598604516815,39.003499573899006,68.08597793547965,91.07278485145181
16.92254465841779,0.9269249410421676,15.37906241371733,10.28039906227274
29.30232318194398,28.992642844523903,26.25239610363296,54.413709897666614
52.40668753003642,13.94121582987487,47.01912543962841,46.16659829691036
35.66242811227589,23.828926123583205,32.44000350640009,50.989458268473705
4.567896524540005,35.86272120223628,2.1909994719687287,46.56475129613863
98.31534453572127,31.494802032193864,91.44042222351221,96.043336782039
44.13549193548467,12.309820450546717,39.9568874195708,38.59093023992964
50.400043937915264,10.27030063671654,44.75690088661771,40.34104564887064
32.354131753469886,42.53282014060608,27.38261289329777,72.33608395882248
25.974475274713704,25.376772966051874,23.559933915802414,47.579669091144616
38.68898853207624,48.977997696090014,36.06087617553117,85.02243940649359
83.2016899634501,33.17603585274742,74.63792543476286,89.39431778682535
73.6747056287113,11.283580073531041,65.59814875771269,52.367165883841196
37.921056694163745,8.46805837637038,33.569118716399444,30.39644209444065
1.301733669455063,16.213120985660183,0.959161636735441,20.405009683105558
79.74049390325936,38.1842527075326,71.41306315707493,92.31650573975428
26.93887975963012,23.012922597100044,25.262842450777242,45.446431131310064
58.26848885290345,28.396434184749424,52.812742523045685,69.01097939264088
2.5550941849692754,29.76029141319404,-0.013138033806149085,38.27826345094829
66.22020192683257,8.72818569418668,57.91818368773591,45.1579195506671
38.75234258732815,17.158459895026212,34.64658307070941,41.724342180261225
49.70737987345126,14.725184134155956,43.99230974339879,46.14351366554968
41.490583737468725,46.8140430277442,37.39881168285961,82.61303920247903
35.087190130164046,0.3777388138454907,31.013465154621723,18.830676282588566
55.09779053244193,47.808939860921605,49.71066220168341,91.50477310247847
97.29106898748249,7.059102516637195,87.06519136468154,60.772134215548746
11.277621523807147,27.206616493625646,10.72123082482722,42.40744995332155
31.325852842971358,13.12784381178878,26.87729271214256,33.52263589879747
4.179770981531005,15.220831465786787,3.8229280172305375,20.105769608686302
73.83997586209003,38.13324146040879,65.20668557843835,88.17286233219735
65.75123876590439,34.552781975951724,57.91069936749029,80.09620834442886
21.463574639995365,38.26980534679574,17.49625917771792,59.273375068646956
41.67534401953371,9.452339060386588,37.837812189731586,34.75125350845413
64.3841934148195,10.138044405964363,57.443498895549936,47.68757175386333
66.14813267154413,37.88569889492244,58.96100567391252,86.19454206987719
17.04771334837707,6.064265869801877,13.473054183991257,15.225406164401047
88.16522357485485,45.360014725142804,77.15937410040463,104.23779667457944
77.80081598084682,46.18639342774469,69.6548695511856,102.64133396787481
13.395420817169102,25.257228449817976,10.434431148851054,37.3066471542459
86.89166264320788,35.16470768601998,78.52650861932509,94.41334702482305
74.87778782768545,16.72438357558538,69.2468071791219,64.04893629353832
79.8585654099081,31.838613028892617,71.7051393800559,83.86243968441612
54.334523058390275,1.2510410012004758,47.38935900582167,28.662314615857454
22.083791506146188,10.964041569626449,18.58741870033448,25.532501509434294
91.84586465896005,22.68542326455999,82.19987466015364,79.0573914108491
59.208457766637636,24.510919460388124,53.43330255160027,66.56799611690963
34.62379094551464,49.28660204433071,31.13803768758009,82.50947890449997
26.37785292800198,49.94507160524396,24.02928306400929,79.95731944039512
91.3915477165132,6.154867305747869,82.53020847038671,58.1087222134513
41.973546130682074,13.807760133800468,39.087017587304956,41.06460658201728
54.019151566713084,4.129291739695678,49.680655798929365,35.29842957866102
60.84421578050496,17.070845933149226,54.347867036511595,54.56441375576117
82.6249828434158,47.44589996807347,74.5619106040978,107.01559516037027
62.356318456213074,28.489130365012134,56.63883070083213,71.49663315974058
17.671216158442604,1.9976760587971931,15.882032489930163,12.598368392343493
59.125735265354585,26.031553191393687,54.00291913368374,66.85924019980894
48.92661669948591,46.65486546218863,44.70463427394078,86.8532194501293
54.790778009037666,48.6396908743213,49.295553249231055,92.74199131341076
69.95206197905482,45.59292120007248,62.866046218187314,95.59664473566968
24.581116390413072,37.96313779232448,24.24887959108404,64.12000565090989
18.66271455864802,12.57819741136349,16.939664413585373,26.027617708172915
11.058314779616108,45.027781859092315,10.609810589596137,65.83903219045114
27.405925253605368,14.858539694892375,22.86309271866287,33.45435493183487
1.0250039399590904,43.88144309481755,0.3083902546407812,55.85367496812117
62.93597228295822,2.069900262017743,55.91715441073534,34.63405234944883
29.51723052197425,2.820557715472627,25.772149912367986,19.24893821269856
18.728654470189777,40.157949339861645,17.961352158998782,64.24498643616269
9.528805226080372,5.335431392980211,7.208525536888382,12.47170696933454
28.375580746525465,21.96035961626468,25.577877918295577,44.828776369832894
21.492438413069525,17.157776822486852,19.43309202205043,34.15436497219246
28.56037339109023,13.895376192831183,25.873484572509614,34.916816440911546
47.1409857469679,18.102562753754754,40.720461417915956,47.664149571210864
54.949682108840804,24.283089892160042,51.92130844446063,62.99455551558988
84.51131155747017,41.821584112637574,75.4524519131728,100.36575248001847
98.85097007841644,30.85918561285448,88.47082147723563,92.40006822029666
4.886808622935135,45.36841330759326,3.96187152186296,62.902410447795766
23.211825143616394,41.83547719882445,20.178900742953832,64.9177341726656
64.33114272482352,7.306554091894868,58.00539848392572,44.298316190339825
16.146656289167673,21.138215749716167,12.441068357275205,33.689040268289574
87.01458933690014,26.65065618177021,77.92480010224756,79.97784124561962
21.740242630502593,12.787888599936409,19.40449341504118,27.98092908103219
74.17550388834489,28.314311705808326,66.39516973776291,76.76662185643741
65.3020513231101,48.7110432106929,59.451960682228304,98.42825391787098
79.88855115046296,11.261021042590386,71.51729264589456,56.05737275783539
3.1247562265261597,39.22813897080341,4.534733653253489,53.26786126191922
22.957402874434518,49.74743909527292,20.30305748182482,76.64353946304273
70.46274991204592,12.702834905694965,64.46001205068072,55.20620837129957
8.756250900112283,42.80307469589385,7.919504740811797,60.08524759258536
3.058948319431931,8.695102700205931,3.311750696137864,14.385440764822793
35.713493369956076,46.10038745527107,31.19533502102504,78.13388309649623
58.97819914717638,15.210691264826625,52.25296895114664,50.58748537786662
5.222272738416023,13.900516147071656,2.9151727371463174,19.111372346721772
6.566366620637753,45.23674710713026,5.524567165142038,63.04106463302936
4.350118605971565,14.558349517306901,3.9173452590098115,20.683931884296463
39.51507584675038,11.10477397062925,36.265791803479644,36.56318828748834
66.84270460160577,15.466780467111995,62.16964185327401,58.53297461078745
19.80271118161696,33.673245871593686,19.118928423629974,54.729100029883625
87.62664517041591,1.0809228259268555,80.13832047292617,49.602887650313896
43.23890954448474,7.690819326191233,40.22777238622045,35.28803089667233
61.96414637099647,5.546557059697737,55.395202702547664,40.482913131672234
29.042674293498838,26.166258511283196,25.322382170674643,48.18939302721171
61.52545734642763,2.564322509853695,55.75345758929233,37.1722913248796
95.36599623823227,46.0324469196179,83.88478856935122,110.10597580015622
44.801471652408964,23.41559556277305,40.529876906850994,55.44328573044622
20.704983825331425,30.760703915298233,18.416001557689338,51.500766434435754
42.536729190538644,10.033790153323102,40.49147929740322,39.05053428069303
44.45742647637577,34.79272205873581,43.37195412775049,70.90276887905426
50.76174866719614,1.1989541072120857,45.923172009404475,28.26281328063431
52.573324981095794,3.9255767591278468,45.812803204429976,32.02046257845443
4.2429191882546125,45.63129411350288,2.3135734686815947,60.17873572726856
16.441908617012004,10.752478898828022,14.94485893995179,23.538683731557708
45.02271796173732,24.516191465362454,42.44786897401036,57.84311742970282
70.79711706189208,26.155693770447375,62.25653908676558,72.01092882374535
77.75879083055337,9.268444243706304,70.4721908093287,53.49050562222569
77.71029994696447,29.474860690585263,69.63797458928111,80.51638010752596
50.27787525092214,13.063984331243711,44.32739457618338,42.84217127118787
95.67475933072475,32.78624820251189,84.06454761473313,92.30636623555627
33.187371253987585,12.861831819809938,29.741636755467333,34.032744584095425
48.14581623460332,21.625101480205462,41.63716703717769,50.894515183800245
74.83739993410363,25.037987171322147,68.13209044138522,73.13367447394651
85.78395184395139,0.9693040864923785,78.0255338049274,46.833775378099176
41.44600551329115,5.432667291545579,37.81936470205816,28.349055663344156
84.86845142673234,4.422098448284068,76.71908185731239,50.39236081924274
44.45709417507092,22.518493633404585,41.53061499190642,54.77421304305724
71.57470842863543,26.876160768187045,64.4540352066913,73.32839460743006
0.8448363578819729,48.838663437220795,1.7345812565162522,65.23721315156212
2.5201423670748957,17.247266950808193,2.9286855816150035,22.65595218472508
94.04504935420886,8.942767104279504,83.67802216865277,60.79988039113871
10.213794823119349,48.359640649026076,11.296862331384988,71.89418636347783
66.19677904397076,26.780069541041705,60.0565081680924,70.74717407601841
28.325874382112083,48.13281419427561,26.065755681081985,78.2451515296705
20.08423437754454,17.585456125353975,17.38017235733071,32.79852098212189
38.83341821147591,3.723158620825812,34.606769436916615,24.982055559710705
92.59015965084993,22.70043886374207,82.39332592288791,77.81101972339405
57.027420975071905,48.945308769112806,50.95160584657007,93.62699420862907
91.67146119578825,3.577099366359704,82.09483425681697,54.55429662654612
70.2264240819725,23.79107155500148,62.4846853596139,67.77530845281116
50.121645168708696,42.43989879681287,45.20734688189402,81.98475904137462
50.608683351263885,10.549334987010667,44.80346134977381,40.285076482520154
21.882078632937272,39.60799805514752,18.866398042533206,62.24783843547099
0.46635227350498853,3.2325332472392834,-0.10265256866364092,4.645970768458554
41.78362440027158,15.735903974128702,37.25611608811124,43.35597236950724
56.337611033903514,8.53367399603384,48.989356675697756,40.5250611698642
87.6561868423327,48.717550497593564,78.54029779647146,110.47521986377912
67.75848402279094,30.342659472455573,60.120507345893095,74.86345542082996
84.23330461034712,13.94600259843366,75.19942636340862,62.88173056531659
92.616128692492,46.12405687175892,83.71610002027214,109.79559033737355
94.11158736336222,27.693645784981076,84.13086119525471,86.68338255988745
81.6019151924394,17.803416462839945,73.25974581507325,66.73488168785153
13.139460547944381,35.43596319269891,10.618641649753073,53.10118990810456
34.6630014990264,33.74945920365409,31.42846457184456,62.34812570141686
20.850249452552248,48.11212491148367,17.562032005141436,71.44849637582526
86.73815371565234,3.0609414447237357,76.37635735475497,48.91308018115218
79.2330219306258,43.86235354595797,72.29722497109762,101.34428773841017
34.90016406838594,32.591965039373825,31.51732636481646,61.28899977961172
56.91405320556354,7.677240177051026,50.827799066376784,41.040758459995466
80.51315402557016,20.380207830155868,71.14321068736832,69.66595201681231
83.31612447339762,2.8436432394735256,74.9576469680748,48.76579493704806
20.5793676950072,43.525530038240866,17.77229761296269,66.63070622916167
73.06802005261156,5.010879264873963,65.62227594973295,46.371437192154225
80.3414164159449,10.963908316436555,73.46594968482486,58.4174368681347
4.312903635336274,35.433987829573034,3.6585321454801476,48.90081119484367
10.71874042315799,38.04803593647881,9.284623503397256,53.750545132814565
43.508364985882764,10.851670888629467,39.11902017356816,38.16035592299904
22.08812218607441,7.763438584131172,19.89019987586407,21.307197063743565
88.06220661656808,1.2587213286213872,78.47571309351817,47.81615248367952
71.96875377244113,3.9942882868887253,64.98993414817167,43.854444926868304
71.3007293546981,44.117622769259896,62.44951514526379,94.52939553331592
76.9859656992702,8.95610063468223,68.53261960091851,53.628649369199394
33.07470261694048,20.178950824785275,28.344571589521294,42.801450264934836
22.86102518330989,38.50177150104569,19.879663071589928,62.466713069687955
62.634395920102634,49.1539060677879,56.96622753134133,98.27155133193119
41.44792495253892,43.6256028557568,36.96954026487884,79.39911201680638
93.67810722341859,46.139017427905486,84.18104014981934,108.36973316677174
64.24524189027923,41.59969119944032,58.169687353456496,88.59787170209655
38.69003430123682,17.442733449449253,35.06769486568032,42.529535639358805
85.51196608041906,31.8585585523199,75.74813195366426,85.1274694575369
38.0792583716208,35.3645405719955,33.74457009123519,64.35812683521684
17.83098277777202,20.639860979168716,14.572754795518836,36.10239534760625
78.16594256660814,30.168284609965816,69.87096449961754,79.45168299639201
47.22085874158014,48.543281419189874,44.21717031130983,89.63412978120655
25.94804044042771,16.330983444605092,23.75747071779829,34.23644501624641
69.2399245881231,46.02625164455656,60.289192639153555,95.00498087673398
98.04850789987785,49.366712172525204,87.25920838759214,115.07082336437821
24.62535889677898,29.347485229210825,22.196650607938093,51.62283720840657
79.02438025940452,45.752423536238844,72.94407474590865,103.5253322850298
76.23352442240588,37.18334234811576,68.6385030021702,89.16052845510299
12.003979217741401,35.937082906292176,11.468304605315149,52.948573957697654
83.89025945590006,5.657239273723991,74.17000101791422,52.153647176106844
46.17389047565317,37.314026494647166,41.47788790440565,72.78944639077002
12.578138255308758,8.947800900224179,10.134787901667831,17.532408834717316
53.63434730960685,37.850186258249,48.558364138328415,77.58855462239238
29.651275079462902,2.9889967515190685,27.121168385450154,22.772524986642715
17.57241932567306,43.80123433982282,15.610763443035147,65.70756813491388
7.923817070079964,9.345243811597614,9.04056214915455,16.751253063529777
19.889909182949918,42.907671849875925,17.086536480268094,65.13988064553178
42.95886190564138,44.77619389985431,38.47791721663585,80.99072258480668
64.18117636288316,5.121848318469896,57.502166986501194,41.52456265625364
8.73791787897964,5.791445788385818,9.287310275427078,13.76313772053442
71.57305877709652,48.755346570830824,63.306041220569554,101.60938460170722
10.174481096338205,49.210821879734766,8.533987687661877,69.07082552079927
17.559907090882188,4.814573850288312,16.880609522976354,16.705894535024424
71.33215621574107,31.800455058481685,63.88870910418296,79.5301116340615
88.52636744104892,18.46462907521691,79.80865223329026,72.03315040596479
98.31383610430723,2.948654961618563,90.67942457506261,58.59821809097553
65.29069507012146,42.5886549702999,58.224824685562034,89.79923932632373
47.77363530063754,33.179128759519806,43.447353150936806,70.00753074097146
8.778755488499446,3.027358611352721,5.445951443215786,4.027583186294992
55.89507946972767,22.66568461689406,50.01318272696138,59.13011639717987
18.115022940864645,20.339972537499186,17.19771702446931,36.761814047691516
51.44020604712206,49.24965213342583,45.71589645438371,90.25802066425825
60.89301489343916,49.72756637574107,55.16448589669687,100.1963975040542
83.32124901226042,11.330342007670103,75.05154913685034,60.723538969899536
32.37505822561465,38.15396345995313,29.101655606967622,66.64324572005637
98.88620933197065,33.13681730708832,88.15843273633882,94.03061384002358
99.49502599677932,21.716175337829917,89.03971263019552,81.68260144936181
82.61508194397967,28.788686592210112,76.03248657677943,83.74103479432327
69.41525454251834,20.509806874994368,60.6054819370271,63.56366589016469
73.36697980969767,1.9614652720902181,66.86861945673006,40.74832836911368
87.52688098046626,37.74370567113568,78.85119385816984,94.50873215172734
95.15101483457323,39.78426718084869,86.38272832668686,104.25563962042956
85.22629265975512,46.75584898016348,76.65169443890365,106.53547323345587
64.09386397788643,26.05415828762793,56.492566128326274,69.39737300719895
7.349838471443659,3.3295986855011894,7.632394704545241,10.256014026840816
62.33847142958386,46.333064719949526,54.840184917091264,92.69998636740833
35.321389178551854,12.552965405154382,32.300700504061695,37.84736303010485
16.477862322429637,6.591796050424437,14.257193892596426,15.556145742754671
89.31661865670434,7.263020777491514,80.12490126480483,58.87205506826152
82.48904812066795,29.55821116080366,74.69456666450003,82.49708431936803
52.66384238528333,19.53810127217243,47.495158809716685,53.004661861680326
46.34492561535725,35.40196086087654,43.825309077398856,71.91042592118735
48.93012881271256,4.1683997942544515,44.23022405051582,31.17010957886074
26.072001971945202,0.8231813972308433,24.557135960873076,16.310810929567555
40.26379231331474,48.01320597508387,35.683560611309865,83.13764574265964
43.666987972703,4.539675199283533,38.65587790372842,28.29560810157396
1.5056134248370046,17.281661065277333,-0.5464726971954528,22.22181180997316
89.29058830787157,0.9393320457069254,80.41279731490836,49.435072593510405
2.9149317847511735,44.173232760929906,4.2965747661019895,61.026175287052325
37.28928840117261,42.342088807667125,31.755743175074212,73.1387394008334
9.587331469277217,29.427489254668078,10.565882929760914,45.31113442414519
19.696432035003852,7.931415855965779,18.233540054105518,21.795163989830307
94.24206123971432,40.07585789113588,84.79764462398158,102.89394586317847
37.12711716678964,3.382093068062492,33.111657320230776,23.940383526791717
72.9000801821477,22.85559746061732,65.98131996246823,69.92503786696375
12.616010862902149,15.791401209812516,14.081111517782816,30.56575021707257
25.128292170720933,49.856768388569186,22.39194566324283,78.74454500688587
88.12352971212314,48.887064606366195,78.09438735760749,110.70516841589126
90.32961504890154,41.55395984151004,80.23753500243366,101.34259213748696
28.763525821588797,22.552942161944973,25.454553956680744,44.79895691054257
96.71131315122963,25.129994815655106,87.73361453266547,85.45653512382597
66.80993356251909,27.579742524194884,60.62466203644252,71.40964695387777
50.300677353432654,27.951276767100076,44.98086653680991,63.33019358208473
37.80024086485555,9.104276918259991,33.6090657077522,30.100574599728887
33.73682942964583,10.064096898357178,30.151847862503892,32.38572536054522
95.2010705083001,35.30692346963625,86.00453609147412,98.16634598519124
69.33338285892229,42.30812500035851,62.23527452875078,93.70150399755558
53.410170007333726,47.97554465347417,49.48925265700142,92.82987968573076
4.348969793627743,38.042267439833694,3.870674717152594,53.15447658807094
24.75508756225405,27.74173678620531,23.288029728045494,48.89917508367027
94.31707226672083,4.278852642578002,84.47913115948384,54.01714191961175
55.68601662432533,4.276734064506426,49.450052184826085,35.590095389141624
35.751823235523204,7.628866316406935,33.103157090479584,29.805722963548668
0.9450374137899287,35.30915174633364,2.9401601537215503,47.77781936775812
25.354826722492298,13.908153877185658,20.185130264847892,28.763206788349112
25.42266901505368,21.16258438971308,22.959475935145658,39.23925948402954
17.06855260340261,7.621030737092332,16.706351159835926,19.565237121610007
34.49799596771912,11.841050766027944,29.421467850472673,33.51993019564903
20.26490513477238,18.5427313708953,19.27221696794906,35.75575260538955
6.290154018084104,30.6715774171894,5.282370881950913,41.24240306632299
9.79603958862586,48.88536595447574,8.662059236594594,67.92128904942606
49.67275023141151,6.35933727126679,44.440112840987624,34.02839950903663
6.966059041244543,14.663791629359363,7.481712185339061,24.951990659571216
93.51535633514884,49.830238559917156,85.16184163257687,117.38136790771672
20.609763517058365,44.156467673333985,16.258874948542392,66.38506956908817
46.42123499590466,47.776095097516865,43.90810828182178,88.6116555863789
41.46682571066369,26.457235161806736,40.078260753303674,59.92355120713547
29.133771843298227,11.788591684500993,28.079500074298277,32.82525939957379
32.35285148200442,10.073185474928803,27.334963024560793,28.136718289738482
21.159758341613976,40.193819402490675,19.388832552233044,63.380507115461654
28.026828777019873,46.570751043630146,24.832702869439153,75.64644820129594
11.71050356965896,30.844998875754015,9.912366374122714,46.44987299344447
68.9251874777544,34.320513121885085,61.673076902688436,80.44886260090836
64.45261893744573,44.18482570536747,58.10398642113684,93.95914623698377
31.152940334298464,12.86793463617989,28.984994559813906,35.4904826666532
88.02989561574968,29.073759213963786,78.01640604451474,85.36052694355648
38.637572509456085,28.332722593458804,36.24460102375044,58.301103773295004
61.10893003188686,46.14450308580993,54.291517040156954,90.8105018813145
52.31693261751952,16.188167545649073,49.779226076214606,52.03145219520285
32.50568036101299,6.900129327938337,28.567100238807136,26.881192025246076
92.97904230651626,5.188693554538359,83.34076848580399,56.28416649690008
84.82014089963037,14.155304558628185,76.97189057103402,65.2749648646151
84.1122948019908,3.249297375647575,75.65578819275859,48.626385141542414
95.42886365563277,15.317244535744607,84.67234758142826,71.5604604648961
0.24824262680964715,28.92526450417237,0.5341188095069727,37.9054531733769
49.2119100230627,22.29746463894027,44.36454819916534,55.9291524369032
93.79131190646038,32.262133454161145,84.40731533090151,93.63333896041041
13.4426759823139,26.20331440672199,11.307446865380278,40.91418356667203
24.499413841416974,37.84148893912732,21.866522457552005,63.148421610966494
50.5061920577141,22.62840625855716,44.243076235451575,54.50455309501268
67.84215098218826,38.6876538868401,61.33255372678635,87.30148085279626
33.27599576169492,23.693458488916775,30.653828449021663,49.55951830596699
30.636467159000723,36.31064873412528,26.45127955066613,62.30866738508342
77.5797911221549,38.74982274554853,70.34212684792972,92.5889421808912
3.285393822844762,42.71708671589003,3.180073640682925,58.68714949293309
78.5797862521729,8.054213001080035,71.41842048265957,54.03773421931194
42.85402814602093,36.16517543862815,39.519293797191395,69.66200842924523
62.900945716856036,0.5490220137800095,56.59019832426193,35.13042639429197
70.55030249067997,19.996517534010742,66.09517696115877,66.64590326882971
9.846862942141765,28.280422702855855,9.080474303710389,42.01725773273345
90.38461648748866,1.4754245102714725,80.44136346744344,50.56076267127328
82.2312468617746,1.919540267554587,73.8957335329628,47.038920792676336
37.53814372537499,11.963469838560176,34.94436493002847,35.03343938964444
19.47943284958592,17.75677182230059,18.088485853204947,34.17806353546261
6.280543805583938,35.02235908140445,5.28352646199158,47.67996082940255
30.860892614021473,9.530006226385868,27.05806872049276,28.547359930589526
71.3191960602056,19.811786854922218,66.3140837370154,65.55179373440038
81.3181716179893,45.266255065695255,72.81225758553768,101.16210891436357
32.658830121723945,16.131977669812287,28.551166744336843,37.32507433483774
22.0289886607821,38.2837823054809,20.450966144087047,60.342187863422716
32.739418364654085,29.27948429664361,29.423065291458496,52.35292947771972
96.43668363057485,2.6650510892574033,87.76287662001302,57.40466341763678
9.609070017703091,48.637550973215085,7.3741641115625285,67.16568302256334
16.218344764393898,5.5146812491150055,14.560148355439933,14.560385495916936
69.42391189527605,17.086731698111628,61.38681529282037,59.54039187145029
13.976349904776564,47.59529579952527,14.584839329541474,71.26651427177906
26.662589262979463,12.162707110369636,23.006621257608508,30.280588360553743
80.31758724580767,47.466325305271845,72.33706969150293,103.89162540397567
30.06117838583663,33.025203141798215,27.729195724935188,59.81094564206364
59.70165488712548,9.61163598432358,53.77065115378567,47.211261803596535
57.28122877653568,7.062456966288272,52.3157648776164,40.60780320564961
26.54434715786691,49.102498609200275,25.187851049616892,80.4616968797899
24.873428889263028,22.41533121756894,21.716251027194183,42.96777898782046
28.967549066201627,36.52486574496688,25.44866955446181,61.98279338153747
87.59400724240312,6.637659925773121,77.21859889582224,55.63207247035827
1.8758146770764816,25.339058522658892,2.51053395658712,34.805517375180585
9.163641211230289,4.727823022834521,7.993484111114199,9.984755287049683
34.12099591542521,24.80690995185686,30.96674557200373,49.804754982131065
22.030165511965095,0.49115951533053037,18.74680572652728,11.640144782890312
56.28573989157202,2.089389113232243,51.88046528771539,33.565170064805635
53.94610945743267,45.70293036222134,48.2619916762477,88.13561423758813
49.536200280432574,44.47909556142241,45.08048377690835,86.57621686620439
30.075307000335417,38.6285692090284,26.771711052576908,67.75503482423855
51.14487253382032,26.47709888482696,44.79554031134236,60.366364935238394
78.62285167515535,8.317590792389563,71.01623200037004,51.98241058669959
81.25055814922135,36.91034304575255,72.77471331170209,91.97031098169712
53.284088749584654,10.704947796162994,49.83790249537105,43.97504944119302
80.6335214410517,2.900804018142744,71.04954031833526,45.35653639581265
3.4275479609645165,15.784038077449159,1.3432112322464016,20.76915445382389
15.406612089950988,29.27631668339295,16.80321147300971,49.74981182679555
74.8185027668676,29.09136449209197,67.42653246937773,78.4304234654943
38.486989722228294,41.56247514265522,34.92650508632609,74.47658973555723
31.789849019534365,19.5974691794574,29.282811645347675,42.51725164914398
57.20088129669858,7.481136941847355,51.0182084718831,38.72515218362436
37.24205151363791,1.9870400673137,33.45610413258288,23.65017971540908
90.95299099914621,9.900674408687149,82.20682081766171,62.752988063777536
38.69712250229682,46.71091152214689,35.579295724167956,82.77999464631044
83.62491954172746,1.8609557005216104,75.83735712991063,46.68650036932483
60.17637200942211,31.91310096308735,56.20263687483657,75.87131193868673
91.2018777442299,21.823200890016974,81.0920820627573,76.68310822639161
48.40535743546751,9.352442147067046,42.01090257982266,37.57543333637964
95.85140665956837,33.68466871894174,87.02049497271025,95.895840082063
57.670966045295124,29.741194484641976,51.85553087275577,70.01468999253586
2.7744297986087574,3.342295782903004,1.5323225281773671,4.457140453865748
73.88708492176713,33.195548441845375,66.38990680394465,82.17809409619896
86.14007965823308,3.8200116804800732,77.69673986051048,53.98172874506419
9.855000940345082,11.18687829231676,8.952090107629962,19.57232506150765
96.34430408445729,28.481565044523627,85.2552588636176,89.40641842644338
56.34260361016372,35.81609039150562,51.336446135198415,77.47426196782777
74.07019109377187,28.915828134886663,67.4804794804484,78.43194055019231
22.400131801270216,44.883408531694556,20.99762777947421,73.30758585286515
94.11824956874715,35.01887563434603,85.20490196384809,96.10724818344724
64.33284592958725,48.50116686503528,57.21488525552788,96.2601035496122
54.331863793300606,13.716412152520363,47.81328769902838,45.220442977733406
96.13901971756731,49.24149209448569,86.37586575880688,116.05735066003439
55.69687326666585,9.72797081510845,50.02112888507656,41.81472610484227
53.16683919455354,9.632317091311915,48.21041166082758,42.060796027962326
4.476696205302488,9.4890153101143,7.258514610608349,16.531329048200842
54.63889699642912,5.902809826558208,49.1444408961673,37.30758243753062
74.43608893284423,31.277069085523706,66.12165925941002,79.33639103947743
36.84032300320123,0.226406267465723,31.411008713277045,19.04596123504394
67.93260135812208,40.37857095148974,61.4042080558625,88.87283475598487
56.410781188396605,29.95201822511733,51.638748057909204,70.57829255284581
20.797501638302762,15.143354303704504,19.719638716288056,32.799535589004634
54.68139231215755,44.54307811589032,48.91806109383733,86.2545625165591
47.59887408792546,42.14126687180113,42.5564185817456,79.0167575591075
33.77196207061569,31.586008111049164,30.210517262995346,59.27068921501157
66.26352006348813,3.782535326149689,61.36450235105707,43.143399381038904
6.115376859333066,48.241826635381486,4.063792799247703,65.09664904696112
37.277142561922716,30.931757050358115,32.939213236532396,58.52745849636471
43.4109346885466,44.699140254845446,39.88393599607337,80.97941537794085
97.3867621457174,8.14923052174718,87.0632102497011,62.26904317095137
69.81993545703531,1.3585463893652117,62.88644432366678,38.002171639536414
62.57886201294437,14.960435786041499,55.19420245240745,51.51714190700192
15.594451246101437,39.18507072632531,14.663812856991639,61.27377509692852
43.5092426390665,41.16855489012855,37.22716280799619,74.26688643290227
37.12350988943764,44.4722680336674,34.13801013052731,77.12860265687215
94.03975501846134,17.62832224388634,84.21721740234219,74.20758397657164
45.281763118207685,40.90547108748254,40.62493902956661,77.24002898673362
85.50999869224472,7.751040004785359,76.38902520981117,57.62257323065132
65.36118514130061,27.47863848519878,60.2519759835022,71.33034314576003
87.92869554171544,2.5321039848984093,79.13747936381175,50.404126155609006
0.3335444799077214,36.00046009855545,1.097326961035295,47.31704198536648
92.47882362767179,18.100480210465797,84.61029913611199,74.32302969704926
95.12937542798096,5.393979346713601,85.38694761977342,56.81781344211694
15.493551669335204,33.247079572440285,14.565968315066685,52.818693863760956
6.571067605898174,21.300231966913923,5.15004886781873,30.42247601359506
31.72833574910473,15.963975068916525,29.20333864658096,38.12822938341226
58.555544987757855,18.249471525450417,52.934708337014115,55.14091634325343
52.41313450448837,38.24750908664757,46.82803926612289,78.55972618989588
43.51226187451721,20.395866813816994,38.72525875242414,50.31168378321913
91.26771525142097,44.03758576423585,82.81446121739499,107.22430191718342
56.997665199255025,7.634452028748112,51.08886839119103,40.76836341424068
93.41367486942814,19.34914129879487,85.57156373947478,76.82846818215684
57.61543540560689,43.45597463768791,50.223168654560745,85.32451880313384
18.51801941495327,29.859033506328192,18.07577034484141,49.12996187427394
98.20787088866881,36.24370428073805,88.27284585571783,101.16810801706835
99.85032604111038,42.025673768092844,89.48812174255725,106.55525864239493
44.646810833355154,26.254641507296565,39.78095834430916,58.35879999023159
76.24305583027201,6.1626201249707355,67.93468868398962,48.30212708708038
63.65634181845816,16.161578284649952,57.03625538052536,55.46642955014776
18.52439749130982,13.251811626357512,16.927564792024626,28.0219616120822
57.92019600682361,7.765912752717802,51.735152786728705,40.34247575135437
65.42419346310837,30.270177084985043,57.241352006785846,73.21497308568912
59.3740370195616,10.686607793281667,54.148340042528076,46.51077240686382
54.14766389935005,43.08655236546898,48.317956571328956,85.05539799014218
59.18790685357836,22.754423532951034,52.76910674673397,60.98856678934194
70.89911722935778,40.12640112510857,62.593637655016735,91.16688177237614
77.09779736613112,42.317661706169886,67.53201154061854,94.28899457849293
8.905019629775435,33.01098845968983,7.161788292073025,47.17004172279171
91.34954904132798,40.946927110510835,81.03939247301739,101.17345317135579
44.96250050577455,39.47418927619757,40.56568378161734,73.58638031808779
69.66211158111946,28.963655009119332,63.62837605486158,75.9792371230686
38.76390491667194,16.36262780150655,36.40544769585871,44.15693788119752
5.1057148754760195,20.613342433811955,5.616467252950846,30.104089164820284
66.36412576192515,15.178555818400275,60.27001521497974,57.066008174228706
36.56605641488656,24.1969538880541,33.31395595632621,52.45583771325608
55.27799601314446,20.136213163584678,50.374738255499935,57.16642425763199
26.658984055727785,16.625527689866708,26.156778509249456,37.356998931587334
20.387608067190598,5.5905335194949775,18.07451238982122,17.74547760323647
29.620495381253008,20.6708226202273,24.47853353508467,40.11159079121193
84.18676325919996,6.986105403503862,75.21104102305759,54.018139976103
92.40151916739524,18.19418486054336,83.12162994369616,74.25463151278122
97.85835876003031,5.379664761241476,88.01760466598796,60.43514545340082
41.433094736622266,19.16184489477168,36.97897681039725,48.28973687776224
77.3186569430211,26.884607095269498,69.57974993407058,76.48978729193774
16.80531205904854,3.7257889518576945,14.966737928753808,13.158507031583337
74.42558911563786,12.842674364257823,68.47846165194647,59.09134340417436
42.42063184661406,21.327303310243405,37.85211013107325,49.26895476917921
84.40920891688768,13.631933681059566,74.76124854030567,62.36974532299776
19.702025905972786,28.156369345256348,18.275999994250306,46.094028780797416
81.89155413922887,40.55699349167769,70.62042537336364,93.74321994317155
7.232532311351159,39.12455778414527,6.851988179437434,54.395456469988616
84.61077117521705,10.427492930741023,77.91479955996488,60.19775148354549
42.364893643829326,9.933116104209889,37.73792792365048,36.47690023146457
14.074135541701693,27.904320611490853,13.794184345663732,45.463533355334164
30.591715089675386,18.33659630166309,26.320225620966067,39.61211608413219
70.9361933483824,2.342626530277947,64.03376467089502,40.77492438566329
44.628496745381184,11.58174602248464,38.25402514928157,36.80130015561861
23.326435882255137,48.2247852573235,19.947130303213555,74.77829977548264
23.87654951164666,48.50382135029412,22.699964257309357,76.57589440092248
69.31732530029771,17.838751072501534,62.33454914761766,62.336771921318864
64.7769477894342,2.088564507783758,58.723503231602706,36.77911083706605
6.392509607999475,39.993723113469,6.6612884454093,56.951061043822165
81.25176994222679,14.032980292603753,74.26739296253697,63.73080099317836
14.018418316738735,2.591162354929738,12.276539692192063,10.689459527736568
24.056424441156267,12.226265979653222,19.790377193819154,27.932089365227807
1.3903825184684027,7.613029260799525,1.0338458175024383,10.579482388412284
50.62548353393338,45.49639719009779,44.02530905425043,84.48964901139047
85.09320488288053,9.745968925306014,75.8544152796216,58.51100568651026
92.97370841390666,37.46693466122409,83.558807444492,98.63758693755462
46.33097744431629,7.074400614982518,41.051926400475686,32.69526486324624
10.274927548709478,3.816837010215235,9.246620930961663,10.804765806726994
47.430511575474945,18.573365423465937,42.774464745330654,48.12641258509454
29.045827106306675,30.50598553339289,24.48002792731165,53.79028681500051
30.939728053823767,26.567455445501565,28.12763743814819,52.78904918094149
24.295909010393192,42.06990365886946,21.581168899510015,68.81810172050858
95.36915489132353,21.819365855670597,85.59292046153155,79.97434884072516
39.741032927442944,30.582982073736936,36.829442194580984,62.87904946843004
0.3573433465069109,2.981018936370633,0.20126772304393392,4.703654385795455
49.52621624588773,37.26175732577048,44.72127830780094,76.02437273893374
70.01977471477517,34.76039655189979,61.075536012276785,79.85693200223778
81.52703162348696,40.59599843700657,72.72520268264043,95.27382358498723
75.33868293420831,5.210863442770464,67.77739004066926,46.06999124519769
70.21622659497585,23.099264958264452,62.38889024495497,66.13805807653563
19.809562814943384,32.71198666298543,18.882899184078685,54.051920853076425
35.01053774260956,0.41523625717979074,31.59894105737279,20.334447417663682
45.94720626912786,42.55955506500011,40.58104141440161,80.05080558911308
13.696234848675658,41.035900714804704,12.126229079490873,59.795266502086825
42.73774694179545,25.648995540020437,38.00260319155393,57.03760927891525
10.148815654607136,17.299355865327136,7.0947316201955735,26.16083027507279
8.725561520610292,36.452451071124706,7.542588930815985,50.58924711745526
83.61857276979363,44.483047600624495,76.13493009630155,105.91586590411829
16.894755841793906,24.7232467058588,15.78129089273639,41.11482842298528
47.28684120902255,44.261165892376184,42.15554973352195,83.33710483808214
62.49123981609252,7.388373175122548,56.910814310166465,43.40338143794917
93.89688839704706,16.5400994030603,84.15990821850535,72.69250775178412
30.632322550236,35.89219623845394,28.224550034670145,61.61232344539278
18.11214483155803,17.99668061923946,15.684540020367624,32.24291947009544
87.54213432262468,26.120542743164542,79.14190213104916,79.24488873727168
30.35857977490587,32.739347602591096,27.770686693078417,59.003104912169405
27.765307258748994,29.461562403876634,25.84547206850312,53.370580641985725
15.012789635989643,21.409753824666243,14.467314377256272,36.2361439903285
44.46818222422596,7.026018913229537,37.74428655284789,33.15927889825244
23.14747258963511,20.565735893194674,20.99781945754212,39.01082248398897
35.886159674493165,11.317125441675119,29.402695312654977,29.481040562853924
33.364657677519205,40.626545350009316,29.64392438253288,71.37152065059088
62.48875697828198,39.501932874946775,57.096911381028185,86.29072960709473
44.570219708679495,10.772777950610617,40.912937732555655,40.06374076139764
67.79434434790585,29.153777578571276,62.068170957369595,75.30062474680983
30.0856869010762,32.99858195832029,26.98079310379128,60.185379942505925
32.238179606662044,21.393036322788983,29.48005836671605,45.73101927998499
99.82795301717684,4.295197366996806,88.49049363369528,59.00976288631902
23.827390781921242,36.28901723385718,22.838631693518053,63.35290594824776
76.2861478793503,4.266394093363907,67.1502177341233,45.651894827950244
69.95866830533632,34.06195270403206,62.96318153745567,81.08896896686558
64.78406511531122,4.018124381590321,57.79952220710414,39.67808356607656
12.156159925168774,29.55232567200335,10.848952113852834,44.59013623456201
0.5572317266465787,13.861369462683747,2.062601633719922,18.144095686027512
74.55532583314522,20.206580292535897,66.29409271025983,66.32222274384178
8.302849889236718,49.29499173159518,5.481696828573936,67.41326119202938
24.27191203435788,47.51409268597642,20.912423183188512,73.08845170895259
98.92276317622745,28.875778788605906,88.61939704750715,89.85443277722185
96.61141753860625,34.43707330472219,86.04154124760583,95.14839855620707
92.13247498180932,40.246290510300334,82.20611080063327,99.60792335904557
58.32644794345588,35.95226854260745,51.872927293497305,77.70739134735572
45.623203670490994,6.5107223243042025,41.77991573183037,33.60697932468185
46.23376020117183,22.88534992568688,41.27153199439588,55.73631247985974
33.973914824987375,41.678259604372634,31.47777937547915,72.79357545901655
96.7353302165056,37.38817296761422,87.26125357718911,102.28214770908734
81.59795485724871,11.885460301400775,72.36919157624416,60.59786724059003
99.19252374110123,43.145575556564346,86.95329206116234,106.69057694514268
30.088171338298906,30.641389465049357,26.410100947974254,56.66451337575147
57.985072535648264,14.292316370821446,51.78672397734666,50.8196232258465
68.2067861155801,2.8657546826478586,60.600084606464776,39.59127404804274
38.36291545431914,37.10349838431512,34.633228867846476,69.71312116236317
58.41780001239667,21.73444026472132,52.274659533686446,59.7979758168621
19.65172183057714,48.7175377486877,16.69087217524851,74.4014328015735
31.386820410257464,13.235157667186442,30.212785129955105,35.75495327658166
13.494683208235536,3.4304248910045243,11.488440329961637,10.929195531399717
64.27787092719934,12.384658919090441,58.59989704777735,52.728957014758215
33.4142979811157,20.200707687756186,31.661691608085913,43.58513043657227
42.48362356694272,1.8534003405116517,37.058305087290634,23.06121265609055
38.056627895579155,19.402353289539203,35.00131341633604,46.281260058825225
5.274983106392684,12.166559899701944,6.567613758911549,20.566658791481032
89.58538507864122,49.512717442733276,80.3445471455912,111.40376960333137
72.74746734599567,8.574560779636947,66.59684124346074,49.84264477287044
32.403319553773905,42.21782576014041,29.170425161439336,71.94062209573597
89.86993194285378,8.396597105682302,81.01404904960766,59.392903978710784
67.5623221912983,28.97084543613781,61.2348068229982,74.39376621890649
99.16711272492546,32.95630105578771,87.58118171932232,95.16579646726845
46.32129618386249,26.74576405048874,41.679507851806,60.27518358216631
10.96078744472152,47.322833139350024,11.04746409153864,68.273183656396
12.159851003346034,21.60513947073329,10.679939312676439,35.53353240083818
74.64716071236887,32.540065863734796,69.99342593933814,86.04208290597846
57.874770447052484,43.49491078481961,51.518260423360495,87.42992187456288
21.68094894409569,11.698558468969605,20.163297663916364,26.773868703890315
54.759589849721856,27.098359174556187,48.51573633602067,64.56010947620976
52.98038787220699,49.20915744962537,46.60426415458651,91.27949290522507
85.77763335707876,38.06669522030916,77.22418341462979,96.37894882834183
5.307624431274316,35.32402700637872,3.9649070064575085,47.45949189057342
11.305135358948604,19.57862596062594,10.977971316027386,31.20840758416133
44.260109591302474,42.56104741493155,38.763272322800496,77.53438602217989
13.941709325616081,42.00856339521904,14.038219995213552,65.04842892997723
98.87424438770978,21.899212119416628,89.23302355751224,79.28090492752757
19.825257475242598,28.53138821702585,16.54714475477453,45.64016394917181
61.96329894539212,33.96092840400768,55.93150302649294,76.46835076577348
44.36569840058572,39.44200381891517,39.69623860530357,74.71284051109082
78.16743571026431,22.276880644224857,70.85117497650455,70.37965052515419
5.262956850180167,16.58462826291405,6.5283486616276605,25.31261987283357
32.43950640167801,6.99500618860493,27.230274766838978,24.25486713113973
46.97726160751016,36.08421106562227,42.599072106058095,72.71958316692194
11.36339246954815,37.35641734940128,11.397479917494293,55.98182050042779
64.11773094303422,9.631840002537672,58.62033572176181,46.37300952938544
53.42146566779802,42.8621934020413,50.52595107981021,86.76198703287717
82.68086103496061,8.146892068084577,74.52821399879326,56.81543005508312
44.228505547893015,41.34893179735246,40.04979886531119,77.60872661309827
29.50208030920727,6.448330690278825,25.511655644888474,23.29743466625123
31.589214468490866,32.10805507156044,28.098411371802133,58.46835191811813
23.565003011821915,25.986711831571885,22.173250774724302,45.711633145965045
93.29852707799104,6.690530886338186,82.5117890483746,57.65688116676023
79.87126238028706,35.76456216007144,70.32199862841964,88.43269666999565
34.3458277804172,38.36026423900382,30.20364336900999,68.16599505432346
44.98338751875084,44.53925211822834,40.29871361868733,83.49280916455405
10.110999837665002,24.615553857050728,8.043876005063465,36.03424502058469
58.93796444635342,25.898304361073414,53.17542186645712,66.06872325279156
72.89064751309809,32.72675178887349,67.37759853100566,84.27451368742948
22.79527949493233,45.34145821792993,18.288695541076617,67.55270173054862
44.20153351503882,19.080982633339556,40.24814242454591,49.45109169623606
67.48476010454057,33.94155722031376,62.2329564093442,81.24668194917291
44.264351392803036,29.637940659226196,40.45500743352602,61.298195154398265
55.05454408148197,9.033446075277135,49.49785781125306,41.117752069234974
19.48492564905485,34.30622006342474,17.568201297511873,55.43859246386326
79.49981810298438,42.62886280602129,70.83183479778944,99.17893467318535
10.961266642756529,23.539139085109596,8.564664180722172,37.02502991410721
47.07147181758239,47.533478803433525,42.63143182321883,87.48038521969244
29.111611844645612,27.522054105085235,27.65112342073846,51.59257225021359
10.538986414384343,44.1489174708842,9.6279972368173,65.92870922051706
85.55429798971551,37.944337192851926,76.90875701913657,94.94517112094228
20.019634379217333,20.602094535228254,15.750001106120008,35.308255785627985
46.92677829022461,15.332093522623975,41.153844152106444,43.34757451648943
61.275892683316016,19.808792885225014,54.59749169087154,59.43002900418636
26.961220601569124,17.2208613691926,26.345358745988303,37.909310459958405
47.96636378627942,2.3472411153170283,42.60026238105072,28.25552067827587
53.04688544290418,1.0813804166211027,48.14506799776274,30.001861895587783
44.481687163885134,20.015078077107656,40.20432238781656,48.65618663994268
36.3158653579688,9.395543555261614,33.29101794483009,32.94061781637616
25.602141644724075,42.5036309698745,23.64826870162219,69.96906045109067
90.61733781533665,48.18465589368801,83.26542932001192,113.25342905169248
50.94801022579838,14.362314121783577,45.61422306458126,45.1041511378815
70.13419421870023,35.79448959375103,61.263145970383604,82.97372785203409
53.40145855450225,18.324360015826013,49.46861346837027,53.782407038260615
28.606228158838142,43.16276401706117,25.430592033609344,71.24417187194828
47.8644727906809,22.15268921752328,42.53079320061881,54.51311163127114
82.32138906409891,46.98357962607432,73.97481322384823,107.34330022331605
87.59929350330687,32.94521837852052,79.60705847720442,90.32551036536783
94.0795411562516,5.345622819407398,84.52133198692678,59.389480271087365
21.59161928095915,6.355753802207126,16.914909950141887,16.822742296156868
34.5215532364175,20.51313562092177,30.568430080866086,44.44426821218358
11.894794111099305,28.7388368779264,11.675885141472367,45.18256544634039
98.825524172406,26.076669637658277,90.78465649774905,89.82963330043575
63.1011414991907,43.13263989700835,55.53037817499127,87.06304494988896
70.48748572055501,0.25664184502426357,61.734787756796514,35.185848502397526
43.073795526175694,6.01665310047717,39.60173702467313,33.02546186895683
24.355073830013474,16.06214836084084,21.09722131784138,34.0467859496164
38.722911850524966,42.49540726262438,35.41617762350131,75.07675810311835
28.868835166402228,0.19944651718641904,25.918892762559643,16.326090194506584
53.240401408913065,26.66711155568851,47.24739303598026,64.29146956585981
81.62209207933816,0.045090809489384265,72.40459195899072,41.700985431756536
83.17835829644308,27.029896708451822,75.29119507828898,79.95107096528369
28.622020835056073,23.965714404757684,24.027493566242285,45.30332821661361
17.758207395820303,6.566380487451346,18.220838000134925,20.349340542706262
72.3125890191389,29.225264538087504,65.23623151891023,75.46050930299612
41.70265213641658,31.00678453496724,37.04710949370569,62.589767026730065
18.19515777304175,22.636076680230012,15.699834359090017,40.47645139594923
60.434693729584275,39.88692799185363,53.72873003464684,83.05580250851
11.253546830774152,3.0026351988009123,9.58857397643663,8.61938069270335
9.551760554662692,16.333456720504376,7.4621751969755215,25.707251334891673
1.2051197960855964,24.01100204091576,2.1602091773919323,31.44283477286023
20.70866516935125,16.46752926926391,20.034530208626357,35.41823196742847
47.90082542983277,6.047454872299402,42.59390270511027,33.50908390786914
16.230960001720295,5.731783179106059,15.952865959355385,16.009849154374013
6.8687555103385645,38.69286920671206,7.503294378940143,55.9843772640215
49.25114842320571,13.354256963493372,43.59985798781379,41.92268046548868
90.31454513461755,33.17155480360331,81.19000804683803,88.64755381944393
1.1500894699544073,42.333283438756666,3.2045348522752457,58.021798751796155
22.807819305494537,14.59121100266848,20.939382985283448,30.297434359278878
90.13201122064953,9.337658558532674,83.26829656044413,62.08366410313217
63.42387758439179,28.665237375064812,56.94740709076101,71.82338142559735
83.04730511913849,40.04507108362312,74.57425736380677,95.06656423586267
90.93094685462464,17.59645184468149,82.64006156046565,71.94612745642814
21.874680479775698,41.89294660016271,18.926185694277173,63.89820888629416
73.95346252398134,49.0143999373472,65.67559515339249,102.55783241823168
26.10164292035744,32.69619550982726,24.99940200024771,59.502099079706745
93.84310263601532,44.70079768150399,84.67471981325066,107.3362140785106
95.71495206696137,4.586676408311824,85.82677015405697,56.60195295109288
16.021239832485723,18.94633417012079,13.336902138012281,32.23544635160646
81.225408304047,43.29184592610437,73.68568721247193,101.41000161927838
4.712967722903539,36.48921703658572,4.193626188192971,50.18893235537954
59.94000779051593,4.895524301179338,53.98203115300988,40.16990512495861
48.19288932410568,11.599417076980062,43.17127757906907,41.105282338820466
59.95792117126203,16.583666329737817,55.014242994517666,55.92717138832099
75.99185932484053,31.328761354333416,69.43209765271997,81.65621073757495
87.00257768707972,37.37436070004007,77.99079343776425,95.22391566782674
50.30214109444928,24.128752168349966,44.12963038993189,57.461563288512444
7.3660997125922005,1.35409971429013,5.8191630774552605,3.5856802318857746
91.37639863570067,43.62683920581693,79.4848941913091,103.82242668904284
6.078182850454517,46.56580151324974,4.263921943309138,62.649738419875526
79.44712764953967,18.051389052502127,72.22771325207266,67.59366190548135
12.12387936938949,40.495048127651515,12.499989548504686,61.22722612129784
90.26319203789856,26.101421898473337,80.79566442512663,82.70505350359554
63.44379466773087,23.826829260379018,56.943024861707514,62.40901543997572
31.01749488000154,46.709922588767185,29.992989177216785,80.00939402748303
86.51444888780644,0.40434957928120463,79.06511070023002,47.477867538996044
18.03905756252747,20.897816208238147,16.292151654729775,36.925637208395386
21.556823711736893,11.783627259860719,19.093657988632636,25.770928498089045
32.58908497520344,23.411155590710813,26.80298230196068,48.87975771259297
41.383505125221184,23.417015483356142,36.585703751673705,53.53752911564852
21.867176140305823,9.636471960962012,20.25353125601336,22.81155152932793
91.97103875078359,28.837972577077565,84.31988286852054,88.01888916329783
44.04122510613695,19.52159103987009,39.203861848857755,47.96352676442262
95.18259480303293,46.79576985058303,86.08252902591252,112.66152190050326
25.325093974455413,46.805746593958816,21.82283192922038,72.58945442503753
46.85526660747104,19.11461930050993,42.335701064106956,51.17547335752322
80.16017808841441,37.771211485823045,72.54975481275872,93.09527652119134
98.93351845665072,31.125060898308966,88.01405051485739,93.1395844100148
44.97421399724393,18.593430393772415,40.965589681878136,47.54490051067191
47.00095891614337,13.131550936024533,44.253539589046746,45.52951462828345
94.06689578647158,46.131808793822685,83.44904837146602,108.4133166680835
43.2202985279927,9.460430408064607,38.610200129871274,35.96137095842532
44.04447869515573,39.487569226415715,38.79424550298951,75.69577452303145
95.31483167760261,37.71184322221018,86.06918972237213,98.46676343577045
49.688799761866086,10.41143123000252,44.264651936013806,40.248431328510556
12.623264822736846,18.64699701982156,11.086263738429114,31.513589951474113
94.145648686315,22.35220227461538,85.24838219183765,80.91444982598206
50.14757912800513,25.002551180285177,45.670233086962085,59.991494243242826
36.07062935905374,30.01317851686332,31.03790418849179,56.9078113732262
90.06979568746576,17.498643237429928,80.18453514711739,70.94960806177141
1.7140762178309066,29.91581412955351,0.41155623751088166,37.39016350034387
94.76249676938954,21.890100683713914,83.12259536167178,78.44102189256047
8.750644484934611,47.511642158652236,7.310071771330971,66.3773488459151
7.549971076235407,34.61182341288977,5.575651858885933,46.986507756965054
94.22592926414501,26.050309234434373,84.60544870182471,83.6978553584578
47.79660110723341,28.153160088795183,41.068779695098605,60.78533286079095
17.970570936910015,5.442491784856035,17.05872264624827,17.307856030892157
98.22646644021353,13.775322049981725,88.5777467665811,70.61319768735292
33.52160925052008,35.28997880298715,31.540560538596147,65.25910148262707
94.13393459469506,49.23146927129808,84.91930102865993,114.44273768631177
45.94911967313803,15.144779757084164,43.19056320762674,45.88764862085697
36.793331398632525,49.53807816668092,32.42793874256332,82.49792552255029
57.33357590377801,17.610932802141026,51.72708560513569,53.62148421094651
91.05218912042584,22.691180878935207,82.08218804684786,78.51558552091731
98.00861831735325,48.72064595500583,88.55055702618357,113.72796574631103
69.5726947697289,41.304970052664984,62.20991078436934,89.58920524232636
36.83057641193687,26.362131151162416,32.61317767992903,53.36094846258128
86.35941806630227,49.13134424115864,76.1030762611407,108.34872419957807
92.43194361012293,49.339878125746665,83.31537754972524,113.85096140392136
54.292290834384104,7.8258134673656885,50.06175631499208,40.267148588528194
71.155080481553,39.35368938608544,65.08249457893741,89.75303920326047
87.14989029295775,13.560335312470018,79.51860820513598,65.39373035004039
68.44813301525406,15.168987270907047,62.852288644781,57.77222423744253
65.04323300302245,21.61116000582647,59.20687229417726,63.28044731881622
38.071717161081565,23.850959561507374,33.8197156480263,51.269179306175644
60.040954949517,6.769779771780144,55.44577579204574,43.27636794336114
24.318226943358347,38.19459897369812,23.252336850910034,63.80275290209395
11.988064702326362,1.644346970424615,10.855702268364407,8.275443845822382
25.85324447932127,48.046945897589666,23.47947051365502,77.00362016053487
44.62372251998674,13.350413507694153,38.89115980225294,40.67775078868974
34.45640015414263,35.32688065887086,31.665265080393258,65.97238690839076
70.19773406356794,26.644598724986114,66.13125940255517,73.32451665487847
38.25277998361024,41.95189729382163,36.15418809253697,77.62552578805489
50.486160508835276,10.198389650537127,44.52126373852498,39.61081267403726
29.085577905434956,1.5179313154581042,25.287545549737345,16.983764278189106
8.902619204851192,8.816597750482396,10.374874800193917,19.224771869251388
71.67954018596761,34.039113329410796,65.37664129820891,84.18063233109241
22.411042811888514,40.67347247198248,18.65402206427439,63.90394593394387
46.5441414527364,7.954588635703846,40.538534395624254,33.21312100975551
59.39560642374697,28.825531637553155,53.685998626211834,70.58013714251203
67.26223918786633,2.687736624389353,59.445853646448136,40.031747713154964
41.47430841937903,41.35721437074611,36.853838332523736,77.88575781941906
27.91000786438891,4.5019021645298976,23.22654875991072,19.077866997169497
89.27781993958105,8.793337147931501,81.40090917532233,60.64325366673936
64.42743144075573,32.52293115014614,58.5631731408451,79.34622854311665
24.802813241918344,23.49152517779175,22.135413318279685,42.672809488856494
76.80937337729782,13.722551816077866,67.6263174084198,57.569587499672885
53.68090250410088,47.13900322168082,48.135219286883846,90.01605245628457
41.97689601439406,28.03402877380522,37.1191687115017,57.57553007170756
9.739089925994405,8.02746765620485,8.369479429860819,16.671133978362207
22.216147721945344,21.116676327834227,21.58189013147236,41.45771315110496
10.542445827165292,35.38130996361779,8.343253684835378,52.06626399649295
69.72293949846018,22.870002677812735,62.53932265303668,66.16101831261267
74.76308375644231,5.289249764201448,66.63822272281573,44.90145410521945
43.57467459934702,8.677369870642071,40.02417469147567,34.618640384722845
5.429448928511271,12.480672296651285,4.139910004720034,18.19216402163786
16.993653461909265,27.325281591459945,17.017971923414535,46.5481387326698
94.49057917484059,31.768214124289162,84.48437916410832,92.90591565519613
89.19155777344646,23.81257035964507,79.19275044028599,77.4557540169404
39.82601025724094,10.609362479473328,35.212999675570586,33.17695992129603
14.143570408023864,17.173841182435833,13.688342493027347,31.047917499782987
44.34725373532547,43.5404941474592,40.835202242476164,81.40555292517017
43.35229791388902,12.109320897365079,38.75626379421141,39.94267742333325
1.953874317144122,33.01389717946559,2.507543962902421,45.226953876372924
71.89916241768498,19.212825750197165,63.47846965348165,63.40114038769038
65.74379737614736,47.93975188109088,57.933818546210645,96.70982481140187
58.658448549203925,0.40767194537196794,52.27082239544093,31.311019330776148
80.6942692902578,15.756229609054484,72.95635985611133,64.24280083318256
82.08176492808417,37.9206769750643,72.55523130536845,90.09964710329281
21.414690232008958,1.4009488995540498,19.25035856783978,12.99812511740153
7.025767350329481,19.249047704379603,5.044420692964893,28.90971305646328
36.87758417607869,47.68999049995778,35.84970637014284,82.28866477136785
88.12946924485225,33.75780214718367,80.52132588494167,93.46965816210685
77.55212317418916,5.544331855321816,70.77245668850304,50.32359406463729
25.53693024060696,4.6557542064887825,23.003910174123895,21.490793804649936
73.34519729310138,47.10617757861079,67.3546076871536,102.60718902361685
56.66634718973944,46.090807162342216,49.13736925393218,87.77142104269561
27.64946280948696,8.477343750371864,24.44920872901664,27.056228153583266
72.06473235416404,43.3156727501197,65.43424920332897,97.06800597334598
28.354666365846814,37.41083895471957,26.167557537188834,64.943887791448
34.15696533192448,19.912473622617398,31.037585735073606,43.847658600934786
20.24244434849991,12.168496277568575,19.620266543971105,28.33966429051046
55.786100881632386,6.807481949236233,49.507863642202025,36.250964318621506
44.83436404889377,9.78092568416759,40.05937856798147,36.55113207268625
63.23109198339634,25.962643567281052,56.715077914689346,65.64742883215933
1.0512187294489217,1.1875138662127638,1.9883649053535124,2.780407166720424
40.57342665189287,31.610633757904154,39.21431299593705,65.85316725328906
3.7551422311188354,30.158797240956662,2.815235447244511,40.71723344689604
30.505302796434997,31.98911144892306,28.602482414386134,57.97128383092949
8.626643861912331,41.091740252334134,6.979970603026037,57.86486057530906
54.55394800273987,2.89952746058007,49.10089244498727,33.931064997200984
92.04465606015444,48.261620626433974,83.02828778588224,113.00054934323411
85.43546853419349,24.707464888747722,78.03947577920253,78.7530624243175
49.12563273126918,23.65216562885432,44.540771036543475,58.392061017824446
34.41850665997289,8.22409246895608,30.441286505605408,30.83942946751482
0.22090399468401856,32.93431966618507,0.8422423404618995,42.85401328785915
64.46103481083068,43.592596942013515,58.73325288360496,92.17056191495551
32.20276718697822,3.8298393070096637,30.187914176374967,24.232592602434732
39.10019622424402,15.49889913671384,35.850991957111475,41.3230126660906
62.21852462457631,38.59942852687185,55.21644320248161,82.0377273620017
18.450426456919033,1.9324133404268806,16.986733940191332,12.33905156972357
56.11316971641529,29.000269347982293,50.73234405015202,66.83798521309829
44.97389443091906,11.08270489047148,40.42734518714691,39.58285027277181
37.65467350033094,26.80802715097728,32.407220653760646,54.92812117577459
83.77738135504521,6.93305537144756,75.61605717617643,54.62666897376723
73.10953818190946,17.65307715721661,65.96240004526237,62.41410375041787
15.813949581749586,17.87859472678399,14.937525992343586,31.878981330079895
91.1628084253215,20.127542916780268,81.48561363465292,73.93637160579162
0.19239424662348403,48.643641135939404,-1.631317967418099,60.922470779838676
24.31824764727285,6.750520751998818,22.810428953678787,23.089910852812732
13.707069355683588,13.636128443423178,12.444572627809196,25.102292406963763
34.13730913765852,33.74116200455126,30.708575835115326,63.9115951923108
14.798915205959728,17.798033521890016,13.297034188276319,31.232371518921653
28.117346249869424,46.091455958725696,26.393348514213518,76.20705039577462
40.045420605876245,18.656796117318642,35.0410027225425,45.254135784248696
47.33859565483315,48.21404887564267,42.202259270709604,88.42507914979137
26.984881882917943,9.338430336010717,25.03106597756151,25.61820777645758
6.797816102691046,23.37870996527036,6.719460642370852,34.04592412525758
54.055896325372565,26.36441437492993,47.49291106896921,62.441056991975906
63.338463568428296,28.686947312907655,57.891724919352505,73.890680080738
65.59472667421737,19.958107831730835,58.97238884620761,61.863389498581505
2.867875238341,26.93632184610098,0.7625053973159999,35.22568972126222
10.586265091550262,11.884864674999834,7.7132020827182295,20.73700594699084
66.82635046582718,12.66452379631809,59.623954581216466,52.02720409824922
10.257004001124436,3.781338885964108,11.875812989245503,12.633120908544413
6.659066128286284,27.04648081694318,6.296089857982085,39.85076924962439
45.168669615357835,24.441932417290918,40.78409770459237,55.46232662709858
36.47414742704189,48.394414885639556,33.02487270271192,83.26045597488009
67.33429161633879,39.30674465772277,59.67524151249709,87.68174048841784
4.03113404823544,34.6886236249219,2.4366573667898495,45.22988818790484
22.531178038636966,14.245708712644939,19.35431772831022,30.391853219359366
28.51853204904141,11.18684432540763,24.963774019390495,30.83289758014369
32.52681123006164,34.527091537302,27.476682874007913,59.9535826891685
0.7933937336056185,11.079695872325257,0.6831154604452938,16.011238379592974
55.0882862685063,3.719894202690266,50.067943132856094,34.94689210285403
1.300195775887203,16.629403007043646,0.20478380109183492,22.278744456180366
30.056343854343027,27.544373662751028,25.64534089768646,52.57663569780137
90.9826096046766,10.009987520654718,84.047754846151,63.84491106876634
15.819524013812437,5.589369897038543,15.367969209113063,17.107257164728658
63.83619375735662,43.251257121977766,57.314024461134444,89.52185473383646
45.65399134644098,22.923501453836742,41.243678104425484,53.72303738649284
92.49360588910812,0.21256600527094216,85.47941627762602,53.9061316408898
44.06946243042814,12.396875310174016,40.262075012428994,40.66956511685477
20.265050580371568,2.2574113874309356,17.8528715735038,13.710189141275315
99.56570373048325,12.739860799517967,90.54454700364136,70.88936831053509
72.39434568998368,21.23552568835678,66.03365303432015,67.38711614107883
12.967014802931642,7.181389388740672,11.626098215059844,15.845822988859892
52.82065326831255,46.84885248509402,49.22387835122911,89.69704961052577
30.62542129861291,23.123017757249357,28.48247292370887,48.91765741805626
88.19108131958838,43.008926455662845,79.84727503448642,104.37316647768345
16.095446961225825,41.18414013219227,14.903777064334795,60.83264410133004
64.38936007559869,5.835901396024229,59.51224326449097,42.10402730178583
95.75816821532361,4.545655679076477,85.90067629840624,57.86967649172987
90.88287728057497,28.137148603163098,80.33125270880281,82.92959715321143
90.04915752987147,1.5476785702348006,81.82931301796029,52.27774314551971
66.35888616183324,39.483610948483545,58.95124788989049,87.53994047534756
30.304622809405057,16.45849001703454,27.061783765601714,38.01059024983718
7.490318902788506,35.94446099518412,8.807712435425843,53.719632693391574
17.185634195044553,9.612427965972026,14.318563561401355,20.424672431853153
89.35934929285727,15.98064129175053,80.16286381917499,68.63817847043798
70.79093872875373,32.23938917088546,62.53363127763178,78.04917258746008
10.435889122877395,11.29574191721286,9.138557312531663,19.163545647748684
97.20334777264445,10.29214784828561,86.1861383969592,64.43068128215583
50.98924667919377,17.554025761185553,45.03330932531128,51.04823586248274
17.180499502688875,0.3964191226505931,14.515910786746852,8.612997300595216
47.96042342278124,35.18591955232731,42.60725282410265,70.84245680623795
39.918221730752926,5.667989155724329,36.368336658994046,29.857600637086406
21.387995945443915,11.673263993647332,18.59315583336155,24.65560126049671
63.293698144357876,3.079973226699889,56.91283633276746,38.85787550885484
52.60938671614718,22.260684976839624,48.67276192304637,58.788863295383685
27.411748820434532,13.629419922209706,24.256373348439418,32.961518566787255
80.2772258414907,25.739569573099153,73.43945448360226,77.42845220996956
53.880904844629406,33.729174687589605,48.07906158517294,73.64864322426398
33.94355429273765,9.721044718768661,31.761104367962684,31.673491508083536
15.781328666803295,16.596870460249626,14.14266399264401,29.891257858062918
49.945743284665646,28.176567163283682,44.461202453684805,62.76466742143347
15.396339039452744,12.062340489661233,13.043792332712949,23.914059786479044
91.55751306731023,45.75070837963571,82.59250253898068,110.57364680617364
49.49212109046947,1.9455785039993012,45.356465019589265,30.534110506423918
91.27308102741941,7.486980638818885,79.5090719221755,56.01504747384638
31.98759379777799,14.71769504101107,29.51936529144077,37.421601514233544
46.025498661567624,34.0523776172746,41.29307625257561,69.70653532006847
52.13655330185334,4.514168275697584,45.833958631226444,32.42243132796905
89.83439647098156,44.30278370626925,82.90254416719769,109.67322030284005
12.694845632797701,45.23299871623293,11.182796435294488,64.57957490754482
39.86245158849228,32.37342106856423,35.87741585445698,62.75350324104057
8.437011790397687,19.20221297466546,9.051030317199487,27.92279600408991
91.43371626793041,13.91302015748082,84.47335447741504,69.49707974284044
81.65558714646764,17.18272144919145,73.88482996090293,66.9365282204795
40.05628887342018,43.98616482672021,35.59049963209708,78.58459988346556
66.88397353653748,26.533804465261213,62.26027502248649,72.12803219493232
54.303874086023285,46.418909283061325,49.26431595632827,89.86927939153438
61.17843348998259,24.979322028449978,55.943244838353536,64.95820819085708
85.21833762914618,10.52197670665339,78.1487974611937,60.481930331054805
98.64786207905856,4.773314836767851,88.24436172177421,58.60221783047124
8.088978845253791,33.62599542522327,6.808968306996117,47.80601187694573
56.78899586118178,14.68913971516413,50.76051718401114,47.56487294652154
90.3254971504777,31.687836304682797,82.57932533092205,92.09408234048261
39.6520461398717,46.541593096427086,35.973828628103725,81.91254290614793
25.46265102305917,0.8695329692135212,25.094053321292645,17.28321564307429
13.11816966281073,2.718199378412234,11.774103999827126,9.23548227338759
62.522047193762,16.737454142921276,55.14222603747724,53.90873018247386
21.102070946588046,15.397680931486684,17.622226515330514,28.812647123697836
37.83366768008567,19.353226619663356,33.84360913520902,44.73121336344283
40.12487797325288,22.22456909571212,37.26214365167056,53.07806669523969
62.444733036349845,20.54630279422247,56.92334972330781,60.62648728285742
95.52651256131351,4.781074538276597,84.84803776624139,57.76711792520931
98.85723617902971,16.656765650383043,88.94637031562308,75.25258016195927
29.893411696246474,6.01795286091788,26.736706801316785,23.64150394064535
26.451559613660326,10.39646694308171,21.94795461209332,23.560536909038788
72.02579498312028,29.724362160079938,63.20827236357266,74.9406708044636
68.9599492816081,2.470280732781843,62.91889131917637,40.18225403779788
27.13559390121206,14.466135325521185,23.79232436893515,33.88748511084673
94.59771445389443,29.901866238533643,84.40209965854659,89.1169520062348
80.13751894047732,13.321883803053936,72.74486636489391,61.00399276019492
19.862606429946673,26.03196655488406,17.6232280343282,44.56839524983019
49.65508756860062,22.13591375247377,43.733505428205824,55.21237347635358
9.229556807637874,30.854055121632413,9.708045289808505,46.18001257824694
52.49503779051445,42.21112624767927,47.20463284335233,82.5194766168229
56.94114431803371,14.113585536306388,50.93274218217974,48.20498398616801
18.133551881898313,44.14547835284669,16.310789937895752,68.25937507179165
7.457790908054185,32.321103674112464,6.799854168042579,47.65462528351575
18.007992458715616,20.545947287350007,17.770459788453238,39.001673975149494
48.78049161095328,39.97382532871998,43.33277896801594,77.11215423402477
5.593344072776551,21.681113115122407,3.727267526725243,29.40534239774069
17.403632977254812,33.50808586224222,16.173521687934883,53.27356632432936
19.41099610187851,43.687590848875395,16.078477166304946,66.34771576703415
42.91038498036689,16.117853327913007,39.95808441020965,45.83770655208057
53.621554198393554,23.545520971380025,49.53121067820341,61.442148200426914
36.75162083575899,20.075296143834215,32.76965662927074,46.594101182387035
64.53939109129911,5.8026725515150535,58.43997806237945,41.237181015680385
93.20506005232923,5.20898462642791,85.18847536359685,58.11176856973497
23.292270456066532,5.2203196518603505,22.49803704487913,20.056615271908143
99.00202824416986,43.70846142363371,89.82203762062012,111.42554376871644
33.36717696458392,44.77736222746234,29.977966950374967,75.1133990607318
59.85046717827629,16.99475270302474,52.36401699451346,54.177625833479894
35.892013365209266,44.225406605456406,33.81213644974475,78.29839020338272
68.03914838039583,47.02225126663843,61.99442374854091,99.35614595252595
85.31998120617398,37.97916576400244,76.18033818189024,93.37695212547963
79.28425281034133,11.80527928650158,70.97775685577663,57.62682674959924
