tenure_months,base_engagement,initial_offer,followup_engagement,special_offer,purchase,region,noise_factor
39,0,0,1,1,0,West,-0.44332077027619093
52,1,1,0,0,0,North,-0.16093635479906948
29,1,1,1,0,1,South,2.13820904755154
15,1,1,0,1,1,North,1.3181053604970665
43,1,0,1,0,0,South,0.13234769950874692
8,1,1,0,1,1,East,0.2544017716507839
21,1,1,1,1,1,East,0.634903811584933
39,1,1,1,0,0,West,2.391554820991459
58,1,0,1,0,0,South,0.3827197930570508
19,1,1,1,1,1,East,0.04595939611876998
23,0,1,0,1,0,West,-0.3385983966149878
11,1,1,0,0,0,West,0.23491524751944107
11,1,1,0,1,1,North,-0.5870218183512091
24,0,0,0,0,0,West,0.4960923380768729
53,1,0,1,0,0,East,-1.4325966297915411
36,0,1,0,0,1,North,-0.26050058940633264
40,1,0,0,0,0,South,0.7346328547273364
24,1,0,1,1,1,South,0.36912365433735395
3,1,1,0,1,1,East,-0.46262462005165167
22,0,0,0,0,1,East,-0.23202451041663838
53,1,0,1,0,0,North,1.0353346866922113
2,1,1,0,1,0,North,-1.2104016960234212
24,0,0,1,0,0,East,-1.2045936479113302
44,0,0,0,0,0,East,-0.9296339521774971
30,1,0,0,0,0,South,-0.010677864266643562
38,0,0,1,0,1,South,-1.3567380672561922
2,0,0,0,1,1,South,0.9530015927659814
21,1,0,0,0,0,East,-0.9242924588558654
33,0,0,1,0,0,West,0.22435555774312935
12,1,0,0,0,0,East,-0.579073100919403
58,0,0,1,0,0,East,-0.06549708083972602
22,1,0,1,1,0,South,-1.6033459096587435
44,0,0,0,0,0,East,1.0013162452099562
25,1,0,1,1,1,North,-0.9614979983714009
49,0,0,0,0,1,East,-1.0662167210437026
27,1,1,1,0,0,East,2.3790090134020927
59,0,0,0,0,0,East,0.5543073109576079
42,1,0,0,0,0,East,0.9624164082830751
28,1,1,1,1,1,West,0.45889139636189885
16,1,1,0,0,1,East,-0.4524805599864017
15,1,0,1,1,1,North,-1.3068498574550105
47,0,0,1,0,0,North,-0.29882038742565875
51,1,0,0,0,0,East,-0.9781593445255623
44,0,0,1,0,1,South,-0.918115172434519
55,0,0,0,0,1,West,-1.5831873289696967
52,0,0,0,0,1,East,0.1144759597954961
57,1,0,1,0,1,East,1.573412147525846
3,1,1,0,1,1,East,0.5581367230264489
37,0,0,1,0,1,South,-0.1057903878517124
51,1,0,0,0,0,South,-0.04057187281015166
7,0,0,1,0,1,South,-3.0477773123935967
21,0,0,1,0,0,West,-0.42383542189937645
9,0,0,1,0,0,North,-1.426675895220339
39,0,0,0,0,1,West,0.13441252790227645
18,0,0,0,1,0,South,-0.25997598866823424
4,1,1,1,1,1,North,-0.8693045412075403
25,1,0,1,1,0,North,0.11189670448859902
14,0,0,1,1,1,South,0.10327915300694296
50,0,0,1,0,0,South,1.5186240394564274
58,0,0,0,0,0,West,0.6864175004467297
9,1,1,1,1,1,South,0.21697279003687273
26,0,1,1,1,0,North,-0.9475144736513923
53,1,0,1,1,0,East,-1.0734391191074883
2,1,1,1,1,0,South,0.5988480074366075
20,1,1,1,1,1,South,-0.2000693724404299
28,1,0,1,0,1,West,0.24936559112660756
47,0,1,0,0,0,West,0.9780005241715597
7,1,0,0,1,0,South,-1.51313877514181
44,1,0,0,0,0,North,1.3970353850289938
8,1,1,0,0,0,North,0.9693817869489962
47,0,0,0,0,1,East,-2.0544402219876448
35,0,0,1,0,0,South,2.353092448910977
14,0,1,1,1,1,West,0.3213763190814564
17,1,0,0,0,0,North,-0.47853830042295376
36,1,0,0,0,0,East,0.5190622236049256
50,1,1,0,0,0,South,-0.9774746369387358
40,0,0,0,0,0,North,0.5461283531935511
4,1,1,1,1,1,South,-0.7934964583353113
2,0,0,0,0,0,South,2.0203595354706008
6,0,1,0,0,1,North,0.060100193906401
54,0,0,0,1,1,North,0.6498230520728239
42,1,0,0,0,1,North,-0.786065099652139
4,0,1,1,0,1,South,0.8164960238933582
54,1,0,1,0,0,South,-0.012580063502112084
29,1,0,1,0,1,East,-1.4118517083219448
18,0,0,1,0,1,West,-0.23876271988824793
26,1,0,0,0,1,South,1.9311110688625377
44,0,0,0,0,0,West,0.858977026043308
34,0,1,0,0,0,North,-0.3789750689064935
10,0,0,0,1,1,South,-1.869165761000935
36,0,0,1,0,0,East,-0.8324911782306316
14,1,0,1,1,1,East,-1.4064740040344614
31,0,0,0,1,1,West,-1.8450080064334982
48,1,0,0,0,1,North,0.7855911301653025
15,1,0,0,1,0,West,0.06238739638016563
8,1,1,0,1,1,North,1.7951084483439408
14,1,0,0,1,1,East,-0.997641898797629
23,1,0,1,1,1,West,-0.0022809347591302735
57,0,0,1,0,1,East,-1.3941743517469143
40,0,0,0,0,1,East,-0.5948733611662425
21,1,1,1,1,1,North,-0.2221099619325858
16,1,0,1,1,1,West,-0.37465396781164767
45,0,1,1,0,0,West,0.053540630615501135
18,0,1,1,0,0,East,0.971609563251387
47,0,0,1,0,0,East,0.8664175854545542
53,1,0,0,0,1,North,-0.7693345840912993
24,0,0,1,0,1,South,-0.030354121863649188
26,0,0,0,1,0,South,0.7940963749594439
25,0,0,0,1,0,East,1.035736507429506
45,0,0,1,1,1,South,-0.6611566846541527
41,1,0,1,0,0,South,0.7081644548002397
29,0,0,1,1,0,South,0.33114650918770105
15,1,1,1,1,0,South,-1.065989113538929
45,0,0,0,0,0,East,0.800157962585735
1,1,1,1,1,1,South,0.15154320843246893
25,0,0,0,0,0,South,-1.741390606326526
7,0,0,1,0,0,North,-0.29385356071136937
9,1,1,0,1,1,East,0.039857541584972525
24,1,1,0,1,1,West,-0.6058244788175937
1,1,1,1,1,1,West,1.228228425498525
44,1,0,0,0,0,North,1.2644684906781054
8,1,1,1,1,0,North,-0.38249015891284494
24,0,0,1,0,0,East,-0.49222552135374226
11,1,0,1,0,1,West,-0.13123467336932107
51,0,0,1,0,0,South,-0.20008056580668074
17,1,1,0,1,0,North,-0.5925018938019228
8,1,0,0,0,0,West,-3.7087966093232914
35,1,0,0,1,0,East,1.7548118755996143
35,1,0,0,0,0,South,0.00041796377814229223
33,0,0,1,1,0,East,-0.17831011192907645
59,1,0,1,0,1,North,0.3251691300519507
5,0,1,1,1,1,West,-0.08005774853408995
42,1,1,0,0,0,West,-0.4303158446454495
39,1,0,0,0,0,West,-1.0056459863919494
58,0,1,0,0,0,West,-1.8386127764956959
41,1,1,1,0,0,South,-1.3543789299543936
28,1,0,0,0,0,South,-1.1166740667101471
7,1,1,0,1,1,East,0.6509221580409689
9,1,1,0,1,1,South,0.7246231467643945
8,0,0,1,1,1,North,-0.8817991044667711
12,1,1,0,1,1,North,-2.663654140437395
34,1,0,1,0,0,West,0.009120719501876304
33,0,0,0,0,0,North,-0.42154221565931843
48,1,0,1,0,0,East,-0.4462624867001313
55,0,0,1,0,0,South,0.9559374757643647
23,0,1,0,0,1,South,0.13865262547285237
24,1,1,0,1,1,South,-0.9763796485200793
37,1,0,1,0,0,North,-1.2064130339590495
35,0,0,0,0,0,South,-0.2626113569849563
44,1,0,1,0,1,West,-0.906412762189642
40,0,0,0,1,0,West,-0.07239762402761732
22,0,0,0,0,1,West,1.026142044401966
27,0,0,0,0,1,North,-1.3797824115994501
35,0,0,1,0,0,South,0.08777943480896865
1,0,1,0,1,1,North,0.9150499826693897
35,1,0,0,0,0,South,-0.08618733581810893
37,1,0,1,0,1,East,0.7215808951176532
47,0,0,1,0,0,East,-0.28727249211546224
14,1,1,1,1,0,North,0.1708280794236369
3,1,1,0,1,1,West,0.44078493234217647
1,0,0,1,1,0,North,-0.5720024382631347
5,1,1,1,0,0,West,1.9906760171899993
26,1,0,1,0,0,South,0.5775801803319217
55,0,0,1,1,1,West,1.302985498716921
14,0,1,0,1,1,West,1.071023946360768
39,1,0,1,1,1,South,0.3272892692834113
27,1,0,1,1,0,East,1.3857894223598075
9,0,1,0,1,1,South,0.18791471119191736
15,1,1,1,1,1,North,-0.7297752831743629
15,1,1,1,1,1,North,0.014819231562963215
26,1,0,0,0,0,North,-1.0061669124151313
42,1,0,0,0,1,North,-2.1017043281098022
13,1,1,0,1,1,North,-0.8525422430590254
51,0,0,0,0,1,East,0.07288153297087471
32,0,0,1,0,1,East,1.0619247854880811
39,1,1,1,1,0,West,-0.8555192045763543
49,1,0,0,0,0,North,1.0101624535271547
52,0,0,0,0,1,South,-1.210682985806877
32,1,0,1,0,0,North,-0.9195224661394502
4,1,0,0,1,1,East,1.4491566033964518
30,0,0,1,0,0,North,0.04762101996249564
37,1,0,1,0,1,East,-0.17362194528464336
23,1,0,0,0,1,West,0.23527998990782686
39,1,0,1,0,0,West,-1.2064032507180458
45,1,0,0,0,1,West,-0.3308481285738224
15,0,1,0,0,1,East,0.002661158126551583
43,1,0,0,0,0,North,1.2313809361794323
29,0,0,1,0,0,North,-1.6704171393014011
36,0,0,0,1,0,South,1.7629903153757707
13,1,0,1,0,0,East,-0.12464773832504308
32,0,0,1,0,0,South,-1.110556248967009
7,0,1,0,0,0,West,-1.2916347161343913
59,1,0,0,0,0,North,0.2731493170042062
51,0,0,0,0,1,East,-1.3472094800685257
22,0,0,1,0,1,South,-0.5601235450930988
28,1,1,1,1,0,South,-0.2499030608777983
2,1,1,1,1,0,South,1.1436757394048258
42,0,0,0,0,1,North,1.0184534592639736
45,1,0,0,0,1,North,-0.6429923901189591
57,0,0,1,1,1,North,-0.21268317022092195
53,1,0,1,0,0,East,-1.5953849001757456
6,1,1,1,0,0,North,-2.03909551324372
28,1,0,0,1,0,East,-1.2290524475926197
28,1,0,0,0,0,South,1.1230973613258104
44,1,0,1,0,0,South,0.78008072222146
44,1,0,1,0,0,West,0.383436262596614
20,0,0,0,0,1,North,-1.457624486620577
30,0,1,0,1,0,South,-0.7116595773911455
11,1,1,0,1,1,North,-0.8578210281786216
58,0,0,1,0,1,East,-0.16599837062056236
55,1,0,1,0,0,South,-0.22905355663211582
28,0,0,1,0,0,North,-1.0019568566958286
25,1,1,1,1,0,South,0.3492168078985434
39,0,0,1,0,0,South,0.2289463802042389
33,0,1,1,0,1,North,-0.7288230990929465
1,1,1,1,1,1,South,0.30427839163253123
57,1,0,1,0,0,South,1.1242853683305207
27,1,1,0,0,1,South,1.4280607771232459
57,0,0,0,0,0,South,0.490662156609859
52,0,0,1,0,1,East,0.46126794340935595
13,1,1,1,1,0,South,-0.24013891402431137
41,0,0,0,0,0,West,1.029712895535159
3,1,0,0,0,1,South,-1.0703514513397872
39,1,0,0,0,0,North,0.9138501434081648
6,1,0,1,0,0,West,-0.2876047341808028
8,1,0,0,0,0,East,1.4909368272017296
27,1,0,1,0,0,West,0.5882064070400744
9,1,1,0,0,0,West,-0.06786623107310033
37,0,0,1,0,0,West,-0.23648764890427343
33,0,0,0,0,1,North,0.525612854448437
51,0,0,1,0,1,North,0.4771243476860553
42,0,0,0,0,1,North,-0.39834300450052773
44,1,1,0,0,0,East,0.09183575826834649
24,1,0,0,0,1,North,0.8963900873486018
15,0,1,0,0,0,North,-1.3633562578802498
59,0,0,0,0,1,West,0.7258782205537132
54,0,0,0,0,1,North,0.5212145783593538
32,1,0,0,0,0,South,1.1866474755614906
32,1,1,0,1,1,North,-0.7156537013032378
24,0,0,0,0,1,East,0.005716086092890965
41,1,1,0,1,0,East,0.2050683760048956
52,1,0,1,0,1,South,0.7387965172002353
49,0,0,1,0,0,East,0.4291169291610002
49,1,0,0,0,0,East,-1.2395550988122745
58,1,0,1,0,0,West,0.29104403286164604
52,0,0,1,0,1,South,2.004228774270408
12,0,1,0,0,0,West,0.6117575759613151
39,0,1,1,0,1,West,1.6380469445366
2,0,1,1,1,1,North,1.0430613772948123
3,1,0,1,1,1,South,1.3624019354384092
49,1,0,0,0,0,North,0.3099686609847051
37,0,0,1,0,1,North,0.5218451096121169
49,0,0,0,0,0,West,0.2555177566413748
56,0,0,0,0,0,East,0.004340865049522787
17,0,0,0,0,0,South,0.7421949800691044
59,1,0,0,1,1,East,-0.5210019390072009
49,0,0,1,0,0,West,1.8853823160146332
2,0,0,1,1,0,West,-0.9280129676882737
2,0,1,1,1,1,West,0.8113881199171586
28,1,1,1,0,0,West,1.3786714173035888
54,0,0,1,0,1,West,-0.17662175396040314
23,1,1,1,1,0,West,-1.1129773111381638
37,0,0,0,1,1,East,1.1555295892823547
32,1,0,1,1,1,North,0.2033953100502551
33,1,0,0,0,1,East,0.8133160726017432
1,0,0,0,0,1,South,-0.10945459883731741
19,0,0,1,0,1,East,1.731924682322397
2,1,0,1,1,1,West,-2.1170080522063484
53,1,0,1,0,0,East,0.3761775512837346
44,0,0,1,0,1,North,1.3417494837515977
26,0,0,0,1,1,South,0.10533904482939617
32,1,0,1,0,0,East,0.3023586930169115
6,1,1,0,1,0,North,-0.4340118125670084
32,0,0,1,0,0,East,0.02068850786661747
55,1,0,1,0,0,South,-1.671856613136305
4,0,1,1,1,1,East,-0.7184313326196915
55,1,0,1,0,0,West,-0.7867551271022283
11,0,0,1,1,1,East,0.6691239910292981
56,0,0,1,0,1,North,-0.5713697592877345
59,0,0,0,0,0,East,-0.5424755499398202
17,1,0,1,1,1,North,-0.37792336028513973
38,0,0,0,0,1,South,-0.7486447025153175
24,0,0,1,0,0,East,0.26902226926169737
5,0,0,0,1,1,South,0.3776314694329093
52,1,0,1,1,0,South,0.8250185797217593
34,1,0,1,0,1,East,0.6527500822879425
6,0,0,0,0,1,North,0.5527577449847006
22,1,0,1,1,0,South,-0.3289683339974436
11,1,0,0,0,0,South,-0.39310375033787887
48,1,0,0,0,1,East,-0.8712110023484563
16,0,0,0,1,1,East,-0.8892436888941013
33,0,0,1,1,0,East,0.1942614096792605
9,0,1,0,1,1,East,-0.7194160407800809
59,0,0,1,0,0,East,1.4683241333559591
6,0,0,1,1,1,West,-0.037500823074493095
16,1,1,1,0,0,East,1.5013901071595404
29,0,0,1,0,1,North,0.5717670545711673
3,0,1,0,0,0,South,-0.7772364344717115
20,1,1,1,0,0,North,-0.06204618858181776
59,0,0,1,0,0,North,-1.6734523411177162
36,1,1,0,0,0,West,0.19042535506528505
19,1,1,1,0,1,East,-0.6857684078453173
26,0,0,0,0,1,South,-1.1134580082152612
3,1,1,1,1,1,North,1.5221467585480473
19,1,0,1,0,1,East,1.0305877409842874
20,1,0,1,1,0,East,1.0030389787624625
32,0,0,1,1,1,West,0.7821112766509443
7,0,0,1,1,1,West,-1.234889044125783
52,1,0,1,0,1,West,-0.4004794928068376
41,0,0,0,0,1,South,-0.33950364146988704
33,0,0,1,0,1,North,-1.7097370740989313
40,0,0,0,0,1,West,-0.5570010948439893
39,1,0,1,0,0,West,-0.5460979756170437
18,0,1,1,1,1,West,0.12599894749496204
40,1,0,0,0,0,North,2.5323876002383434
1,1,1,0,1,0,North,-0.02089627660473875
11,1,1,1,0,1,West,0.1265144545696673
28,1,0,0,0,0,West,-0.250210272764142
57,1,0,0,0,1,East,0.7377128800537445
25,1,1,0,0,1,West,-1.073917208645777
50,0,0,0,0,0,South,1.896037495153939
23,1,0,1,0,1,South,-0.12415920746681924
31,0,0,0,0,1,West,-0.39518983303106436
30,0,0,1,1,1,North,0.9700370736637999
42,1,0,1,0,0,East,-0.8909225920448536
35,1,1,1,0,0,North,0.7192509830553334
7,0,0,0,1,1,West,1.4051700555953608
16,1,0,1,0,0,South,-0.24134277240300922
26,1,0,0,0,0,East,2.0528416130798712
48,1,0,1,0,0,North,0.6442915262612541
57,1,0,1,0,0,North,0.6566942596644293
52,1,1,1,0,0,West,1.3658653351859897
49,1,0,1,0,0,East,1.6307349546363734
2,1,1,1,1,0,South,0.26183898640638015
1,1,0,0,0,1,West,0.7969054413769378
48,1,0,1,0,0,East,1.396341493160928
12,1,1,1,1,1,North,-1.161811076361437
5,0,1,0,1,1,West,-1.7295023996326477
37,0,0,0,1,1,North,-0.0575539204059049
32,0,0,0,0,0,North,-1.7534913574193798
59,0,0,0,0,0,West,-0.3139950963079523
55,1,0,0,1,1,West,0.31437353419913744
9,1,1,0,1,0,West,-0.2756387660551266
41,1,0,1,0,0,West,-0.14159304810369086
35,0,0,1,1,1,West,-1.001666513620925
19,1,1,1,1,0,North,0.7881435439709441
48,1,0,1,0,0,South,-1.0634633671223397
16,1,0,1,0,0,South,-2.1029017310550335
3,1,0,0,1,1,West,-0.20733877253321994
20,1,1,0,0,1,North,0.915019924919956
24,0,0,0,1,1,South,0.07983079188297652
54,1,0,1,0,0,South,-1.164797015080235
56,0,0,0,0,0,South,0.10195096740633612
33,0,0,1,0,0,North,0.43830370476834984
24,1,0,1,1,1,West,0.09031669151892624
52,0,0,0,0,1,West,-0.2645842468885863
11,1,1,0,0,1,West,0.4860386816427485
49,0,0,1,0,0,East,-1.7384269028201453
8,1,0,0,0,1,East,-0.8939553907625805
36,0,0,0,0,0,East,-1.3052080978053102
38,1,0,0,0,1,North,1.3483863719881566
40,1,0,0,0,0,South,0.7120317209883875
20,0,0,1,0,0,South,0.1851250343140176
35,1,0,0,0,0,North,-1.4506216533528082
48,1,0,1,0,0,North,0.7441477889481191
25,0,0,0,0,1,West,1.3865401349918163
35,0,0,0,0,0,West,0.5714947364635622
25,0,0,0,1,1,East,-0.03517741650355717
29,1,0,0,1,1,East,0.6317180318506153
18,1,1,0,0,0,North,0.2729161142526889
46,1,0,1,0,1,East,0.9260762336397387
18,0,1,1,1,1,South,0.9036856417929532
2,0,0,1,1,1,North,-0.22106553661032657
54,1,0,1,0,0,North,-0.6606413828841099
35,0,0,0,0,0,South,-0.3998229406861777
16,0,0,0,1,1,West,0.5358503350049342
41,1,0,0,0,1,West,-0.3394396517978083
36,1,0,1,0,0,South,-0.7505296181538237
33,1,0,1,1,0,South,-0.0009533712532066398
4,1,1,0,0,1,East,1.1074569306689515
33,1,0,1,0,0,North,0.13510806713406354
14,1,1,1,1,1,East,-0.2762179960004274
21,0,0,0,0,0,South,0.320431792946765
48,0,0,0,0,1,East,0.0840392090498677
20,0,1,1,0,1,South,-1.933637041009678
56,0,1,1,0,1,East,0.6967591430191588
8,1,1,0,1,0,East,0.40745843994710923
7,0,1,0,0,1,West,0.016171798945745924
3,0,0,1,1,1,South,1.0623567007229204
17,0,0,1,0,0,East,1.212999364250198
33,0,0,0,0,0,North,0.7987686614735513
48,1,0,0,0,0,East,-0.8503008160355342
12,0,0,0,0,1,East,-0.8157111106269598
59,1,0,1,0,0,North,1.1173355400019835
51,0,0,0,1,1,South,-1.8772239269451998
22,1,1,0,0,0,West,-0.14884751516211372
55,1,0,0,0,0,West,0.4398258070310824
22,0,0,0,0,1,West,-1.7504077354475045
46,1,0,1,0,0,North,0.2343432388502992
30,0,0,1,0,0,East,0.9544290765859523
38,0,0,0,1,1,South,-1.4855760701034757
38,1,0,1,0,0,East,1.6581702066941584
45,0,0,0,0,0,West,-1.00983007609891
51,0,0,0,0,0,East,0.57473624647703
54,1,1,0,0,0,North,-0.08359642835863292
8,0,1,1,1,1,North,0.06951562370045135
27,1,1,0,1,1,South,-1.2834951356741566
27,0,1,0,1,1,South,1.260472962353059
34,1,0,0,0,0,West,0.3258834633502335
21,1,0,0,0,0,South,1.620840176903156
30,1,1,0,1,1,East,-1.2574172205790268
33,1,0,1,0,0,North,-0.18123463387869396
28,0,0,0,0,1,North,0.20952923970220724
47,1,0,1,0,0,North,0.06038314729492472
33,0,0,1,0,1,South,0.6667853446724203
5,0,1,0,1,1,North,-0.19391854192387575
48,0,1,1,0,0,North,2.122026046300686
19,1,1,0,1,1,North,0.039842322188179596
4,0,0,1,1,1,West,-2.8841544357623343
35,1,1,0,0,0,West,0.08420100833937201
49,1,0,0,0,0,South,1.261463984866183
17,1,0,0,0,0,North,-0.923306101850534
44,0,0,1,0,0,South,-0.9867551891712364
28,1,0,1,0,0,North,-0.8403897063395901
30,0,0,1,0,0,North,-1.0764768099771291
29,0,1,0,0,0,North,-0.47940171370599405
46,0,0,1,0,0,South,0.9092972263492204
53,0,0,1,0,1,South,1.5263327284126937
6,1,1,0,1,0,North,-2.4242503239372004
35,1,1,0,0,1,East,-0.37845465357745733
41,0,1,0,0,0,South,0.30269799437673267
37,0,0,0,0,1,West,0.20267836338519074
24,0,0,0,0,1,South,1.8999396666228892
29,0,0,1,0,0,North,-2.0106939095820673
49,1,0,0,0,0,East,-2.5890639346884994
46,0,0,1,0,1,North,2.062212524038256
53,0,0,0,0,0,West,0.7534336932473364
31,0,1,1,1,1,South,-0.5713715869529101
35,1,0,0,0,0,South,0.1715987730679549
33,1,0,0,0,0,North,0.24321762256106638
52,1,0,0,0,1,North,-0.5955207903359794
21,1,0,1,0,0,West,0.141778370691434
32,1,0,0,0,0,East,0.3548133746601196
23,0,0,1,0,0,West,2.015530261362825
33,1,0,1,0,0,East,0.9634512222855411
3,1,0,1,0,0,South,1.739323140242075
18,1,1,1,1,1,East,-1.3435714836728943
25,1,0,0,0,1,East,-0.34719725961785775
42,1,0,0,0,0,South,0.24224698393162536
31,1,1,1,0,0,South,-1.921100753132963
54,1,0,1,0,0,South,1.1818593381092803
58,1,0,1,0,0,West,0.6422097723112623
3,1,0,1,0,1,South,-0.367158519953864
40,1,0,1,0,1,North,-0.183334343500785
46,0,0,0,0,1,South,1.2538668888237479
24,1,0,1,1,1,South,-0.7954379476369655
50,0,0,0,0,0,South,1.2941853496622873
32,1,0,0,1,1,East,-0.25203873658628795
47,1,0,1,0,0,West,0.7559960527769166
22,1,0,0,0,1,South,0.08676420557898726
23,0,0,1,0,1,West,2.2331938466511856
2,0,1,0,1,1,North,-0.8873923901075258
27,0,0,0,0,1,North,-0.5732826225769339
42,1,0,1,0,1,South,-1.506125477688831
2,0,1,0,0,1,North,-1.096757167029321
26,0,0,1,1,1,West,0.7131281076945163
17,0,1,0,1,1,East,1.600163638865061
40,1,1,0,0,0,South,0.8264808703602766
33,1,0,1,0,0,North,-0.005391499726866356
9,0,0,1,1,1,West,-0.8936145016560537
43,0,1,1,0,1,West,0.8984186716271502
54,1,0,0,0,0,North,-0.9486019051858376
48,1,0,1,0,1,West,-1.3489517343057593
39,1,0,0,0,1,West,-0.3084693332099046
29,0,0,1,1,1,South,-2.033940616888496
42,1,0,0,0,0,West,-1.3813848745522488
55,0,1,1,0,0,North,1.8859903358828205
26,1,1,0,0,1,South,-1.5668084244584022
35,1,0,0,0,1,North,-1.1881483810458113
50,0,0,1,0,1,East,0.07183290770666434
25,0,0,0,0,1,North,0.12390388003001514
24,1,0,1,1,1,North,-0.23462429737885407
13,1,1,1,1,1,South,-2.003373748891115
58,1,0,1,0,0,West,0.8484893276377898
7,1,1,0,0,0,North,-0.4430533997579966
57,1,1,1,0,0,South,1.2204495221749012
36,1,0,1,0,0,East,-0.6448176215288473
45,0,0,0,0,0,South,0.9824943391405768
20,1,0,0,0,0,South,1.296083449079435
1,0,1,0,1,1,West,-0.46694227575382025
8,0,0,1,1,1,North,0.880450194105647
46,1,0,1,0,0,East,-1.3285446781163972
16,0,0,1,0,1,South,0.2636894870694937
14,0,1,0,1,0,North,1.2222277083548394
12,0,0,1,0,0,North,0.5184928459641237
51,1,0,0,0,1,South,2.4062239228532394
23,0,0,1,0,0,North,0.5743579922911557
15,0,0,1,1,1,South,-0.365271252607501
28,0,0,0,0,1,South,2.840886393001498
34,0,1,0,0,1,South,1.6337010173475504
2,0,0,0,0,1,East,-1.6029075617983968
32,0,0,1,0,0,South,-0.7841636049283146
23,1,0,1,0,0,West,-1.0381581070413235
22,0,1,0,1,0,North,0.6456296045090557
51,0,0,1,0,0,East,0.5711580368167886
25,0,0,0,1,1,North,0.5634519323954991
58,0,1,0,0,1,East,-1.6299094594989507
22,1,1,1,1,0,West,-0.6380915466050493
58,1,0,0,0,1,East,-0.14928525472364426
58,0,0,1,0,0,East,-1.821920549320722
22,0,1,0,0,1,East,-0.8718277665578907
49,0,0,1,1,1,North,1.3564337101657322
52,1,0,1,0,0,South,-1.5540759979695884
42,1,0,0,0,1,North,1.4552604937184808
6,1,1,1,0,0,South,1.0911490925355023
15,0,0,1,1,1,North,-0.290737219804481
54,1,0,1,0,0,West,-0.6488729993676847
43,0,0,0,0,0,West,0.8318276221453004
37,0,0,0,0,0,East,-0.7877401608956308
33,0,1,0,0,0,West,-0.7379979499461239
8,0,0,0,0,0,East,-0.023868404004728505
53,1,0,0,0,0,South,-2.130233595786918
44,1,0,1,0,1,West,-1.4499755984017062
44,0,0,1,1,0,South,-0.315661249001483
5,1,1,0,1,1,North,0.4756960322125993
39,1,0,0,0,1,South,-0.8015739380786786
4,1,1,1,1,1,North,-0.19761047802168252
6,1,1,0,1,1,South,-1.6134594081376321
45,1,0,1,0,1,South,0.9324838522703204
32,1,0,0,0,0,West,0.22008232956098164
52,1,0,1,0,1,South,0.30854590263921694
30,0,0,1,0,0,West,0.48825061798489505
47,0,0,1,0,1,West,0.07812750349478562
35,1,0,0,1,1,East,-0.48377275857399915
55,0,0,0,0,0,East,1.1296545487203085
40,1,0,0,0,0,North,0.156881147760773
52,0,0,1,0,1,South,-0.16571942867342454
16,0,0,1,0,0,North,-0.00865465392050398
13,0,1,0,1,0,South,-0.02996506648874011
50,0,0,1,0,0,East,-0.1757656039253121
42,1,0,1,0,0,East,0.44610636250790753
30,1,0,0,1,1,South,-0.9358602221223686
19,1,0,1,0,0,South,-0.8627910357403081
17,1,1,1,0,1,East,0.5592636894286356
56,0,0,0,0,0,East,-0.14523934072779623
19,1,0,0,1,1,North,0.9713931021430959
28,1,0,0,0,0,East,0.40887900063186366
58,1,0,0,0,0,South,-0.5526279100762321
55,0,0,1,0,1,North,0.5750963631286746
26,1,0,1,0,0,South,1.197190957958936
37,0,1,1,1,1,West,0.44697955612125384
26,1,0,1,0,1,North,0.6655849430667965
53,1,0,1,0,1,South,-0.1717708506034031
23,0,0,1,0,0,East,0.9930398828805027
9,1,1,1,1,1,West,-0.5806904149296438
12,1,1,0,1,1,South,0.33854302574051653
53,0,0,1,0,0,North,2.569506152435933
1,1,0,0,0,1,South,0.5388810560256598
58,1,0,1,0,0,West,-0.42071123059186843
58,0,0,1,0,0,North,-0.4232922416913996
1,0,1,0,1,1,West,-0.07134169729034448
47,0,0,0,0,0,South,0.8512457817294108
34,0,0,0,1,1,East,0.1457775091673821
32,0,0,0,0,0,East,-0.6485278132383967
54,1,0,0,0,0,South,-0.65029699278869
48,0,1,0,1,1,South,0.1520493310229803
25,0,0,0,0,0,South,0.04239498673879082
40,1,0,1,0,0,North,0.45497616911902095
45,1,0,0,0,0,West,0.9174898957848946
53,0,0,1,0,0,West,2.727359702409499
1,0,1,0,1,1,West,-1.4620335167676004
16,0,1,0,1,1,South,0.6868621272864411
39,1,0,0,0,0,West,0.0983077083882902
5,0,0,0,0,0,South,-1.8445762311105884
22,1,1,0,1,1,North,1.2495307236517275
29,1,0,1,0,1,East,0.4211732265819475
55,0,0,1,0,1,South,0.7998062928201565
3,1,0,1,1,1,South,-1.6994189450976827
12,1,1,0,1,0,East,-0.22041692749820854
26,0,0,0,0,1,East,-1.079196944894296
16,1,1,1,0,0,North,2.163100942680612
51,1,0,1,0,0,West,1.1445503457443813
37,1,0,0,0,1,South,-0.680967783285462
22,1,1,0,0,0,West,-1.5366389009496022
57,1,0,1,0,0,South,0.19405506638375492
29,1,1,1,0,1,North,1.0924220022943598
14,1,1,0,1,0,East,-1.7350536054359293
28,1,1,1,1,1,North,-0.9317746709931696
5,1,0,0,0,1,East,-1.1055847090139588
47,1,0,0,0,0,West,0.8669461659105872
49,0,0,0,0,1,West,-0.36982908854451246
30,0,1,1,0,0,North,-0.32793652237750537
46,0,0,0,0,0,East,0.17465468063896764
52,0,0,1,1,0,North,-0.8782808123290141
5,0,0,1,1,1,East,-1.4436867367275648
12,1,1,1,1,1,East,1.369685162360285
16,0,0,0,0,0,West,1.462485708479594
26,1,1,0,0,0,West,0.17958245946317858
26,0,0,0,0,1,East,0.2521555056676198
48,1,1,1,1,1,East,1.261013976580008
21,1,1,0,1,1,East,0.15665355660374003
39,0,0,1,1,1,West,-0.41907790594364563
36,1,0,0,1,1,West,0.03933912677746302
33,0,0,1,0,1,South,1.3931686371674725
30,1,0,1,1,0,East,0.05332166842880583
37,0,0,1,0,0,South,-0.6693825346535526
23,1,1,0,1,1,East,0.14700204928509752
58,0,0,0,1,1,West,0.6562231375357641
10,1,1,0,1,0,South,0.5362534949056986
54,1,0,1,0,0,South,0.5528239480716095
5,0,1,0,1,0,North,-0.8266776791334302
36,0,0,1,0,0,East,0.7701035665584568
34,0,0,0,0,1,West,0.02846593921228912
52,0,0,0,0,1,North,-0.711791167469455
31,1,0,0,1,0,North,0.7621517136520333
10,0,0,0,0,0,East,-0.45363884891676387
58,0,0,1,0,0,North,-1.5742973485555531
19,0,1,1,1,1,East,-1.000602381110322
58,1,0,0,0,0,North,-0.18163693304708287
32,0,0,1,0,0,East,0.578302282111279
1,0,0,1,1,1,West,-0.8640699520880911
56,0,0,1,0,0,East,-0.24066246043753473
5,0,0,0,0,1,East,-1.216607231663058
45,1,0,0,0,1,South,0.9820329162398111
4,0,0,0,1,1,West,1.7173311139555516
16,0,1,1,1,0,West,1.6092825244883207
24,1,0,1,1,1,West,0.9649795504861378
16,1,1,1,1,1,North,0.8625099571202616
55,0,0,0,0,0,South,-2.0718795244032027
2,1,1,1,1,0,West,0.17717323222010523
49,1,0,1,0,0,North,-0.49609262365990814
28,0,0,1,0,0,North,0.880466361044901
32,1,1,1,0,0,North,-2.5375978756813287
27,1,0,1,1,1,South,0.19296770277017825
20,0,1,1,1,1,North,-0.21444378383240253
24,0,0,1,1,0,South,1.1184299329314042
12,0,0,1,0,1,East,1.5479870536747384
50,1,0,1,0,0,North,-0.9288460170127683
35,1,0,1,0,0,West,-0.8837104358968152
33,1,0,1,1,1,North,0.2304966212117137
33,0,0,0,0,0,East,1.7337626915215416
51,1,0,0,0,0,East,0.060144677283016076
43,1,0,1,0,0,North,-1.2791614153543305
37,0,0,1,0,1,East,-0.6058684461632928
12,0,0,0,0,1,South,0.2026641644634616
3,1,1,0,1,1,South,0.2402024285639563
1,0,0,1,1,1,North,-0.7040876355923733
33,1,0,0,0,0,South,-0.6257906937796218
40,0,1,0,0,0,South,-0.9815679945563983
10,0,0,0,0,1,West,1.1411711838537955
43,0,0,0,0,1,North,-0.8347751792933896
44,0,1,0,0,1,East,-0.46479420391828385
29,1,1,0,1,0,North,-0.49325291652395237
13,0,1,0,0,1,South,-1.6059572475153914
12,1,0,1,0,1,West,-0.8634153048178157
31,1,1,1,0,0,North,1.2281375992865382
46,1,0,1,0,0,North,-1.209287841790728
2,0,1,0,1,1,South,-0.9636423018263676
51,1,0,1,1,1,South,-1.3325457737792592
50,1,0,0,0,0,North,-0.09061156023126084
35,0,0,1,0,0,South,1.8854767212662902
23,0,0,1,0,1,South,-0.1326942215270716
17,1,0,0,0,0,South,0.0667621253543897
26,1,0,1,0,0,South,-0.7954472358669886
8,0,0,1,1,1,South,-0.06161804479227241
29,1,0,1,1,0,West,1.2290503063476157
26,1,0,1,0,0,South,0.1429093876381736
10,1,0,0,0,1,East,2.1317700820621637
26,1,0,0,1,0,North,1.2594797123056911
34,1,1,0,0,1,West,-0.08631634544493307
51,0,0,1,1,0,West,-0.10578787559211524
41,0,0,1,1,1,South,1.6309231376236313
7,0,1,0,0,0,North,0.137325575855229
4,1,1,0,0,1,East,1.4089215602717229
58,1,0,1,0,0,South,2.002907340126667
53,0,0,0,1,1,North,-0.20421936782410927
50,1,1,0,0,0,South,0.35195536593501564
45,1,0,1,0,0,South,0.9800041845663794
11,1,1,0,0,1,South,0.7675000390225197
29,0,1,1,0,0,South,0.7604907329205013
56,1,0,1,0,1,South,-1.3334738271777349
36,0,0,1,0,0,South,-0.8484167281617991
25,0,1,0,1,0,South,-0.4952670209411876
21,0,0,1,1,1,East,1.2144208034686759
57,0,0,1,1,1,West,-1.235374907126886
36,0,0,1,0,1,East,1.5232267071788392
10,1,0,1,1,1,South,0.779834114078683
37,0,0,1,0,0,South,1.154230224722774
9,1,0,1,0,0,East,-0.9295330772449988
24,0,0,0,1,1,East,0.07230236269013023
35,1,0,1,0,0,West,0.29894278613131625
49,1,0,0,0,1,East,0.25496700202269357
35,0,0,0,0,0,West,0.2956574008467175
48,0,0,1,0,0,South,-0.2765264803951116
36,0,0,1,0,1,North,0.13520708106365942
18,1,1,0,0,1,North,1.033563955065187
49,1,0,0,0,1,North,-1.1665123084408902
39,0,1,0,0,1,North,1.5470501189054033
32,1,0,0,0,0,South,0.9818989563684475
24,0,0,1,0,0,North,-0.9652018926833332
23,0,0,0,0,0,East,0.3838360434553216
32,1,1,1,1,0,East,0.9014987761580446
37,0,0,1,1,0,North,-1.2352933238856838
12,1,1,1,1,1,East,0.0419784333766009
49,0,0,1,1,1,West,-0.07851530083500619
55,1,0,0,0,0,South,-0.6455805425068946
13,0,0,1,1,0,North,0.09235683676401318
23,0,1,1,0,0,North,-0.6002865759627902
25,1,0,0,0,0,South,1.374307068970737
35,0,0,0,0,0,East,-0.6266443213274101
41,1,0,0,0,1,South,0.7919789400131583
30,1,0,1,0,0,South,-1.6553863876201644
17,1,0,0,1,1,East,-0.16180980384996124
49,1,0,0,0,0,South,0.012311157351358851
20,1,1,1,1,1,East,-0.19429105061553062
48,1,1,1,0,1,East,-0.396318297195391
25,1,0,0,0,1,South,-0.6675150253451224
22,1,0,1,0,0,West,0.754540780014903
13,0,0,1,0,0,East,0.99945785509538
59,0,1,0,0,0,South,-0.08216088585665025
19,1,0,1,0,0,East,-1.0966375080216397
49,0,0,0,0,1,West,1.7939493313868278
36,0,1,0,0,0,West,-0.8797974329078807
12,0,0,1,0,0,North,-1.4594222584831473
41,0,0,1,0,0,East,-2.01262191651977
19,1,1,0,1,1,East,0.09945189691266046
12,1,0,1,0,0,South,-0.2174163855152364
9,0,0,0,0,0,East,1.0309566491463393
7,1,1,0,1,1,North,0.6110845634455472
28,1,0,0,0,1,West,0.29020122458503783
14,0,0,0,0,0,West,-0.27136719546274957
31,1,0,1,0,0,North,1.1099772721976666
52,0,0,0,0,1,East,1.8673899017525326
19,0,0,0,0,1,East,1.0089791991299037
58,1,0,1,0,1,North,-0.46353163084920995
47,0,0,0,0,0,South,0.7815655538821751
16,1,1,1,1,1,West,-0.40208972546721494
53,1,0,0,0,0,North,-1.1050673158599744
5,0,0,1,0,0,North,-0.8990390621219452
35,1,1,1,0,0,East,-0.35817840413774565
12,1,0,1,1,0,West,0.10395967896354393
25,0,0,1,0,0,East,2.060581152575459
52,1,0,0,0,0,North,-0.8816894756118676
59,1,0,1,0,0,South,1.3234884896913282
21,1,0,0,0,0,West,-0.31725955169256903
36,1,0,1,0,0,North,-2.0163849874453437
53,0,0,0,0,0,North,-0.5057260029303379
23,1,0,1,0,1,South,1.1766969931676907
16,1,1,1,1,0,North,0.34466951932923584
57,1,0,0,0,0,North,0.4044511986639568
39,1,1,1,1,1,West,1.3285040088443802
45,1,0,1,0,1,West,-1.0363362889357277
53,0,0,0,0,1,West,-1.0517504300922502
42,1,0,1,0,0,East,-2.263728609296424
58,1,0,1,0,1,South,0.8770820712427847
39,1,0,0,0,0,West,0.5624842336296031
14,1,0,1,1,0,East,0.7239665195911139
31,0,0,1,0,0,East,-1.1830112240567805
58,0,0,1,0,0,South,-1.6042489559198527
5,0,0,0,1,0,South,-1.3196183084333326
35,0,0,1,1,1,North,-0.9225722723587043
23,1,1,0,0,0,East,1.5539589089128543
29,1,1,0,0,0,West,1.0001267237825018
43,1,0,1,1,0,South,-0.45822064062032025
11,0,0,1,1,0,East,0.2992519932599849
18,1,1,0,1,1,West,-0.6783622461477388
47,0,0,1,0,0,East,0.36427976078165697
12,0,1,0,0,1,South,-1.1380957377419982
9,1,0,1,0,0,North,0.7502514459739312
10,1,0,0,0,0,East,-0.849703297584393
58,0,0,1,0,1,West,0.8059150285431569
44,0,0,0,0,0,South,-0.42742290819434203
17,0,1,0,1,1,North,-0.7900759535982739
38,0,0,1,0,0,West,1.6129967172496562
7,1,1,0,1,1,West,0.17694618489376554
46,0,0,1,0,1,West,-0.3221813710485574
13,1,1,0,1,1,East,0.7581783083512642
40,0,0,0,0,1,South,-1.3399910695748851
42,0,0,0,0,0,West,1.1068635892603587
9,0,1,0,1,1,East,-0.1394447064084494
50,0,0,1,0,0,South,0.6007877156684375
27,0,0,0,0,1,South,-1.5478734610230862
58,0,0,1,0,0,East,-0.3824259581329956
2,1,0,0,1,0,East,0.004580139345484049
5,0,0,1,1,1,West,1.0302992136185285
29,1,0,0,0,0,South,0.6804110639374826
37,0,0,0,0,1,North,-0.3924770376174168
38,1,0,1,0,1,East,0.31794775732338143
19,1,1,1,1,0,South,1.2565691017269818
8,1,0,1,1,1,South,-0.19998848342256015
48,1,1,1,0,0,West,-0.3088649604353075
45,1,0,1,1,0,North,-1.8897046427529125
1,1,1,1,1,0,West,-0.2790723353428101
22,1,0,0,0,0,North,-1.7396270386845216
52,1,0,0,0,1,North,-0.11433467903320715
17,0,0,1,0,1,East,0.988135143242747
7,0,0,1,0,0,South,-2.1196394750468155
25,1,1,1,1,0,South,1.2342088246207903
45,1,0,0,0,0,South,-0.3302231266561985
4,1,1,0,1,1,North,-0.027164867126605836
36,1,1,0,0,0,South,-0.5024197801385417
6,1,0,1,1,1,East,-1.7132368825486595
31,0,0,1,1,0,North,-0.7829891742962404
19,0,0,0,1,1,North,2.0974100684494847
44,0,0,1,0,0,North,-1.0960454962534516
54,0,0,1,0,0,North,-1.5885423617255503
39,1,0,0,0,0,East,0.1412910274071029
27,0,0,1,0,0,South,-0.08577651517231642
10,1,0,1,1,1,East,-0.3233297907956478
26,0,1,0,1,1,South,0.014447943352256147
19,1,0,0,0,1,East,0.6442026106961568
39,1,0,1,0,1,West,-0.5871635997853141
3,0,1,0,0,1,West,0.1944102082826167
45,1,0,0,0,1,West,1.0238746621300039
13,0,0,1,1,1,West,-0.995288666754795
50,0,0,0,0,0,North,-2.322181343938629
28,0,0,1,1,1,North,0.6708084920959161
58,0,0,1,1,1,East,2.502962575602973
20,0,0,0,1,1,East,-0.007354653648815482
28,1,1,1,1,0,West,0.20193220106595625
8,1,0,0,0,0,South,-0.2958084330939906
41,1,0,0,0,1,West,1.588060841510259
39,0,0,1,0,0,East,-0.07775693294486666
1,1,1,0,1,1,West,-0.1865641600149352
3,0,1,0,1,1,East,0.9108638142692032
13,0,1,0,1,1,West,-0.48427296219682175
28,1,0,1,1,1,South,-1.2846937010758543
57,0,0,0,0,0,West,0.8823003795456941
49,1,0,0,0,0,South,-0.5915472076721456
25,1,0,0,0,1,South,-0.9754600276760129
56,0,0,1,1,1,East,2.1000481585731867
33,0,0,1,1,0,South,-0.17859680322271204
38,0,0,1,1,0,North,0.49422608229733295
53,1,0,1,1,0,North,0.02952824100777652
6,0,0,0,0,0,North,-0.8863194903703285
58,0,0,1,0,0,East,0.6894336200219225
44,0,0,1,0,1,North,0.3145789837867244
45,1,0,1,0,0,East,-0.6593798316399324
32,0,1,1,0,0,East,0.43319033785633854
45,0,0,0,0,0,North,-0.5143100941300021
47,1,0,0,1,1,South,-1.10449536010853
21,1,0,0,1,1,West,-1.2056672543521232
16,0,0,1,1,0,East,0.2700586209629788
54,0,0,1,0,0,North,-0.3827309299284444
21,0,1,1,0,0,East,1.5017040190439614
11,1,0,0,0,1,South,-0.042958113337956835
37,0,0,1,0,0,South,-0.785203293453582
36,1,1,1,1,0,North,0.157817638643912
35,1,0,0,0,1,East,-1.2942673215746063
19,1,1,0,0,0,West,-0.0841312405247025
20,0,0,0,1,0,West,0.3191667764782755
57,1,0,1,0,0,East,0.19567230763530544
18,1,0,1,0,0,East,1.3027999305197584
47,1,0,1,0,0,East,2.5975171258444507
41,0,1,1,0,0,North,0.6713973713412849
49,1,0,0,0,0,South,1.1787963277855196
14,0,1,1,1,1,West,2.54346265965724
15,0,0,0,1,0,North,-1.0062258478164758
31,0,0,0,0,0,East,0.13062740877500842
1,1,1,0,1,1,East,-0.47799653208665854
53,0,0,0,0,0,South,0.8426577102610722
54,0,0,0,0,1,East,0.27161891947662087
54,0,0,0,1,0,North,-0.8184323199039338
3,0,0,1,1,1,North,0.010947816347044441
16,1,0,0,1,0,South,1.0469227396558851
23,1,0,1,0,0,North,-1.3037246310250663
57,0,0,0,1,0,West,-0.7973445556389791
11,0,0,1,1,1,North,-0.9472750850418087
12,1,0,1,0,1,North,0.32639655548691016
10,0,0,1,1,0,North,1.2405160796149601
32,0,0,0,0,0,West,-2.0097344653060114
16,1,0,1,1,1,East,0.09439856347858341
8,1,1,0,1,0,North,-0.9242207172751843
38,0,1,0,0,0,South,1.0054027748299843
12,1,0,0,0,0,West,-0.23696827557125388
24,0,0,1,0,0,South,0.13067393907739766
28,1,0,0,0,0,North,-0.0013369952020600845
53,0,0,0,0,1,South,1.124218803189845
8,0,0,1,0,0,North,2.0486315307977825
58,0,1,0,0,0,West,-1.134665329881441
28,1,1,1,0,1,South,-0.952556117994652
36,1,1,0,0,1,South,0.32149790255470695
26,0,0,0,0,0,North,-0.8164023483019187
8,0,0,1,0,0,North,0.9335837704002741
58,1,0,0,0,1,East,1.0941174590843372
50,0,0,0,0,1,North,-0.5465763122464581
28,0,1,0,1,1,North,-0.763537266641475
28,1,0,1,1,1,East,-0.2747790216527191
37,0,0,1,0,0,North,0.10401821396301843
41,1,0,1,0,0,North,0.31483718989519166
36,1,0,0,0,0,East,-2.25281705904917
27,0,0,1,1,0,West,-0.9674555188501185
54,0,0,1,0,0,West,-0.404099348870584
17,0,0,1,1,0,North,-0.796989331746887
9,1,0,1,1,1,North,-2.8647098923529533
33,1,0,0,0,1,East,-1.8883724653546936
53,1,0,1,0,1,East,-1.305358525584367
20,0,0,1,0,0,West,-0.11528420085321883
13,1,0,0,1,1,South,-0.4362021934813096
28,1,0,1,1,1,North,-0.6315690825285746
48,1,0,0,0,1,South,0.7965149607928405
29,1,0,0,0,1,South,0.7961336649237618
13,1,0,1,1,1,East,0.1499186534818738
46,1,0,1,0,0,North,0.12012028271865843
35,1,0,0,0,0,North,-0.8566605509334115
6,0,0,1,1,0,East,-0.736992330656528
18,0,1,0,1,1,South,-1.707649383125218
51,1,0,1,0,0,East,-0.250751431778331
5,0,1,0,0,0,West,0.7857412897111967
47,1,0,0,0,0,North,1.35432989677456
25,1,1,0,1,1,West,-0.2447798579054633
2,1,0,0,1,1,East,0.49166883200969064
10,0,1,0,1,1,North,-2.8559892428611966
56,0,0,1,0,0,West,-0.43292832039842405
30,0,0,0,0,0,West,-0.4563623801332636
50,1,0,1,0,0,South,1.491168314225383
59,1,0,1,0,1,North,0.39293346092141807
45,1,0,1,0,1,West,0.49425542288060725
5,0,0,1,0,0,West,0.4423283109989927
55,1,0,0,0,0,South,0.04544273233222131
56,1,0,0,0,1,West,1.5323653308491296
33,0,0,1,0,0,West,-2.305279547965073
54,1,0,0,0,0,West,0.14621040871541796
1,0,0,1,0,1,South,1.1298028516395635
18,0,0,1,0,1,West,-1.8913934531926484
32,1,1,1,0,1,West,0.8379178537723022
47,0,1,0,0,1,North,-0.7611632412653166
49,1,0,0,0,1,North,0.10981592884204117
11,1,1,0,0,0,South,-0.7803593809454268
21,1,1,1,1,1,East,0.9591516765490222
26,0,0,1,0,0,North,-0.28836188122356626
25,1,0,1,0,0,South,0.8457968563572118
22,1,0,1,1,1,West,0.4353298362643412
59,1,0,0,0,0,West,-0.7937924840588386
27,0,0,1,1,1,South,0.5018591903955252
49,0,0,0,0,0,West,-0.6635690580127322
13,1,0,0,0,0,West,0.06412809383997362
33,0,1,0,0,0,East,-0.30659436148979985
34,1,0,1,0,0,West,0.8999118663887735
41,1,0,0,0,1,North,0.5403222707374178
35,1,1,1,0,0,West,-0.030721548604742365
1,1,1,0,0,0,South,-0.685711777155661
21,1,0,0,0,1,East,-1.2689914898307182
48,1,0,0,0,0,West,0.1356564192906978
55,1,0,1,0,0,South,-0.6322908931517588
6,1,0,1,1,1,North,-1.8779961575738253
28,0,0,0,0,0,West,-1.3300285409962505
17,0,1,1,0,1,East,1.625875305541717
5,1,1,1,1,1,West,-0.6599763849894453
31,0,0,1,0,0,South,1.0821627775104015
5,0,1,1,1,1,East,-0.3566497271982808
38,0,0,1,0,0,West,1.2395776351608137
3,1,1,0,1,1,North,1.167164017474378
53,1,0,1,0,0,East,-0.8256954269006574
23,1,0,1,0,0,North,-1.987975666807605
37,1,0,1,0,0,South,-1.9033204770303203
53,1,1,1,0,0,West,-0.8086615039557069
37,0,0,1,0,0,North,1.8896344255575415
10,1,0,1,1,1,South,-0.4105620749225392
10,0,1,0,1,0,West,0.14524395007345442
19,1,1,1,0,0,South,1.30333686620339
17,1,0,1,0,0,North,0.11032136311168815
21,0,1,0,0,0,South,0.07589103852077479
14,0,0,0,0,0,East,0.6226631939451467
9,0,1,0,1,1,West,0.2889697555099871
46,0,0,1,0,0,South,-0.09946710500348493
1,0,1,0,1,0,North,-0.7214493431974422
51,1,0,1,0,0,West,0.0784888908654562
45,1,0,1,0,1,East,1.0943997970831405
13,1,0,0,0,0,West,1.782004586998721
4,1,0,1,1,0,East,0.29227664156891014
1,1,0,1,1,1,West,0.7551611350959729
49,1,0,1,0,0,South,0.26973070716281194
40,0,1,0,0,0,South,-0.08732936440360271
32,1,0,1,1,1,North,0.5142570786126844
34,0,0,1,0,1,East,1.1893328343124843
28,1,0,1,0,0,North,-0.8863618360191453
31,1,0,1,0,0,South,-1.4513967023129088
8,1,0,0,0,1,East,-0.5330082496364661
39,0,0,0,0,0,North,0.2116619432997037
26,1,0,1,1,1,North,0.8698716176212316
58,1,1,0,0,1,North,-0.9895078248554882
34,0,0,1,0,0,North,-2.488576522624811
54,0,0,0,0,1,North,-0.5094486566710162
54,1,1,1,0,0,East,-0.1939142256582361
3,0,1,1,1,1,North,-1.162273483411438
59,1,0,1,0,1,East,-0.7560909288173119
50,0,0,1,0,0,North,0.8672834100869976
12,0,1,0,0,0,South,0.07812006959609911
1,1,1,0,1,1,South,0.3456221186093177
54,0,0,1,0,0,North,-0.3556822316105475
44,1,0,0,0,0,West,-0.7541104109583259
5,0,0,1,1,0,South,-0.3628982294241439
30,0,0,0,0,0,East,0.49888019417969204
30,1,0,1,0,0,North,-1.4913202113412167
59,1,0,0,0,1,East,1.6501702598320112
57,1,0,1,0,1,West,0.5748584956824029
17,1,0,1,1,1,North,-0.5358801042907151
48,1,0,1,0,0,South,0.8134071178865006
47,0,0,0,0,0,East,1.2223490670731079
