pretest_score,struggled,tutoring_round1,posttest_improved,tutoring_round2,passed_final,noise
86,0,0,1,1,0,0.21244805750114776
60,0,1,0,1,1,2.143161518021853
91,0,0,1,0,0,0.8780873850786999
60,0,1,0,0,0,-1.2622984722217219
50,0,0,0,0,0,1.4075104142222452
37,1,1,1,1,0,-0.9441514020199524
11,1,1,0,1,0,-0.6151118311102411
87,0,0,1,0,0,0.27575306862036825
76,0,0,1,0,0,-0.02843515495244932
65,0,1,0,0,0,0.893414435847256
53,0,0,0,1,0,0.5017219326638228
38,1,1,0,1,1,-0.11792829080197186
75,0,0,1,0,0,1.698926154626758
38,1,1,1,1,0,-0.47453861914581935
77,0,1,1,0,1,-1.000024640356177
29,1,1,1,1,1,0.46329912593228817
47,1,0,0,1,1,-0.018183379291352917
82,0,0,1,0,1,0.24537626177908456
30,1,0,0,0,0,0.7381614484080973
24,1,1,1,1,0,-0.18509282967192134
67,0,1,0,0,1,1.858608896678514
50,0,0,0,1,1,0.26498652981327486
12,1,1,0,1,0,-0.45039363103137864
99,0,0,1,0,1,0.5895792449606518
62,0,0,0,0,0,-0.08548126104701269
41,1,1,1,1,1,0.11329681963405817
53,0,1,0,1,0,-1.1061324290855088
66,0,0,0,1,0,-0.9927934751956536
79,0,0,0,0,1,1.061590336913391
89,0,0,1,0,0,-1.234357451229321
55,0,0,1,1,0,-0.12237623300863235
18,1,1,1,1,0,0.32585063785263874
45,1,0,0,1,1,1.4130260151224059
14,1,0,0,1,1,-0.48127761209236003
31,1,0,0,1,1,0.7588994548755211
48,1,0,1,1,1,-0.12052474807091519
20,1,1,0,1,1,-2.1801199036603616
64,0,1,1,1,1,0.046075787835881885
69,0,0,1,0,1,-0.06690749367243819
26,1,1,0,1,1,0.4251216724210234
22,1,1,0,1,0,-0.6426497279703051
46,1,1,1,1,0,-0.5360249228981794
94,0,0,1,0,1,1.2010694581050843
11,1,1,1,1,1,-0.33614659849651213
84,0,0,0,0,0,-1.9134303722620998
65,0,0,0,0,1,0.4904444483426685
4,1,1,0,1,1,0.8625645966638215
8,1,1,0,1,0,0.8537636181219457
19,1,1,0,1,1,-0.6153329456491483
81,0,0,0,0,0,0.00022894185296255874
62,0,0,1,1,0,0.5312775900968102
85,0,1,1,1,1,0.9639126806770419
71,0,0,1,0,1,0.5020803847533076
97,0,0,0,0,1,0.7756236860632354
72,0,0,1,0,1,-0.7321474900998929
70,0,0,1,0,1,-2.2900968616551434
29,1,1,1,1,1,1.0536952023110877
81,0,0,0,0,0,-0.9460178765196012
90,0,0,1,0,0,-0.17142091371090493
15,1,1,1,0,0,0.8078429477283845
84,0,0,1,0,0,0.026686050574548932
4,1,1,0,1,1,0.7026701917317993
28,1,1,0,1,1,2.454858020042945
46,1,0,1,1,1,0.5515158689800774
21,1,1,1,1,1,-0.7286355715610763
77,0,0,1,0,1,-1.4472134608962595
56,0,1,1,0,1,0.6766799547820018
82,0,0,1,0,0,0.0815070410804269
34,1,0,0,1,1,-1.3789597272191136
87,0,1,0,0,1,1.1790703533762246
59,0,0,1,1,1,0.7241486189076388
69,0,0,1,1,1,-0.011585584630339636
59,0,1,0,0,1,2.1868064936580462
57,0,0,1,1,1,1.0231699691644132
2,1,1,0,1,0,-0.9906439503462869
33,1,0,0,1,0,1.1726320605161729
44,1,0,1,0,0,0.2549218152923649
49,1,1,0,0,1,1.893308567799791
1,1,1,0,1,1,0.9429839542607225
14,1,1,0,1,0,0.48430529021265456
36,1,1,0,0,0,0.4273781045139113
14,1,1,0,1,1,-1.1884850184469973
59,0,0,0,0,0,-0.5120231283285058
95,0,0,0,0,0,0.20835267216111605
84,0,0,1,0,1,-1.3717498305412779
63,0,0,1,0,0,0.4671889437544451
80,0,0,0,1,1,-0.7432780781582758
97,0,0,1,0,1,-0.3931798165590337
95,0,0,1,0,0,0.7107005032705966
51,0,0,0,0,1,-0.5559499262194704
22,1,1,1,1,1,0.4694875982907002
98,0,0,1,0,0,0.1449700259319039
36,1,1,0,1,1,-1.0586245896171265
40,1,1,0,1,1,0.881393639905321
56,0,0,1,0,1,0.9327532323162595
96,0,1,0,0,0,0.9871041984354595
24,1,1,0,1,1,1.9076806343139792
36,1,1,1,1,0,-0.4111351013540108
39,1,1,0,1,1,-1.949645194261875
84,0,0,1,1,1,-0.6570062796556859
45,1,1,0,1,1,0.9594920054201223
59,0,0,0,0,0,-0.08136992346044747
97,0,0,1,0,0,-1.4047726829124532
18,1,1,0,1,0,-1.683422976264183
90,0,0,1,0,1,1.4203550116833987
8,1,1,1,1,1,0.6085825568283922
68,0,0,1,0,0,-0.496665725746102
4,1,0,0,1,1,1.8825155308161008
88,0,0,1,1,1,2.6489036213859594
25,1,1,0,1,1,1.0348451033890744
18,1,1,1,1,1,0.755343217618783
29,1,0,0,1,1,0.5282535993424055
99,0,0,1,0,0,0.8556896167781936
47,1,1,1,1,0,1.9583698067843702
15,1,1,1,1,0,-0.9727182813556399
70,0,0,1,0,0,-0.33907641029601115
17,1,1,0,1,0,-0.04778753123411315
55,0,0,1,1,0,0.5743084849776106
20,1,1,0,1,1,1.5654256637448176
30,1,1,1,1,1,0.41282929357966963
0,1,1,1,1,0,0.6252338684670721
2,1,1,0,1,1,0.6767172473503257
94,0,0,1,0,1,0.023085660695538315
24,1,1,0,1,1,-0.41613208913699
7,1,1,0,1,1,0.07467660720882827
64,0,1,0,1,1,-0.6542960186720946
61,0,0,1,0,0,-0.6370960253976408
6,1,1,0,1,1,0.3680355745502127
6,1,1,0,1,1,-0.47822474652068575
7,1,1,1,1,0,1.8467045653279184
18,1,1,1,1,0,0.14654286443430178
16,1,1,1,1,1,1.3592527697139802
10,1,1,1,1,0,-1.2450943897792426
48,1,1,1,1,1,-1.2144875608390209
10,1,1,0,1,1,-0.1110687578538671
40,1,1,0,0,1,0.9367667818292721
61,0,0,0,1,1,-0.4900578507865783
51,0,0,0,0,1,-0.10037686347257806
65,0,0,1,0,0,0.9999254158014118
67,0,0,1,0,1,-0.38802853991252906
91,0,0,1,0,1,-0.7575183961901992
96,0,0,1,1,1,0.7083923459766299
74,0,0,1,0,1,-1.3040360206892752
66,0,1,1,1,1,-0.37366414228895944
39,1,1,0,0,0,0.11427634040631757
4,1,1,0,1,1,0.5290191385464771
84,0,0,1,0,1,0.8226480216976622
21,1,0,0,1,1,0.9786529554145913
36,1,1,0,1,1,-0.30247385839246993
10,1,1,1,1,0,0.9575132619217975
43,1,1,0,1,1,0.506149256177257
85,0,0,1,0,1,0.7212073112874688
52,0,0,0,0,1,-0.6337820957895927
76,0,0,1,1,1,0.665108055257701
60,0,0,1,0,0,-0.15275019467442363
66,0,0,0,0,1,0.04786832716518899
12,1,1,1,1,1,0.16514159004337103
91,0,0,1,0,0,2.113185136000843
10,1,1,0,1,1,-0.914855675359249
10,1,0,0,1,1,1.189316403567726
84,0,0,1,0,1,1.430372534022507
84,0,1,1,0,1,0.8255889167789005
6,1,1,1,1,0,-0.5354508891296973
16,1,1,0,0,0,1.6965055819068344
47,1,1,0,1,1,-0.3320138925388161
13,1,1,1,1,1,0.6871186663566974
62,0,0,0,0,1,0.120914429446538
63,0,0,0,1,0,-0.36914993425925174
96,0,0,1,0,0,0.546684063723304
74,0,0,1,1,1,1.8794108073215259
76,0,1,0,0,0,0.2563453548805646
64,0,1,1,1,1,1.9784369201361247
33,1,0,0,1,1,-0.18328167650274144
8,1,0,1,1,1,0.0774149557353474
76,0,1,0,1,0,-1.2257914851809475
36,1,0,1,1,1,-0.5578382451316982
29,1,0,1,1,0,-0.21837008016971785
40,1,1,1,1,1,-0.329043851857876
44,1,0,0,1,1,-0.9602420684041661
46,1,0,1,1,0,-0.7618450969781418
6,1,1,1,1,0,-0.28659012557022134
13,1,1,1,1,0,1.1865385564481365
47,1,1,0,1,1,-1.495580576186661
5,1,1,0,1,1,-2.0821790630336947
33,1,0,1,1,1,-1.7608275329585021
79,0,0,1,1,1,-0.8473994592019098
99,0,0,1,0,1,0.6369700782640833
45,1,1,0,1,0,-0.3563082450223266
58,0,0,1,1,1,-0.36995869603981696
69,0,0,0,0,0,-0.39240995928390154
7,1,1,0,1,1,-1.877830876067222
23,1,0,1,1,0,0.861424572524556
66,0,0,1,0,1,1.3105238432670179
3,1,1,0,1,1,-0.335471460838838
95,0,1,1,0,1,0.08546121275338489
0,1,1,1,1,0,0.11872091923739972
33,1,1,0,1,1,-1.0678224690281883
8,1,1,0,1,0,-0.44148886246801694
62,0,1,0,1,1,1.785756915720058
75,0,1,0,1,1,-0.003989429481267046
9,1,1,0,1,1,0.2235191349958723
9,1,1,0,1,1,-0.6936411667545445
49,1,1,0,1,1,-0.42995864579488924
43,1,1,1,1,1,0.6462919036917023
47,1,0,0,1,0,-0.8396002867477903
86,0,0,0,1,0,1.619982864228279
5,1,1,1,1,1,-1.6162661457670928
87,0,0,1,0,1,-0.6331630716148046
23,1,0,0,0,0,-1.4798766963763024
84,0,1,0,0,0,1.3243632465163238
94,0,0,1,0,1,-0.036273486299103125
57,0,1,0,1,1,-0.2863893452327766
63,0,0,1,0,1,0.39760347454539663
93,0,0,1,0,0,1.3990147807170314
55,0,0,0,1,1,0.21606875405378725
97,0,0,1,0,0,1.1426506859624583
81,0,0,1,1,0,-0.2936370928932739
11,1,1,1,1,1,-0.961339583807264
34,1,1,1,1,1,0.23221401388035184
70,0,0,0,0,1,-0.6973586719919581
88,0,0,1,0,1,0.6887475614835336
5,1,1,0,1,1,-0.4093283036056944
64,0,1,0,1,1,-0.08454257444998729
79,0,0,0,0,0,-2.2403993534303606
59,0,0,0,0,0,-0.12472124753473521
67,0,1,0,0,1,-0.24258518400176635
28,1,1,0,1,1,1.1629638077910605
37,1,1,1,1,1,0.8701072171118006
91,0,0,0,0,1,0.024218367019116872
21,1,1,1,1,1,-1.630438153566735
7,1,1,0,1,1,-0.4402323527166804
62,0,0,0,0,0,1.1640240884688566
95,0,0,1,0,1,-0.198449352294723
96,0,0,1,0,0,-1.0667587025870346
12,1,0,0,1,1,1.1518238990681027
26,1,1,1,1,1,-1.6235140518990299
17,1,1,0,1,1,-0.11293675104493842
17,1,1,1,1,0,0.5580837617460735
76,0,0,1,0,1,0.1260539214271048
85,0,1,1,1,1,-1.2415192126682126
61,0,1,1,1,1,-0.9291924493536243
13,1,1,1,1,1,-0.6979765412447562
10,1,1,0,1,1,0.7844695175240562
85,0,0,1,0,0,0.17052514739614677
99,0,0,1,0,1,-0.38754351451567076
16,1,1,0,1,0,0.40891065585279646
50,0,0,1,1,1,-0.7501868260821758
95,0,0,0,0,1,0.7383787755162603
13,1,1,1,1,1,0.45055790737889195
56,0,0,1,0,0,-0.22449913987633913
92,0,0,1,0,1,-0.16226653908719363
5,1,1,0,1,0,-0.34182342849603875
56,0,1,1,1,1,0.995942022743847
3,1,1,0,1,1,0.21609184611595547
10,1,1,0,1,0,-0.21648684871697368
73,0,0,1,1,1,-0.9703109030625618
91,0,0,0,0,0,0.5894915447180944
10,1,1,1,1,1,0.542755187450238
98,0,0,1,0,1,-0.5256424179002047
78,0,0,1,0,0,-0.42015694192260483
7,1,1,1,1,1,-0.11701425534857327
83,0,1,1,1,1,-1.1536256608904276
58,0,0,0,1,0,0.07370681890445847
20,1,1,0,1,1,-1.6454378382617976
64,0,0,0,0,1,-1.279469437429289
92,0,0,0,0,1,-0.509594405116166
23,1,1,0,1,1,-0.628295087618026
29,1,1,0,1,1,0.4513909263560587
98,0,0,1,0,0,0.2829973810224599
96,0,1,0,0,0,1.3766240939757455
83,0,0,1,0,1,0.09284781878620188
56,0,0,0,0,0,0.20612996823107396
79,0,0,1,1,1,-1.1630542682534417
72,0,0,0,0,0,-1.1609767256481471
94,0,0,0,0,1,0.06442667373222068
16,1,1,0,1,1,0.08171192626021934
58,0,0,1,0,1,0.2895903662894727
30,1,1,0,1,1,1.2696339473672964
63,0,0,0,1,0,-1.1168074364395155
47,1,1,0,1,1,1.6899119949319958
22,1,1,0,1,0,-1.4900102932649493
69,0,1,0,1,1,0.37294048850722356
29,1,1,0,1,1,-1.246353895160752
54,0,0,0,0,1,0.7241371322766093
6,1,0,0,1,0,-1.4838346538773421
74,0,0,1,0,1,-2.7324743415480826
97,0,0,1,0,1,0.14586995397925656
11,1,1,0,1,1,-0.12498020955307776
59,0,1,1,1,1,1.106070440931079
51,0,0,0,0,1,0.07786578582577561
26,1,1,0,1,1,-0.7448544826961729
11,1,0,0,1,1,-0.53981005619581
12,1,1,1,1,0,3.216020168021169
71,0,0,1,1,0,-0.874574726107903
79,0,0,1,0,0,0.5245491840654312
61,0,0,1,1,1,0.4021998023884518
28,1,1,1,1,1,0.5478609875671456
34,1,1,1,1,1,0.4662139307105152
59,0,1,1,1,1,-0.2676177219007939
28,1,1,0,1,0,-1.7620487755402687
30,1,0,1,1,1,0.1556308864998289
76,0,1,0,0,1,-0.012820611576395767
75,0,0,1,0,0,0.12393191870360817
60,0,1,0,1,1,0.5652319488765503
1,1,1,0,1,0,-0.4136175808977575
32,1,1,0,1,1,-0.6202908852073614
71,0,0,1,0,0,0.9008431226139267
61,0,0,1,0,1,-0.3288468166593016
58,0,1,1,0,1,-0.4937184921213639
39,1,1,1,1,1,-0.5802428458444414
48,1,0,0,0,0,0.5945688869153314
31,1,1,0,1,1,-0.2097658444478792
37,1,1,0,1,0,2.2128077894458316
91,0,0,0,0,1,0.05744791509992068
78,0,1,0,0,0,-1.2066021189806775
86,0,0,1,0,0,-0.43687402517790414
87,0,0,1,0,1,0.6553207955533066
12,1,1,0,1,1,-0.6001712754943869
84,0,1,1,0,1,-0.017218478234996764
53,0,1,1,1,1,0.9784554043125812
75,0,0,1,0,1,1.1288675529500707
12,1,1,1,1,1,-0.5244178415326567
38,1,0,0,1,1,-0.25682301376508915
22,1,1,0,1,0,0.09682466169053418
91,0,0,1,0,1,1.34232645948319
13,1,1,0,1,1,-1.0998032896442007
16,1,1,0,1,1,0.3597247964616449
23,1,1,0,1,0,0.055440850832215956
57,0,0,0,0,0,-0.8970201717464726
62,0,0,1,0,1,1.2373383608480444
33,1,1,0,1,1,0.9903403612805209
50,0,0,0,0,0,1.5382767043124999
85,0,0,0,0,1,1.1802027066679226
9,1,1,0,1,1,0.010199542843669786
71,0,1,0,0,0,0.619424570057224
20,1,1,0,1,1,0.3318339872388406
36,1,1,0,1,1,-0.9070821787897877
6,1,1,0,0,1,-1.3044058613934073
89,0,0,1,0,1,0.36900963571711903
12,1,1,0,1,1,0.09647299893490985
79,0,0,1,0,1,-0.3364134337078333
29,1,1,1,1,1,-0.09236886973581691
30,1,1,0,1,1,1.7694638287360926
4,1,1,0,1,1,-2.179609813244635
31,1,1,0,0,0,0.6398963268536275
15,1,1,0,1,1,0.8425211410704871
72,0,0,1,0,1,0.967724096673656
21,1,1,0,1,1,-1.378353976471156
63,0,0,1,0,0,-0.2931927554030441
43,1,1,1,1,0,-0.3431427868297869
39,1,1,0,1,1,0.2919858428760578
36,1,1,0,1,0,-1.1294072543628668
77,0,0,0,0,1,0.378477532435706
15,1,1,1,1,1,-0.8847662159264168
42,1,1,1,0,0,-0.29757999941349217
83,0,0,1,0,1,1.345053044061114
62,0,0,0,0,0,0.84215376722603
14,1,1,1,1,0,0.12382707976292781
43,1,1,0,1,1,-1.3922592873961341
89,0,0,1,1,0,0.3323803713827082
8,1,1,0,1,1,0.39959332968787453
64,0,0,0,0,0,-2.0994144966727784
98,0,0,1,0,0,0.35084897630705086
43,1,1,0,1,1,-1.0760662187529697
19,1,1,0,1,1,-1.4795752270191693
69,0,1,0,0,0,-1.1219814222364228
73,0,0,1,1,1,-2.1614788733844423
32,1,1,1,1,0,-0.40758659458821744
79,0,1,0,0,1,-1.005279984386417
99,0,0,1,0,1,1.1405841256369669
5,1,1,0,0,0,-0.3590614078663869
82,0,0,1,0,1,-0.7198272516814679
30,1,1,1,1,1,-1.5929983406041293
65,0,0,0,1,1,-0.42792828930147525
17,1,0,1,1,1,1.353448952699478
27,1,0,0,0,1,1.5473190217036412
67,0,0,1,0,0,-0.3647404078022363
64,0,1,1,0,1,-0.06950835956701353
79,0,0,1,1,1,0.7029026863029121
44,1,1,1,1,1,-1.0255409596240397
57,0,1,1,1,0,0.3690613822174326
46,1,1,0,1,1,2.3667293037533432
65,0,0,1,1,0,0.7651138673969547
51,0,1,1,1,1,0.7332175335475767
35,1,0,0,1,1,1.3438131134612856
0,1,1,0,1,0,0.9037841378242668
38,1,1,1,1,1,-0.25281931532784097
86,0,1,1,0,1,-1.1797976093024727
89,0,0,1,0,0,-0.13349408006784486
74,0,0,1,0,1,-0.9696813659468673
0,1,1,0,1,0,-0.2818785284450535
74,0,1,1,1,1,-0.8712474741467668
87,0,0,0,1,0,-0.38987113288628134
73,0,0,0,0,0,-1.4853259317756367
13,1,1,0,0,1,-0.693313766011662
77,0,1,1,1,1,0.4055131193217209
70,0,0,1,1,1,0.6579379074831078
22,1,1,1,1,0,0.44094418719407386
42,1,1,1,1,1,-0.37598232100460655
21,1,0,0,1,0,0.12482258541783234
59,0,1,1,1,1,1.9439668237751293
99,0,0,0,0,1,-0.7207480823478093
26,1,0,1,1,0,1.6049207926576357
55,0,0,0,1,0,-1.44385946610564
1,1,1,0,1,1,-1.7088374725214388
38,1,0,1,0,0,-0.14728152537964492
50,0,1,0,1,1,-0.037448365089695616
18,1,1,0,1,0,-1.1306313665012095
61,0,0,1,0,1,-0.32911312167451645
70,0,0,0,1,1,0.40261839800912697
75,0,0,1,0,1,-0.9748676758069895
66,0,0,1,0,0,1.015912117110515
62,0,1,0,1,0,1.1251618740143325
4,1,1,0,1,1,1.2450516865336716
71,0,0,0,0,0,-0.907899955805458
77,0,0,1,0,0,-0.7778666927433439
60,0,0,0,1,1,-0.17287307537972518
99,0,0,1,0,0,-0.2722425174560386
70,0,0,0,1,0,-0.325690582822322
6,1,1,0,1,1,0.7557580469578429
49,1,1,0,1,0,0.6116710609778637
45,1,1,0,0,0,-0.8745649977005273
95,0,0,0,0,0,-1.1411629658071858
71,0,0,1,0,0,-1.2390729728701295
75,0,0,1,1,1,-0.8790580919982898
73,0,1,1,1,1,0.8458896402330285
13,1,1,0,1,1,0.1433289716725983
72,0,0,0,0,0,0.9258491707105488
93,0,0,0,0,0,-1.7000194855636783
68,0,1,1,1,1,0.27339110398528993
64,0,0,0,0,1,0.2605911451400596
64,0,0,0,0,1,1.2003183082002695
56,0,0,0,1,1,-0.40909244215649093
61,0,0,0,0,1,-0.4798254371302258
19,1,1,0,1,1,1.50649957830526
74,0,0,1,0,1,-0.17101326104282127
25,1,0,0,0,0,0.17727071470629593
43,1,1,0,0,0,0.47629871236007965
66,0,0,0,1,0,-1.667757103705861
69,0,0,1,1,1,0.041102135718928276
61,0,1,1,1,0,-1.245137677753266
44,1,1,1,1,1,-0.0876293619715892
10,1,1,0,1,1,-0.2945637560531509
71,0,0,0,0,0,-0.5063688792044759
92,0,0,1,0,1,0.6266726835687076
73,0,1,1,1,1,0.09739682207480511
33,1,0,0,1,1,-1.0609024667645228
87,0,0,1,1,1,-1.0948437452267061
45,1,1,0,1,0,0.8401506581036433
80,0,0,1,0,0,-0.037778548205593704
31,1,1,0,1,0,-1.424100849727766
74,0,0,0,0,1,-0.41649571105949357
97,0,0,1,0,0,-0.1574489292159837
87,0,0,1,0,1,-1.2339218884607699
4,1,1,0,1,1,-0.6369222382195563
62,0,0,1,0,0,0.9178545532451186
28,1,0,0,1,0,2.4896282603863895
47,1,0,0,0,1,0.3026622599332816
97,0,0,1,0,1,-1.3548712136321346
15,1,1,0,1,1,-0.2176584152325228
24,1,0,0,1,0,0.12202991816909306
71,0,1,0,1,0,0.7863436506503719
28,1,1,0,1,1,0.8099921391323499
51,0,0,0,1,0,1.364252790341775
45,1,1,1,0,0,-0.0015507969811826919
24,1,0,1,0,0,0.01767850183687708
22,1,1,1,1,1,-1.887936941591471
33,1,0,0,0,1,-1.0127791539205346
66,0,1,0,1,1,-1.362251781235933
93,0,0,0,0,1,-0.8406415505229099
33,1,1,1,1,0,-1.1518718817243467
31,1,1,0,1,1,-1.0841925089454727
28,1,1,0,1,0,1.0892782336953146
8,1,1,1,1,0,-1.9235928572306338
65,0,1,1,0,1,-0.19835142152254207
56,0,1,1,1,1,0.8641572584678064
38,1,1,0,1,1,-0.3014928889968671
6,1,1,0,1,0,1.3271084279189869
68,0,0,1,0,0,-0.5995713693163707
7,1,1,0,1,1,1.750743240635172
95,0,0,0,0,0,-1.5686170899365988
17,1,1,0,1,1,1.3289755868077573
81,0,1,1,1,0,-0.8942382883809976
48,1,1,1,1,1,1.4448984241593805
15,1,1,0,1,1,-0.46807077893662535
20,1,1,0,1,1,1.1045910989030783
9,1,1,0,1,1,1.2738008064867907
3,1,1,0,1,1,-0.5779525581774133
43,1,0,0,1,1,1.021896801884939
7,1,1,0,1,1,-0.027966058777054412
54,0,0,0,0,1,-1.4626022271731902
18,1,1,1,1,0,0.5083097056604505
63,0,0,1,1,1,-1.016571137578464
39,1,1,0,1,1,-0.65301469808036
50,0,1,1,0,1,-0.8927843039485224
8,1,1,0,1,1,0.37821728101145463
29,1,1,0,1,0,-0.985578741187551
55,0,0,0,1,1,-1.226354385446892
80,0,0,1,1,1,-1.0433717277965953
43,1,1,0,0,1,-0.7097793572127951
58,0,1,1,1,1,0.49666879318063917
14,1,1,0,1,0,0.9090722428854773
67,0,0,0,1,0,0.8947475499648531
69,0,0,0,0,1,-0.03475587404646305
60,0,1,1,0,0,-0.06055779254339352
79,0,0,1,0,1,-0.18372445568045048
89,0,0,0,1,1,0.44415202082106486
22,1,1,1,1,0,1.119593555895637
76,0,1,0,0,0,-0.15109780500927686
46,1,1,0,1,1,0.5326357433023468
16,1,1,0,1,1,-1.240430457832238
56,0,1,1,1,1,0.8526748436150817
53,0,0,1,1,1,0.21606809225355242
90,0,0,0,0,1,-1.0325824379938604
51,0,0,1,0,1,1.0692845501673507
21,1,1,0,0,1,-1.2412180240230364
82,0,0,1,0,0,-2.2749152891201536
38,1,0,1,1,0,0.8467833481950757
98,0,0,1,0,1,0.38536891116929683
12,1,1,0,1,1,-1.211018351702203
77,0,1,1,0,0,0.3553528812395208
94,0,1,1,0,1,1.16987825164613
65,0,0,1,1,1,0.2611775464333317
51,0,0,1,1,1,2.438550473075926
13,1,1,1,1,1,-0.8510142538691337
72,0,0,0,1,1,-2.235657614656583
73,0,0,0,1,1,-1.4109676558529485
62,0,0,0,0,0,-2.294381509403703
70,0,0,0,1,1,2.1388978571633963
27,1,1,1,1,0,-0.004940538026746584
88,0,0,1,0,0,1.9391020538944455
45,1,1,1,0,0,-0.35455349936266073
27,1,1,0,1,1,-0.9050883588310991
1,1,1,1,1,1,-1.7300748782277373
16,1,1,1,1,0,-0.39675343038240773
58,0,1,1,0,0,0.8442086488348026
51,0,0,1,0,0,-0.22461223246949963
3,1,1,0,1,1,-1.5975075747528045
76,0,0,1,1,1,0.6531246150480303
81,0,0,1,0,0,0.8387976210010942
2,1,1,0,1,1,-0.5298547105937411
36,1,1,0,1,1,-0.6550547102736625
96,0,0,1,0,1,-1.709345718841893
23,1,1,0,1,1,0.6280679969319691
71,0,0,1,1,1,-0.4623290170784439
34,1,1,0,1,1,-2.678780133999607
1,1,0,1,1,1,-1.4850870538243757
32,1,1,0,1,0,0.5622183853972849
75,0,0,1,1,1,-0.34191370553832906
85,0,0,1,0,1,-1.1354578909867286
76,0,1,1,1,1,0.053792877847398564
9,1,0,0,1,1,-0.8400473941820935
80,0,0,1,1,1,-0.6427741480269156
61,0,0,0,0,1,-0.2695294206451639
42,1,1,1,1,0,1.685491771709404
68,0,0,0,0,1,1.680762002593833
58,0,0,1,0,0,-1.9711795743581906
8,1,1,1,1,0,-0.06460914507995491
76,0,1,1,0,0,-1.4522065849205978
59,0,0,1,0,0,-1.0632384686120746
62,0,1,1,1,1,-1.8588891384747195
51,0,0,0,0,1,-0.8677327321204076
22,1,1,0,1,0,-1.1932113549314998
29,1,1,1,0,1,1.0255405773436301
42,1,1,1,1,1,-0.8419302438746542
67,0,0,1,0,0,-1.9458255338461656
20,1,1,0,1,1,-0.002824003089298884
42,1,0,0,1,0,-0.17692787422466286
72,0,0,1,0,0,-0.26354920408777127
6,1,1,0,1,1,0.6099986700377077
15,1,1,1,1,1,1.231893840212243
22,1,1,0,1,1,-0.2781640796916275
57,0,0,0,0,0,0.26568334767529567
86,0,0,1,0,0,-0.2527159446497631
30,1,1,1,1,1,0.5064922338064692
68,0,0,0,1,1,-1.4696930760049625
5,1,1,1,1,1,0.6173444202551249
64,0,0,0,0,1,0.2830211481039283
58,0,1,1,1,1,-0.959516651069898
27,1,1,0,1,1,2.208347786479555
17,1,1,0,1,0,-1.3594321973501946
87,0,0,1,0,0,0.32977341770042934
76,0,0,0,0,1,-0.9572096146041921
96,0,0,1,1,1,0.5780026254797304
9,1,1,0,1,1,1.9996404718082499
6,1,1,0,1,0,0.7755542170900663
36,1,1,1,1,0,-0.1160460469146617
95,0,0,0,0,1,0.9286055180655671
44,1,0,1,0,1,-0.5904488657757595
85,0,0,1,0,0,0.48897774271333844
15,1,1,0,1,1,0.08775020288208697
87,0,0,1,0,1,-1.21658246839488
13,1,1,0,0,1,1.7086092934168549
10,1,0,0,1,1,1.2438222163767554
82,0,0,1,0,1,-0.8561433060731926
86,0,0,1,0,1,1.025667881715954
33,1,1,0,1,1,-1.1774785826744747
59,0,0,0,1,0,0.46292425944877036
12,1,1,1,1,1,0.04751796509417735
38,1,1,1,1,1,1.6783948141089342
43,1,1,1,1,1,0.3319005000617389
27,1,1,0,1,1,-1.5451601954516447
39,1,1,1,1,1,1.0192674781225277
15,1,1,0,1,1,-0.44058083886898175
49,1,1,1,1,1,-0.48773324131641044
27,1,1,0,1,0,0.029198150199930707
67,0,1,0,0,0,-0.5746848072056281
91,0,0,1,0,0,1.7948155266917802
59,0,0,0,1,1,0.8051876288889297
11,1,1,1,1,0,-1.1438752154986225
15,1,1,0,1,1,-0.7275519111522949
52,0,0,0,0,0,-1.3096175918540411
53,0,1,1,1,1,0.9677266858348189
48,1,1,1,0,1,-0.06689147805761735
35,1,1,1,1,1,-0.9766370227959653
61,0,1,1,1,0,1.5718213057772534
83,0,0,0,1,1,0.5048787222674764
25,1,1,0,1,1,0.18552577363828002
55,0,1,0,1,0,0.13835868235807394
89,0,0,0,0,1,-1.3579864499176084
21,1,0,0,0,1,0.5593545550683591
72,0,0,1,1,0,-0.4188747078246074
68,0,0,1,1,0,0.8706504584119262
80,0,0,0,0,1,0.6392324657830095
48,1,1,1,1,1,-0.06107581452163294
97,0,0,1,0,0,-0.13181652107794706
1,1,1,0,1,0,1.6589306719960346
52,0,1,0,1,1,-1.3368580454316261
6,1,1,0,1,1,-0.5733990864584053
99,0,0,1,1,1,1.136533030172828
76,0,0,1,1,0,1.4851753159393708
19,1,1,0,1,0,-0.13788488484080905
93,0,0,1,1,1,-0.6993190447320454
29,1,1,0,0,0,-0.679054554722906
74,0,0,0,0,1,-1.4344272524810264
94,0,0,1,0,1,2.001749889303312
66,0,0,1,0,1,-0.14805839371089172
58,0,1,1,1,1,0.46487509281238837
65,0,0,1,0,1,0.47502661455496215
2,1,1,0,1,0,1.4838337799736498
55,0,0,1,0,0,-0.41925562033291613
78,0,1,1,0,0,-0.34875781259575744
16,1,1,1,1,0,0.8309175467000115
51,0,1,1,1,1,-1.7949128865633281
6,1,1,0,1,0,1.4903119443553483
4,1,1,0,1,1,1.7381334189490159
97,0,1,1,0,0,0.24578418637557284
96,0,0,0,1,1,-0.937743729926471
53,0,0,0,0,1,0.8531228764253084
60,0,1,0,0,1,-0.1910345771867974
15,1,1,0,1,0,0.14221286265806904
66,0,0,0,0,0,0.21847565298544935
58,0,0,1,1,1,-0.6583352953614889
46,1,1,0,0,0,0.3472628228341112
47,1,1,0,0,0,-1.4632768120857624
63,0,1,0,1,1,-2.195745460299462
49,1,1,1,1,0,0.3643820305559906
84,0,0,1,0,1,1.043634616184244
40,1,1,0,1,0,-0.5135367526164957
71,0,1,0,0,0,-0.5697013875153973
21,1,1,1,1,1,0.6475261809516598
53,0,1,1,1,0,-0.02070572230237654
4,1,1,1,1,1,-0.566094469272803
16,1,1,0,1,1,0.30528480643021394
77,0,0,0,0,0,0.006365889058304394
40,1,1,0,1,1,-1.2492932104666612
91,0,0,1,0,1,-0.10882531121503705
94,0,0,1,0,0,0.1829367478209555
80,0,0,0,0,0,-0.5337833422193561
34,1,1,0,1,1,0.9257525637036188
39,1,1,0,1,1,0.48332918106650036
21,1,1,0,1,1,-0.27707377155817586
47,1,1,0,1,0,0.13364980447246558
52,0,0,0,1,1,-0.37645067600284327
92,0,0,1,0,0,-0.2243023727476552
9,1,0,1,1,0,-0.18751104721531495
17,1,1,0,1,1,-1.770135539636879
98,0,0,0,0,0,0.027401074486078467
79,0,0,1,0,1,0.31834121301104534
48,1,1,0,1,1,2.461493490733302
70,0,0,1,0,0,0.43988309538846887
29,1,1,1,1,1,-0.6529160807078161
18,1,1,0,0,1,-1.6408127395761454
54,0,1,1,1,1,-1.0563034191355287
59,0,0,0,1,1,-0.4992909084863701
86,0,0,0,0,1,-0.48145920889894434
71,0,0,0,0,1,-0.2374270014077138
80,0,0,1,1,1,-0.40230757709863785
20,1,1,0,1,0,-0.230900074805493
25,1,1,1,1,1,-0.422309525547606
27,1,0,0,1,1,0.018415738232976108
38,1,1,0,1,0,-0.9033997948281881
32,1,0,0,1,1,-1.2587701549090833
39,1,1,1,1,0,-0.23806148863266643
82,0,0,1,0,1,0.43396164252264113
28,1,0,1,1,0,-1.1190384354636338
19,1,1,0,1,1,-0.5745993024745167
19,1,1,1,1,0,-0.1461452453986719
73,0,1,0,1,1,-0.17029393974189885
11,1,1,0,1,1,0.7528471825316089
96,0,0,1,0,1,0.939828868835869
24,1,0,1,1,0,0.22201989458125426
24,1,1,0,1,1,1.209418301015628
3,1,1,1,1,0,-0.3690222813676206
3,1,1,0,1,1,0.8401983025554061
8,1,1,0,1,1,-0.613012820812323
14,1,1,0,1,1,0.29601342522762486
25,1,1,0,1,0,0.6441228739601836
78,0,0,0,0,0,0.05614594395095396
89,0,0,1,0,0,-0.9649947152032493
91,0,1,0,0,0,-1.6725563711984652
70,0,0,0,0,1,0.5569106605483044
31,1,1,0,1,0,-0.27302329621919785
75,0,0,1,0,0,-0.20290974228154723
98,0,0,1,0,0,1.5001089481737746
51,0,1,0,1,1,-0.9462287600361824
31,1,1,0,1,0,0.7403525470606521
8,1,1,0,1,1,-0.7377121310521915
77,0,0,0,0,1,-0.17730714919332297
12,1,1,0,0,0,-1.0859014793604784
55,0,0,1,0,0,-0.7446916481612371
43,1,1,0,0,0,0.4132435417166508
96,0,0,1,0,0,1.2939954792739714
95,0,0,1,1,1,0.42350330623451804
82,0,0,1,0,1,0.3058365829269358
29,1,1,1,1,1,2.549070205687507
15,1,1,0,1,1,0.5605655111291652
11,1,1,0,1,0,-0.9336210272631789
73,0,0,1,0,0,-1.6832793260130887
65,0,1,1,0,1,0.37914974503720295
17,1,1,0,1,1,-1.4065209736662652
12,1,1,0,1,1,-1.0014565736488015
92,0,0,1,0,1,0.3033015184149609
23,1,1,0,1,1,1.0399224875719943
11,1,1,0,1,1,-0.2856949351208236
59,0,0,1,1,1,-1.2061361405326994
59,0,1,1,1,1,-0.14645043860624934
92,0,0,1,0,0,-0.2720881547094755
85,0,0,1,0,1,0.11769353456468422
99,0,0,1,0,1,-1.2024968325514074
0,1,1,0,1,1,-0.8371492803108523
42,1,1,0,1,0,1.0235578633747033
54,0,1,0,1,1,0.7612504996794223
39,1,0,0,1,1,1.1640872223715197
63,0,0,1,0,0,-1.850493852070098
33,1,1,0,1,1,-0.8861305829958052
33,1,1,1,1,1,0.9909092765185041
47,1,0,1,0,0,0.5923318935934154
32,1,1,1,1,1,0.4073056154421532
67,0,0,0,1,0,-0.36238814884062515
29,1,0,0,1,0,-0.6201712755516735
83,0,0,1,0,1,0.032230965896991384
89,0,0,1,0,1,-0.4485122449410041
78,0,0,1,0,0,0.528111521830045
70,0,1,1,0,0,0.03713041324963083
70,0,0,0,1,0,-0.9711555309755305
28,1,1,0,1,1,0.6349406734850633
22,1,1,0,1,0,1.2542792429588745
33,1,1,1,1,1,1.3210340257184807
83,0,1,0,0,1,0.6734207454257233
14,1,1,1,1,1,0.6870795966389414
96,0,0,1,0,0,-1.161213812781844
52,0,1,1,1,1,-0.6713358712403146
16,1,1,0,1,1,-0.1683452984795869
63,0,1,0,0,1,0.592574154073069
83,0,0,1,0,1,-0.6003413208861589
60,0,0,0,0,1,-0.3069623187761501
56,0,1,1,1,1,0.5596133111374442
76,0,0,0,0,0,0.1371090596042864
87,0,0,0,0,0,0.3338684994414905
36,1,1,1,0,0,-0.7780354760703874
6,1,1,0,1,1,-0.3204678988229817
7,1,1,0,1,1,-0.46953985837130413
86,0,0,1,0,0,-0.0009359368589859087
77,0,0,1,0,0,-0.4331271020438032
67,0,1,1,1,1,-0.5688265437953046
20,1,1,1,1,1,0.12502757869146808
60,0,0,1,0,1,2.096729683183703
73,0,0,0,0,1,0.5835680383647953
85,0,0,1,1,1,-1.780214325166105
93,0,0,1,1,1,0.35129527733096455
93,0,0,1,0,1,-0.514901661670959
79,0,0,0,0,0,-0.9410727385402571
74,0,0,1,0,1,0.7038531639489346
85,0,0,0,0,0,0.0771818947221063
28,1,1,0,1,1,2.4863716988788243
24,1,1,1,1,1,-0.11427405493687054
57,0,0,1,1,0,-0.226225769647611
13,1,1,0,1,1,1.197148688370635
77,0,0,0,1,1,0.021971217183948896
65,0,0,0,1,1,-1.0572401555969737
53,0,0,1,1,0,-0.8807624475690179
76,0,0,0,0,1,-0.32843802400964067
66,0,0,1,0,1,0.6576382785618705
29,1,0,1,1,1,1.2721275149084712
17,1,1,0,1,0,0.8019492167923751
53,0,1,1,0,0,0.5680320125884004
99,0,0,1,0,1,1.0968755857644712
20,1,1,1,1,1,0.6211726322786069
52,0,1,0,0,0,-0.9032282813075986
82,0,0,1,0,0,-0.220758063793652
15,1,1,1,1,1,-0.5152457217072197
27,1,0,0,0,1,1.2622764446092574
3,1,1,0,1,1,-0.9546057680315209
54,0,0,1,0,0,-0.9351777631150214
14,1,1,0,1,1,0.16992956602083834
63,0,1,1,1,1,1.9290206903969034
64,0,1,1,1,1,0.7348907289349106
15,1,1,0,1,1,1.0416761899696694
19,1,1,1,1,0,-1.1068013259845935
63,0,1,1,1,1,0.668801511676504
32,1,1,1,1,1,-1.1111890996918
80,0,0,0,0,1,0.7309355654361434
68,0,0,1,0,1,-1.570841020811889
68,0,0,1,0,1,-0.33912071285246076
57,0,1,0,1,1,-2.053117972034088
38,1,0,1,0,0,-0.8847121999341708
76,0,1,0,1,1,-1.4246065874159146
35,1,1,1,1,0,0.6511829726078993
93,0,0,1,1,1,0.09438854971188436
67,0,0,0,0,1,-0.4675344843186192
86,0,0,1,0,0,0.11712251532310052
20,1,1,0,1,1,-0.8309391458067976
62,0,0,0,1,1,0.32186070479610296
84,0,0,0,0,1,-0.0777233994537694
5,1,1,1,1,1,2.280894135025777
23,1,1,0,1,1,1.6335138558176272
52,0,1,0,1,1,0.9405598840152535
94,0,0,0,0,0,0.29232296042073364
82,0,0,1,0,0,0.42035731077765043
75,0,0,1,1,1,1.2408892275363
77,0,0,1,0,0,0.2881423643797537
49,1,1,1,0,1,0.3496652708961575
11,1,1,0,1,1,-0.5764788682616133
55,0,0,0,1,1,-0.6873171430399312
14,1,1,1,1,0,-0.10723167131284693
82,0,0,1,0,0,-2.614741992799992
91,0,1,1,0,1,-0.02906785964881662
39,1,1,1,1,0,-0.24215594470254123
40,1,1,0,0,0,0.8790298991268952
68,0,0,0,0,1,1.2246352889322627
68,0,0,1,0,0,2.571430744810432
5,1,1,0,1,0,0.5795401132418988
86,0,0,0,1,1,0.15202678026700292
66,0,0,1,1,0,-0.566147544620819
32,1,1,1,1,1,-1.0489410614423802
42,1,0,1,1,1,0.914208994398929
20,1,1,0,0,1,-0.02745179701597003
83,0,0,0,0,1,0.4249162654903681
64,0,0,1,0,1,0.01856962871635709
16,1,1,0,1,1,0.04466658266433169
92,0,0,1,0,0,0.21921888756373958
7,1,1,0,1,1,0.4220829036826554
63,0,0,0,0,1,0.9407202234872493
89,0,0,0,0,1,-1.2323051836077243
27,1,1,0,0,0,0.586080850525131
97,0,0,1,0,1,-1.2881398982397745
89,0,0,0,0,0,0.701422502921072
12,1,1,1,1,1,0.32022831664885115
12,1,1,0,1,0,-0.07660534747702602
37,1,1,1,1,1,-0.03751621245485452
24,1,1,0,1,1,0.13691521991747196
61,0,0,0,0,0,1.0909837979226358
22,1,0,1,1,0,1.0024520252250873
85,0,0,1,0,1,0.8853993762958561
20,1,0,0,1,0,-1.3464021989713457
53,0,0,1,1,1,0.5762086245996563
62,0,0,1,1,1,-2.3977640136188785
29,1,1,0,1,1,-2.1306985905822597
74,0,0,0,0,1,1.123937198312004
67,0,0,1,0,0,-1.4469294993322073
96,0,0,1,0,0,-0.17912368225123385
75,0,1,1,0,1,1.4043414576754112
72,0,0,1,1,0,0.5837673251520977
31,1,1,0,1,0,0.37000019933041056
74,0,0,0,0,0,-0.05442087522810339
23,1,1,0,1,0,0.1258918965464835
6,1,1,1,1,1,-0.6251814838036688
71,0,0,1,0,0,-0.4795820822308051
96,0,0,0,0,1,0.08646347039625449
88,0,0,1,0,1,0.23240521365368297
0,1,1,1,1,0,-0.15784119969461402
2,1,1,0,1,1,-2.236330499363674
27,1,1,1,1,1,1.5648743979321735
42,1,0,1,0,1,0.9372865549652682
96,0,1,0,0,1,-0.20404955603813463
45,1,1,1,0,0,0.9684281249067952
0,1,1,1,1,1,-0.35852625275568056
37,1,1,1,1,1,0.3175395415113135
90,0,0,0,0,1,-1.9232136978347663
34,1,1,0,1,1,0.2567337250340781
73,0,1,1,0,1,-0.28133830570870655
75,0,0,0,0,1,0.21805618061417575
73,0,0,1,1,1,1.7098883646519427
53,0,0,0,0,1,-0.01808705681645673
97,0,1,1,0,0,-0.45751490252425736
23,1,0,0,1,1,-0.44640716686283827
27,1,1,1,1,0,-1.4161413233888327
21,1,1,0,1,1,0.40424659998645
15,1,1,0,1,0,0.5344303775459021
12,1,1,0,1,1,0.0654172128685894
99,0,0,1,0,1,0.9199072255746391
99,0,0,1,0,1,0.9294073937190811
61,0,0,1,0,0,0.06983380860211862
42,1,1,1,0,1,0.5854957930502042
86,0,0,1,0,1,2.1726809240189207
77,0,0,0,0,0,-0.8220538954011098
31,1,1,0,1,0,0.7731645302189882
66,0,0,1,0,0,0.08682436629654747
90,0,0,1,0,0,1.0457465631098726
82,0,0,1,0,1,-0.7934887438803548
85,0,1,1,0,1,0.20027874186617795
56,0,0,0,0,1,-0.6796001255987997
64,0,0,1,1,0,-1.7669873806862209
68,0,0,1,1,1,1.4043876657184458
48,1,1,0,1,1,-0.434463513285341
32,1,0,1,1,1,-0.84248319694085
18,1,1,0,1,1,-0.5768954572780001
35,1,1,0,1,1,1.8244393204175344
69,0,1,1,1,1,1.3105277374814128
14,1,1,0,1,1,-0.21819784025973687
99,0,0,0,0,1,0.861374183263478
96,0,0,1,0,0,-1.075386212957734
23,1,1,0,1,1,0.5235429531979446
26,1,1,0,1,0,-0.4305642308749538
48,1,1,1,1,1,0.4360981925979724
74,0,0,1,0,0,-1.373777059571515
22,1,1,1,1,1,-0.5951392018925902
32,1,1,0,1,1,0.18190859881002217
40,1,0,0,0,1,0.17133435597097285
55,0,1,1,1,0,-1.462817557865113
28,1,1,1,1,0,-0.9718456109487004
30,1,1,1,0,1,0.4234160439771832
64,0,0,0,0,0,0.3060193007370226
97,0,0,1,0,0,0.6554822739110695
17,1,1,0,1,0,0.1902017047786202
81,0,1,1,1,1,-1.0531930946629688
5,1,0,0,1,1,-0.35384268066007957
51,0,0,0,0,0,0.5310223936177898
39,1,1,0,1,1,-1.0016769403000378
64,0,0,1,1,0,-1.1260291332528498
41,1,1,0,1,1,-0.30297458421914075
93,0,0,1,1,0,0.2714499105553081
67,0,0,1,0,0,-1.8428318545324984
31,1,1,1,1,1,-0.24249077662501028
9,1,1,0,1,1,0.5185587020070208
68,0,1,0,0,0,0.715359838187284
8,1,1,0,1,1,-1.0037697949496258
68,0,0,1,0,1,0.37193984399376884
60,0,0,0,0,0,0.9936935155554585
10,1,1,0,1,1,0.6067051716811197
98,0,0,1,0,0,-0.4118957351268813
90,0,0,1,0,1,-2.385202237126447
67,0,1,1,0,1,0.2093354062588101
73,0,0,0,0,1,1.578563907516695
96,0,0,0,0,1,0.8240618125291201
7,1,1,0,1,1,0.7545823969062868
48,1,1,1,1,0,0.16847861656047652
23,1,1,1,1,0,0.8967824305589379
32,1,1,0,1,1,0.3032487271273045
18,1,1,0,0,0,-1.7462839262808176
1,1,1,0,1,0,0.8915790130957462
54,0,1,0,0,1,-0.8611318962265074
10,1,1,1,1,1,0.06723298630947383
98,0,0,1,0,1,0.739196767739077
16,1,1,0,1,1,-0.7491747481395453
41,1,1,1,1,1,-0.9854567877872806
60,0,1,0,0,0,0.47716990918982766
2,1,1,0,1,1,-1.1135395611483256
85,0,0,0,0,0,-0.19279623117362918
34,1,0,1,1,1,1.128373459939224
84,0,0,1,0,1,1.6264922929643841
88,0,0,1,0,1,-1.7816299366304433
65,0,1,1,0,1,-0.21870836500152144
0,1,1,0,1,1,1.2700492964150043
6,1,1,1,1,1,-0.3981182867318237
19,1,1,0,1,0,0.7918863332282384
42,1,1,0,0,1,0.8672973648258997
5,1,1,0,1,0,-0.6109786848970712
54,0,0,0,1,1,0.4286184915078103
99,0,0,1,1,0,0.48946008329112434
20,1,1,1,1,1,0.9101866143764571
50,0,0,0,0,1,-1.6251497603887026
45,1,1,0,1,0,1.292833342001526
34,1,1,0,0,1,0.6868592573272025
99,0,0,1,0,0,-1.1303856195356372
7,1,0,0,0,0,-0.12780186614511707
67,0,1,1,1,1,0.8378369612122345
15,1,1,1,1,1,-1.0771069471755352
66,0,1,1,1,1,-0.9245524387444594
70,0,0,1,1,0,0.01860803191245936
63,0,1,1,0,0,-0.4362371033673646
1,1,1,0,1,1,0.2508661136981678
0,1,1,0,1,0,0.8229577977676078
57,0,1,0,1,1,0.2722421409695713
0,1,1,0,1,1,-0.010298698676127578
6,1,1,0,1,1,0.8275431521494215
87,0,0,1,0,1,-0.10490025459387249
68,0,1,1,1,1,-0.7457377069338
84,0,1,1,0,1,1.155281789025571
