packet_loss_rate,network_latency,signal_vibration,uptime_reliability
0.43599490214200376,0.6218425942287253,0.6883531773265178,0.8309810056037529
0.025926231827891333,0.5655790165051017,0.2664969026641477,0.3763796734752374
0.5496624778787091,0.15267096210078568,0.860733052729592,1.0123445890631304
0.4353223926182769,0.8134368490482173,0.9228702439294811,0.47244806647733506
0.42036780208748903,0.983461979939352,0.9869024113144418,1.2208009451309088
0.3303348210038741,0.6335751503771461,0.7362912007735751,0.8735806049142124
0.2046486340378425,0.5814375290884598,0.2376661699935898,0.4316846704852867
0.6192709663506637,0.14859129794090387,0.8139605523036433,0.8327043967357886
0.29965467367452314,0.2766734163504597,0.21752617033851884,0.4755197130951839
0.26682727510286663,0.36052270006517617,0.11588183054562085,0.24110734299854086
0.6211338327692949,0.19171003873167003,0.1489926737917724,0.7264049836884674
0.5291420942770391,0.9903937285006211,0.25292353310594173,0.6942758005591086
0.13457994534493356,0.9232690293671901,0.5844635205273385,0.3018314575937654
0.5135781212657464,0.3720753688922067,0.8102125430800808,0.6028988499339047
0.18443986564691528,0.14515563049754965,0.25306757760242604,0.6694494640780465
0.7853351478166735,0.39557349147376264,0.5586463312277739,0.6652751527688028
0.8539752926394888,0.16430447234298473,0.8828383474715544,1.0033669889647325
0.4942368373819278,0.5382189951265482,0.4634983120273626,0.9417587029327849
0.846561485357468,0.17835428495931482,0.043834942110531516,0.48503370686764136
0.079645477009061,0.04904434686440917,0.544997493254657,0.9583855407796439
0.505246090121704,0.6143392207659898,0.9238636184531244,1.1777249958651397
0.06528650438687811,0.38100548510647503,0.4065045511023955,0.6175093413361067
0.42812232759738944,0.6834748925206054,0.34890325566121116,0.6502870136456088
0.09653091566061256,0.5225032246220753,0.4836407172904834,0.22556487669919
0.12715997170127746,0.6276310734226936,0.5402820859390571,0.13383220803364038
0.5967453089785958,0.31849251190753924,0.08102149526113,0.35157419231611264
0.22601200060423587,0.5822276842030457,0.48958158334512836,0.47929836889022026
0.10694568430998297,0.4945729921968276,0.24024261994779705,0.9185665176850023
0.2203062070705597,0.5943170083418827,0.6492270930842607,0.3976480393553028
0.34982628500329926,0.007683682044184459,0.5277523965683303,0.6492174438517714
0.46778748458230024,0.9648979116352259,0.5679189354662321,1.2103294965688802
0.20174322626496533,0.23510754381946286,0.7935848805458569,0.9849174670023172
0.6404067252149148,0.07668562218233155,0.5262864851010679,0.2981937152569579
0.48306983555175165,0.29482245129793205,0.28759654332760487,0.6592136305530591
0.5052367200185491,0.6929346471147287,0.10663497818452194,0.6743479218508908
0.3868926511185593,0.9327334720570601,0.08338972019394286,1.0653294346175928
0.7936374544415771,0.8441509411190785,0.3765938749548273,1.0212153582456451
0.5800041788778066,0.32669362474231844,0.33236518380760605,0.6330304695915038
0.16229859850231387,0.8321709215829122,0.2995292578789438,1.1573942582526198
0.7007523466071562,0.05439583688470562,0.7482493142584655,0.11471608157021651
0.9645510800892552,0.09283046373768367,0.5972495463248951,0.8173529438586176
0.5000083611702167,0.1863475301363715,0.9434712722573022,0.5766804825786516
0.8895200639461449,0.7877663456138179,0.13376519131502063,0.6925485977089677
0.34161365267110966,0.7242438157483649,0.14227225869690086,0.9499623988479617
0.5671441276277093,0.13113783938663404,0.38909593832739675,0.9727850962074713
0.42754596329611005,0.7081286399706054,0.8932223228030617,0.4474894214709685
0.436747263026799,0.7617781810034896,0.7845663007045817,0.7041046619863298
0.7765591849971003,0.19086045228706738,0.4595605067464975,0.8101006070979097
0.5356041734976563,0.670697173944027,0.9666946932261388,1.4965123442947976
0.9537422269448667,0.4056005671230052,0.16615923293348245,0.6806121934960823
0.5442081601481021,0.07340798171247953,0.6931702932135282,0.4245402214499149
0.0820949222750248,0.517454510279021,0.8951676891226831,0.45312895922951557
0.3663424016750204,0.49256720077586424,0.8930222706669279,0.9289314018083623
0.8508505040045017,0.8819086975363026,0.15752755855629907,0.9047974798893045
0.4062750430479508,0.5601917243609971,0.21308501978028327,0.847778754303203
0.02720236589484959,0.8402487318957161,0.9377910115982521,0.718749770567688
0.24717723899735333,0.4532566004757461,0.9661299283463977,0.7286707853022009
0.06714437073695467,0.7155395748580899,0.471818746205382,0.5206785565571167
0.9938520114212729,0.969863999079907,0.10723532056756857,0.7777014085515711
0.9705803133771735,0.021115541682801497,0.8633065198080332,0.054558515051879586
0.8002583511325868,0.45130648612413493,0.9621131625729896,0.6806972938112409
0.6018171214054674,0.4298542761049372,0.130908738007955,1.1035288688178797
0.7649598604516815,0.7800699914779802,0.007117528273487439,0.07205294988017652
0.16922544658417793,0.018538498820843352,0.5985611586298457,0.607396134416715
0.2930232318194398,0.579852856890478,0.9438516039298102,0.40879200759531265
0.5240668753003642,0.2788243165974974,0.3866690496410734,0.745302425962075
0.3566242811227589,0.4765785224716641,0.264916157825282,0.6075272296500979
0.04567896524540005,0.7172544240447256,0.4830476945078458,0.7541914186202494
0.9831534453572127,0.6298960406438773,0.417481312940605,1.2339111233945381
0.4413549193548467,0.24619640901093431,0.2991113840379652,0.5411754602272807
0.5040004393791526,0.2054060127343308,0.8324765945664999,0.8426485816102971
0.32354131753469884,0.8506564028121215,0.9060522967972674,0.38619374107240434
0.25974475274713704,0.5075354593210375,0.2060358603317467,0.6894596479125563
0.3868898853207624,0.9795599539218003,0.02953225635037937,0.1226825185231275
0.8320168996345009,0.6635207170549483,0.567692596118352,0.809675140827818
0.7367470562871129,0.22567160147062082,0.5982073034627587,0.7947306180323095
0.37921056694163746,0.1693611675274076,0.20402886057275949,0.5689688087637392
0.01301733669455063,0.3242624197132037,0.06551124093519645,0.36865812268841525
0.7974049390325936,0.763685054150652,0.13817875922411849,0.8541894960825499
0.2693887975963012,0.4602584519420009,0.31813275605395375,1.0955393580153947
0.5826848885290346,0.5679286836949885,0.3069695238027538,1.0174301248915112
0.025550941849692754,0.5952058282638808,0.08103692934752671,0.6431041146379155
0.6622020192683258,0.1745637138837336,0.3582417179467111,0.24329410414411345
0.3875234258732815,0.34316919790052425,0.7880642381872125,0.4889098215831865
0.49707379873451263,0.2945036826831191,0.2195054005474747,0.35120242495729725
0.4149058373746872,0.9362808605548839,0.04374880665075365,0.34038266694549113
0.3508719013016405,0.007554776276909814,0.4125382464336945,0.9492225621341651
0.5509779053244193,0.9561787972184321,0.25000202032891305,0.5354009329170153
0.9729106898748249,0.1411820503327439,0.6521913047541466,0.6854246754865416
0.11277621523807146,0.5441323298725129,0.3745099524998543,0.9781854173882708
0.3132585284297136,0.2625568762357756,0.9577352235209875,0.4580612321459191
0.04179770981531006,0.30441662931573577,0.7559246478886926,0.8343257769842801
0.7383997586209003,0.7626648292081758,0.7122247913291506,0.9538184031249752
0.657512387659044,0.6910556395190345,0.05197115201721347,1.0138568162117183
0.21463574639995364,0.7653961069359149,0.30903532301124537,1.1932248772091119
0.4167534401953371,0.18904678120773177,0.49360307752604593,0.9717508274328414
0.643841934148195,0.20276088811928727,0.9020670632757546,0.9360260649339802
0.6614813267154414,0.7577139778984489,0.9512692609798797,0.7069721261534643
0.1704771334837707,0.12128531739603754,0.0034501888206290854,0.5869348593024233
0.8816522357485486,0.9072002945028561,0.6212079722232637,1.0505573937700508
0.7780081598084683,0.9237278685548937,0.9217886040669904,0.8390398372847547
0.133954208171691,0.5051445689963595,0.700388660094499,0.8307180424060977
0.8689166264320788,0.7032941537203996,0.7891716530279597,1.3407590219664676
0.7487778782768545,0.33448767151170766,0.13681834894107348,0.6453709827532912
0.7985856540990809,0.6367722605778523,0.3478416848983894,1.327059038153549
0.5433452305839027,0.025020820024009516,0.04263141875007925,0.6812716223529808
0.2208379150614619,0.21928083139252896,0.30605948485098267,1.2165306834817007
0.9184586465896005,0.4537084652911998,0.8620475024210076,0.6695965664975407
0.5920845776663763,0.4902183892077625,0.5673218902605522,0.678359180532934
0.34623790945514643,0.9857320408866141,0.965139097388405,0.5186374310409488
0.26377852928001977,0.9989014321048791,0.03235971521424086,0.33181026012208514
0.913915477165132,0.12309734611495737,0.4916076626043152,0.2520812157011679
0.4197354613068207,0.27615520267600935,0.6455541757300958,0.8434355589138126
0.5401915156671309,0.08258583479391357,0.004325771486341834,0.4006597636942839
0.6084421578050496,0.3414169186629845,0.49626787790035765,0.42928557598533845
0.826249828434158,0.9489179993614694,0.06159150927447499,0.5737482451136668
0.6235631845621308,0.5697826073002427,0.602693822770767,0.9593788329810201
0.17671216158442604,0.03995352117594386,0.8242811603983177,0.8756040391583467
0.5912573526535458,0.5206310638278737,0.5057990927722958,0.9710247908421746
0.48926616699485914,0.9330973092437727,0.8487743569641097,1.274262976068122
0.5479077800903767,0.972793817486426,0.613687632392753,1.540199093404667
0.6995206197905481,0.9118584240014497,0.3482081423951192,1.2058103777729219
0.24581116390413071,0.7592627558464896,0.8679182525720361,1.2291712381229214
0.1866271455864802,0.2515639482272698,0.4821600052277484,0.6203160214146356
0.11058314779616107,0.9005556371818463,0.7701739235203181,1.0659719327815464
0.2740592525360537,0.2971707938978475,0.7407512612151116,1.2567319549049896
0.010250039399590904,0.877628861896351,0.44703697693707023,0.20791634382328672
0.6293597228295822,0.04139800524035486,0.5081819019735963,0.8269923804719332
0.29517230521974247,0.05641115430945254,0.6345936019749381,0.7068100468697301
0.18728654470189776,0.8031589867972329,0.8881534016090464,0.2617283574285747
0.09528805226080372,0.10670862785960422,0.17454930220627796,0.22636691466237424
0.28375580746525464,0.4392071923252936,0.9947330267466142,0.31596667035742754
0.21492438413069526,0.34315553644973706,0.10630530607835442,0.5846668712254844
0.2856037339109023,0.27790752385662365,0.14057583414879327,0.6261921566375849
0.471409857469679,0.36205125507509506,0.017814271647012103,0.9651813286335887
0.549496821088408,0.48566179784320085,0.1805775887794282,0.46515130021927276
0.8451131155747016,0.8364316822527514,0.7696815609328733,1.2370474525608801
0.9885097007841643,0.6171837122570896,0.727594501982826,1.4722072236518866
0.04886808622935135,0.9073682661518652,0.88971193449611,0.7206732444928183
0.23211825143616394,0.836709543976489,0.6950725160595437,0.8726990002746913
0.6433114272482352,0.14613108183789736,0.5221333585545759,0.20152963291783155
0.1614665628916767,0.4227643149943233,0.20518178920493968,0.7498933177511572
0.8701458933690015,0.5330131236354042,0.766563584571238,0.9594125939370561
0.21740242630502593,0.2557577719987282,0.7902621877843973,0.3278389401473194
0.741755038883449,0.5662862341161665,0.3390527242955752,0.888199846226039
0.6530205132311011,0.974220864213858,0.4231387490245473,0.6285300417865458
0.7988855115046296,0.2252204208518077,0.5353155192380548,0.493315205062712
0.031247562265261597,0.7845627794160681,0.044613890625731845,0.8435055667734443
0.22957402874434518,0.9949487819054583,0.7479227239869437,0.5143816092676602
0.7046274991204592,0.2540566981138993,0.5416677746127401,0.9996115713143745
0.08756250900112283,0.856061493917877,0.022292761963034313,0.9972644486092794
0.03058948319431931,0.17390205400411862,0.26102242876174675,0.6634110124508776
0.35713493369956073,0.9220077491054214,0.3478273032419542,0.37368087541598927
0.5897819914717638,0.3042138252965325,0.7550587504863738,0.5083572529099979
0.05222272738416023,0.27801032294143313,0.26332011437323977,0.5259320075513569
0.06566366620637754,0.9047349421426053,0.8636341707984582,0.3766371097828046
0.043501186059715646,0.291166990346138,0.07431388452582699,0.767873638538999
0.3951507584675038,0.222095479412585,0.08450917913426881,0.7624772337283415
0.6684270460160577,0.3093356093422399,0.981820661832629,0.6669426654962944
0.1980271118161696,0.6734649174318738,0.6746960478424022,0.9548435485234384
0.8762664517041591,0.02161845651853711,0.7470472529484813,0.2573080842059585
0.4323890954448474,0.15381638652382468,0.942860303850435,0.6792497960638597
0.6196414637099646,0.11093114119395475,0.2533490131337037,0.6224293536548827
0.2904267429349884,0.5233251702256639,0.7912344910017737,1.2307515723365086
0.6152545734642763,0.051286450197073896,0.3805116097748027,0.25362959339221414
0.9536599623823226,0.920648938392358,0.7800415981330211,0.7916371527044603
0.44801471652408964,0.468311911255461,0.7845719403009299,0.7280002369839756
0.20704983825331424,0.6152140783059646,0.029905561986186324,0.6812108807511243
0.42536729190538647,0.20067580306646204,0.13487531006805487,0.16751698866281584
0.4445742647637577,0.6958544411747163,0.35778350192444985,1.1303559096370885
0.5076174866719614,0.023979082144241715,0.533963277015889,0.5396162906312498
0.5257332498109579,0.07851153518255694,0.9213867550857243,0.895076833399089
0.042429191882546125,0.9126258822700576,0.32192594684078235,0.678880093515479
0.16441908617012002,0.21504957797656044,0.02713571545561899,0.2880351961847293
0.45022717961737324,0.49032382930724905,0.860585168215913,0.9697927592882969
0.7079711706189208,0.5231138754089475,0.7069421680078437,1.1706022508804816
0.7775879083055336,0.18536888487412606,0.6882195269724012,0.43063119500067937
0.7771029994696447,0.5894972138117053,0.40481912675232556,0.9483497794245418
0.5027787525092214,0.2612796866248742,0.9231376235912895,1.1385680329557233
0.9567475933072476,0.6557249640502378,0.1469728657987197,0.5666938007260811
0.33187371253987585,0.25723663639619876,0.6234618901398883,0.5165912313886015
0.4814581623460332,0.4325020296041092,0.9067019200832032,1.3568240237505593
0.7483739993410363,0.5007597434264429,0.008030546602505129,0.671263338811327
0.8578395184395139,0.01938608172984757,0.5039226453211931,0.4594203239491954
0.4144600551329115,0.10865334583091157,0.827054263719971,0.9770445076322275
0.8486845142673234,0.08844196896568135,0.31264174880287043,0.24671220786822223
0.4445709417507092,0.4503698726680917,0.4540520967879794,0.45648769861161653
0.7157470842863543,0.5375232153637409,0.9930643179854179,1.2729585657504512
0.008448363578819729,0.976773268744416,0.6368705525229312,0.2881378108865241
0.025201423670748957,0.34494533901616387,0.06107615202176642,0.45267061106926276
0.9404504935420885,0.17885534208559006,0.5370388837972353,0.28946021876778116
0.10213794823119349,0.9671928129805215,0.6630332847077062,0.8853341841194026
0.6619677904397077,0.5356013908208341,0.7918548237386701,0.67075970741204
0.2832587438211208,0.9626562838855123,0.03870002023586372,0.35191647523673597
0.2008423437754454,0.35170912250707953,0.46208257444703416,0.46370292021736137
0.3883341821147591,0.07446317241651623,0.46735259639734383,0.3937050969663527
0.9259015965084992,0.45400877727484146,0.21206358230777222,0.5033657105521319
0.5702742097507191,0.9789061753822561,0.9506869454558853,1.2821359901133698
0.9167146119578825,0.07154198732719408,0.053023554067737066,0.63825512626631
0.7022642408197249,0.4758214311000296,0.8790419768415526,0.5839164041074375
0.501216451687087,0.8487979759362574,0.2558117338035413,0.9461153741005947
0.5060868335126388,0.21098669974021333,0.6272408984062869,1.0967668832395154
0.21882078632937274,0.7921599611029504,0.9329784863813674,0.2764018553617973
0.004663522735049885,0.06465066494478566,0.7536978493448163,0.2331248191735844
0.4178362440027158,0.314718079482574,0.9028028798016742,0.41897042811624396
0.5633761103390351,0.17067347992067683,0.6871227582901331,0.487654264066154
0.8765618684233271,0.9743510099518713,0.6559393994676592,0.6899966580856706
0.6775848402279094,0.6068531894491115,0.5546468735101213,1.119317324068532
0.8423330461034713,0.2789200519686732,0.7381018416436796,1.1643526994293487
0.92616128692492,0.9224811374351783,0.08943268026471929,0.4858445080470316
0.9411158736336223,0.5538729156996215,0.22543883555140665,1.141590966590811
0.816019151924394,0.3560683292567989,0.37389672371869853,0.8174637265459823
0.13139460547944382,0.7087192638539781,0.0502071065698948,0.33584815418028513
0.346630014990264,0.6749891840730818,0.15978573887284908,0.26923019936442505
0.2085024945255225,0.9622424982296733,0.7241642738584452,1.19416301589151
0.8673815371565234,0.06121882889447472,0.38193039977878196,0.5779767326683998
0.7923302193062579,0.8772470709191594,0.3809959525671085,0.6947280376430675
0.3490016406838594,0.6518393007874765,0.7175082275513026,0.6346717243587118
0.5691405320556354,0.1535448035410205,0.41710080849946674,0.6859157551258619
0.8051315402557015,0.40760415660311733,0.9125109533680538,1.1196320961026396
0.8331612447339762,0.05687286478947051,0.26624294954422945,0.33208813739859655
0.205793676950072,0.8705106007648173,0.7419226123419567,0.6312702278446084
0.7306802005261156,0.10021758529747926,0.7075028867492481,0.9034059363613902
0.803414164159449,0.2192781663287311,0.9373420553962635,0.5390938117685881
0.04312903635336274,0.7086797565914607,0.2553743360105274,0.31942987776003373
0.10718740423157991,0.7609607187295762,0.9591550186760195,0.15358720520921176
0.43508364985882764,0.21703341777258933,0.3618493187267602,0.5668122908075593
0.2208812218607441,0.15526877168262343,0.005333700088714255,0.6752242142425522
0.8806220661656807,0.025174426572427744,0.293760401660341,0.2606468233885225
0.7196875377244113,0.0798857657377745,0.17437868610933338,1.048024360640305
0.713007293546981,0.8823524553851979,0.5303458345877718,1.4808545286088477
0.769859656992702,0.17912201269364458,0.029437191039006216,0.5476890141849401
0.33074702616940477,0.4035790164957055,0.15441959249070925,0.7612925268849557
0.2286102518330989,0.7700354300209138,0.9535392272346491,1.1516268046591156
0.6263439592010264,0.983078121355758,0.588776199319273,1.5676391287656901
0.41447924952538917,0.872512057115136,0.5925745829137881,0.9287249538553477
0.9367810722341859,0.9227803485581098,0.5842333268474613,1.311496659082841
0.6424524189027923,0.8319938239888064,0.7187030378414203,0.7527801566920225
0.3869003430123682,0.3488546689889851,0.28411608451967574,0.606641064009534
0.8551196608041906,0.637171171046398,0.7225352335640746,1.5225060291666295
0.38079258371620806,0.7072908114399099,0.8594571991197921,1.0331876720705258
0.1783098277777202,0.41279721958337434,0.527153105665546,0.8829417623079593
0.7816594256660814,0.6033656921993164,0.12919298362983755,0.32736941363791705
0.4722085874158014,0.9708656283837974,0.7300712705013075,0.6525032190016887
0.2594804044042771,0.3266196688921018,0.7008684785509278,1.1720066679574166
0.692399245881231,0.9205250328911312,0.9142776235559196,1.4275668942543827
0.9804850789987785,0.987334243450504,0.07422044081291979,0.7647912131079384
0.24625358896778982,0.5869497045842165,0.6838218938794056,1.1740474710649456
0.7902438025940453,0.9150484707247769,0.08416303163763705,0.7242294436630657
0.7623352442240589,0.7436668469623151,0.19761761930130706,0.6887057964604687
0.120039792177414,0.7187416581258436,0.931262052499955,0.6683510175791479
0.8389025945590006,0.11314478547447981,0.8538119903837167,0.7924238155296649
0.4617389047565317,0.7462805298929434,0.9738104958983149,1.2818499435326003
0.12578138255308757,0.17895601800448357,0.33246683201375404,0.8846000808183541
0.5363434730960686,0.75700372516498,0.42394876736796594,1.0411132911453262
0.296512750794629,0.05977993503038137,0.9328787872661513,0.8828547927250603
0.1757241932567306,0.8760246867964564,0.9328887313023935,0.5520556493426353
0.07923817070079964,0.1869048762319523,0.09784980129109788,0.6616654241164159
0.19889909182949916,0.8581534369975184,0.031642459945423806,0.18602174644577707
0.42958861905641377,0.8955238779970862,0.1878332556682305,0.29128420658662035
0.6418117636288316,0.10243696636939792,0.5175755413792663,1.0183467842763636
0.0873791787897964,0.11582891576771637,0.06285221373321825,0.989492551178106
0.7157305877709652,0.9751069314166164,0.7569821792105493,0.9345411610793782
0.10174481096338206,0.9842164375946953,0.612947961547249,0.3166381912969811
0.17559907090882187,0.09629147700576624,0.3619762753247413,0.533531538664377
0.7133215621574106,0.6360091011696337,0.5952000392007745,0.8473343526723566
0.8852636744104891,0.3692925815043382,0.9409528498498968,0.5579606068279552
0.9831383610430723,0.05897309923237126,0.08766962585910876,0.35711882349614377
0.6529069507012145,0.851773099405998,0.6636892306926976,0.7671492892352201
0.4777363530063754,0.6635825751903961,0.793880523820291,0.6135368085952133
0.08778755488499446,0.06054717222705441,0.9172911492431632,0.7177265665720801
0.5589507946972767,0.4533136923378812,0.18057517602844042,0.36653739137003805
0.18115022940864645,0.4067994507499837,0.763089093506673,0.8758859722386376
0.5144020604712206,0.9849930426685167,0.5949285052044998,0.6810263833305408
0.6089301489343916,0.9945513275148214,0.57908295109105,1.1353870151907859
0.8332124901226042,0.22660684015340204,0.6918347335826038,0.31657034994832567
0.3237505822561465,0.7630792691990627,0.031680429691874346,0.42023312131715296
0.9888620933197065,0.6627363461417665,0.44537062744807776,0.8597417355922035
0.9949502599677932,0.43432350675659837,0.04128981673452836,0.4486427348975376
0.8261508194397967,0.5757737318442022,0.9340069277679172,1.5466262072204429
0.6941525454251833,0.41019613749988737,0.8948372698735717,0.944201460539662
0.7336697980969766,0.03922930544180436,0.7450016052509747,0.6628342684885453
0.8752688098046626,0.7548741134227136,0.6901151055732239,0.7069659446225396
0.9515101483457323,0.7956853436169737,0.435152116904753,0.6788995157726319
0.8522629265975512,0.9351169796032696,0.6048595613772463,1.300737363038747
0.6409386397788642,0.5210831657525586,0.6781798307319347,0.5284671441454898
0.0734983847144366,0.06659197371002379,0.056971079796814705,0.8140482945877727
0.6233847142958386,0.9266612943989905,0.9376334685734317,1.5079872127257206
0.35321389178551854,0.25105930810308763,0.825224375969669,1.1101083674329146
0.16477862322429637,0.13183592100848873,0.06832803771125029,0.33208890620017284
0.8931661865670434,0.14526041554983027,0.5642713877653039,1.0243216948708453
0.8248904812066794,0.5911642232160732,0.6303288358398373,0.8575491825781915
0.5266384238528333,0.3907620254434486,0.10858731705494229,0.8933801299884695
0.46344925615357246,0.7080392172175308,0.1520412640341734,0.5295053585928684
0.4893012881271256,0.08336799588508903,0.8702167383389621,0.11617875890793317
0.260720019719452,0.016463627944616865,0.3979521100580907,0.13588774729503994
0.4026379231331474,0.9602641195016774,0.4891705329272673,0.5139423972900087
0.43666987972703,0.09079350398567065,0.6622951785009996,0.8960006294704916
0.015056134248370046,0.34563322130554663,0.6775849781918636,0.22737334904734408
0.8929058830787158,0.018786640914138508,0.3026315081556822,0.8614931308511896
0.029149317847511735,0.8834646552185981,0.3963448322484783,0.5080761757547312
0.37289288401172616,0.8468417761533426,0.3187257307813801,0.5863931029303591
0.09587331469277216,0.5885497850933615,0.22745555233259318,0.17123592565673385
0.19696432035003852,0.15862831711931558,0.8748701595171129,1.0405654402631903
0.9424206123971431,0.8015171578227176,0.5117930181293644,0.6058489728521885
0.37127117166789636,0.06764186136124983,0.7207375392265123,0.2284405594145893
0.729000801821477,0.45711194921234644,0.7631639903391741,0.740703934236622
0.1261601086290215,0.31582802419625033,0.6584958560966718,0.9081950183605171
0.25128292170720934,0.9971353677713837,0.9442813024876678,0.9904557312248068
0.8812352971212315,0.9777412921273239,0.5990205048894396,1.347825410476723
0.9032961504890155,0.8310791968302008,0.5600494298883845,0.8496054838468975
0.287635258215888,0.45105884323889944,0.4507961236761965,0.8588171179900669
0.9671131315122963,0.5025998963131021,0.1319863484481828,0.2148670238743683
0.668099335625191,0.5515948504838977,0.8267733146508544,0.7407959524245198
0.5030067735343265,0.5590255353420015,0.6988813973115804,0.5101960436084083
0.3780024086485555,0.1820855383651998,0.09185258057118795,1.032194929946518
0.3373682942964583,0.20128193796714355,0.7009847272292863,1.1920858606386115
0.9520107050830011,0.7061384693927251,0.08941026278473885,0.46123531502777293
0.6933338285892229,0.8461625000071702,0.2421748129674275,1.17951413140653
0.5341017000733372,0.9595108930694833,0.38831842021346774,0.6110221302652918
0.04348969793627744,0.7608453487966739,0.2261295271251642,0.5642419265917021
0.24755087562254052,0.5548347357241061,0.24696784233805735,0.786032954726497
0.9431707226672083,0.08557705285156003,0.6652989525148492,0.0891884618144746
0.5568601662432533,0.08553468129012853,0.9480399628743684,0.2316942019628202
0.35751823235523206,0.1525773263281387,0.7574906145123093,1.035906062686523
0.009450374137899287,0.7061830349266728,0.12234398957532233,0.8768664398660362
0.25354826722492296,0.27816307754371317,0.4747373797530834,0.33332293754561926
0.2542266901505368,0.4232516877942616,0.04629214227638201,0.6250106403249518
0.1706855260340261,0.15242061474184665,0.8902931517899296,0.48029435629230355
0.3449799596771912,0.23682101532055888,0.23917209657572214,0.6249362427486002
0.20264905134772382,0.370854627417906,0.43189799846359567,0.29888876289135824
0.06290154018084104,0.613431548343788,0.09446850079258995,0.8644352817680336
0.0979603958862586,0.9777073190895147,0.12904256605068387,0.9410952526794928
0.4967275023141151,0.1271867454253358,0.489505698209557,0.5253202029810441
0.06966059041244543,0.29327583258718726,0.18032350059256308,0.5221405653350002
0.9351535633514884,0.9966047711983431,0.8837256063097197,1.0546648927085707
0.20609763517058366,0.8831293534666796,0.2708245995694841,0.973439187823991
0.4642123499590466,0.9555219019503374,0.6916095544118324,1.166165487852746
0.4146682571066369,0.5291447032361347,0.3856981549300942,0.4933949110517659
0.2913377184329823,0.23577183369001986,0.39689912005815386,0.8988315011523004
0.3235285148200442,0.20146370949857606,0.07264449176479781,0.6254584827462145
0.21159758341613977,0.8038763880498134,0.6712507702598439,0.88323963619158
0.28026828777019874,0.9314150208726029,0.5897874468465968,1.0920180450350516
0.11710503569658959,0.6168999775150803,0.12443710092527738,0.7995822760642344
0.689251874777544,0.6864102624377016,0.6566952272017126,0.8793410555671196
0.6445261893744574,0.8836965141073494,0.5714863167622573,0.8987386573345323
0.3115294033429846,0.2573586927235978,0.35753339576016285,0.9326298192578192
0.8802989561574968,0.5814751842792757,0.7727996201338115,0.9601690492876426
0.38637572509456086,0.5666544518691761,0.3818570113088007,0.5971445055023338
0.6110893003188685,0.9228900617161986,0.7292773318832091,1.208826358218056
0.5231693261751952,0.3237633509129815,0.1827838698395411,1.089691827115036
0.3250568036101299,0.13800258655876674,0.061356193457151265,0.19587997046902927
0.9297904230651627,0.10377387109076719,0.8625899909013856,0.22796815041456686
0.8482014089963038,0.2831060911725637,0.6966999673030684,0.44081721731619194
0.841122948019908,0.0649859475129515,0.526162191766189,0.26779833744735737
0.9542886365563277,0.3063448907148921,0.21090559992192714,1.1778999194069224
0.0024824262680964715,0.5785052900834474,0.07051371353839309,0.5166244333050385
0.492119100230627,0.44594929277880535,0.8341073343263684,0.5892540531186022
0.9379131190646037,0.6452426690832229,0.08103312053060396,0.15507221311251063
0.134426759823139,0.5240662881344398,0.056882447904698985,1.0275754214336035
0.24499413841416973,0.7568297787825465,0.6520956801457399,0.6992457106918181
0.505061920577141,0.4525681251711432,0.5067913853891886,0.6270646851815848
0.6784215098218827,0.773753077736802,0.0027179580608985843,0.8532588514590922
0.3327599576169492,0.4738691697783355,0.13845530350323632,0.9740986136520029
0.30636467159000724,0.7262129746825056,0.8091667176166648,0.9617246498844145
0.775797911221549,0.7749964549109706,0.25289969857214156,0.84846091317123
0.03285393822844762,0.8543417343178005,0.7163594501045019,0.9884376729212104
0.785797862521729,0.1610842600216007,0.05435782601860206,0.7399083983157057
0.4285402814602093,0.723303508772563,0.7300351123536756,0.6374595941484797
0.6290094571685604,0.01098044027560019,0.2819549480381044,0.06441728298003246
0.7055030249067997,0.3999303506802149,0.6646058047636411,0.9591594256012351
0.09846862942141765,0.5656084540571171,0.6726216052422327,0.8413496397196844
0.9038461648748866,0.02950849020542945,0.4241514289127092,0.9179020522353738
0.8223124686177459,0.03839080535109174,0.43044580117169096,0.6463706089707514
0.37538143725374984,0.2392693967712035,0.862630307307992,0.5682537561430241
0.1947943284958592,0.35513543644601175,0.4763627878439105,1.158633223135528
0.06280543805583938,0.700447181628089,0.37227593836045436,0.14315231182822352
0.30860892614021473,0.19060012452771735,0.8986593913615232,1.112516615450386
0.713191960602056,0.3962357370984444,0.7036102288276165,0.7726941202268954
0.813181716179893,0.9053251013139051,0.41634340773263057,1.2476545884821146
0.3265883012172395,0.3226395533962457,0.37890865375428207,1.309553557188226
0.220289886607821,0.7656756461096179,0.7352553466872606,0.3463392166455804
0.3273941836465408,0.5855896859328722,0.08944204272081446,0.9837803567894534
0.9643668363057485,0.05330102178514806,0.21745493448319575,0.2655285617827752
0.09609070017703092,0.9727510194643018,0.5484539072367949,0.40965872990869356
0.162183447643939,0.11029362498230011,0.6423766324856535,0.7336530294435596
0.6942391189527605,0.3417346339622326,0.31493776072026336,0.9558092832412903
0.13976349904776564,0.9519059159905053,0.737744535775527,0.8470034481835874
0.26662589262979464,0.24325414220739272,0.32693659681269904,0.9506845811156517
0.8031758724580768,0.9493265061054369,0.9574609585038331,1.0724453977090884
0.3006117838583663,0.6605040628359643,0.9476658940992779,1.08888042600581
0.5970165488712548,0.1922327196864716,0.6642618488712775,0.5631213099293272
0.5728122877653568,0.14124913932576544,0.9895274235156163,0.5396981612695885
0.2654434715786691,0.9820499721840055,0.8607868139360152,0.2750418928913384
0.24873428889263027,0.4483066243513788,0.12259064327151004,1.1012612450475983
0.28967549066201626,0.7304973148993377,0.4749485041956042,0.7796229134516264
0.8759400724240313,0.1327531985154624,0.3202902874480844,0.624373606192377
0.018758146770764816,0.5067811704531778,0.7227378967756498,0.1899085872770524
0.09163641211230289,0.09455646045669042,0.7199523037907347,0.971264005486033
0.3412099591542521,0.4961381990371372,0.007002808009228034,0.3094157901978738
0.22030165511965094,0.009823190306610607,0.33072315622646553,0.12565584453146583
0.5628573989157202,0.04178778226464486,0.42720448843835857,0.14697268712686096
0.5394610945743267,0.9140586072444268,0.6620247046645646,1.3320850725723625
0.49536200280432574,0.8895819112284482,0.9547887698555313,0.6755659659605768
0.30075307000335416,0.772571384180568,0.20366040532164742,0.7022854545643661
0.5114487253382032,0.5295419776965392,0.2755523393230529,0.8896906697773925
0.7862285167515535,0.16635181584779124,0.9540057165018414,1.0649066079513956
0.8125055814922135,0.7382068609150509,0.24680178934356845,1.1756416992414689
0.5328408874958466,0.2140989559232599,0.07806236045522275,0.15600052074107706
0.806335214410517,0.05801608036285488,0.7406996171230773,1.0556390881836273
0.034275479609645165,0.31568076154898317,0.6475848015659241,0.4113566440819404
0.15406612089950988,0.585526333667859,0.16596035936767506,0.9847290873036886
0.7481850276686759,0.5818272898418394,0.647526723256377,0.582953127275191
0.38486989722228293,0.8312495028531044,0.8651852084314146,0.4485984804680393
0.31789849019534366,0.391949383589148,0.6141701971990381,0.5793023566384274
0.5720088129669858,0.1496227388369471,0.8955791439141166,0.8318541635698855
0.3724205151363791,0.039740801346274,0.9499256541860834,0.4427245927740877
0.9095299099914621,0.19801348817374298,0.7972000828505705,0.9904085216526037
0.3869712250229682,0.9342182304429377,0.6133999903788548,0.629439348695407
0.8362491954172746,0.03721911401043221,0.6927340456074897,0.2616087389776771
0.6017637200942211,0.638262019261747,0.8439818932129544,1.4101954024649734
0.9120187774422991,0.4364640178003395,0.396729784656063,0.6161092982969953
0.4840535743546751,0.18704884294134094,0.13304450164124604,1.0105644510715313
0.9585140665956837,0.6736933743788347,0.7672441353644406,1.269567501081041
0.5767096604529512,0.5948238896928395,0.32779550504050303,0.5585933374260613
0.027744297986087574,0.06684591565806008,0.09615089802370924,0.8515965713241226
0.7388708492176713,0.6639109688369075,0.439287693083649,1.2840771174314909
0.8614007965823308,0.07640023360960146,0.34248186246872236,0.4958507097447725
0.09855000940345082,0.2237375658463352,0.25003223340547076,0.7050642488787208
0.9634430408445729,0.5696313008904725,0.42122717361503137,1.0622979306263272
0.5634260361016372,0.7163218078301123,0.25463757360202643,0.5468922487145039
0.7407019109377186,0.5783165626977332,0.2843378065443233,1.0301093620947164
0.22400131801270218,0.8976681706338911,0.9753564173633189,0.7864972046945161
0.9411824956874715,0.7003775126869206,0.11436992096590581,0.5158204711126853
0.6433284592958726,0.9700233373007057,0.4756548810968134,0.52747856835738
0.543318637933006,0.27432824305040726,0.22371092327564268,0.23450516806081023
0.9613901971756731,0.9848298418897139,0.9104238234787714,0.9953509341365993
0.5569687326666585,0.194559416302169,0.7490769734526945,1.0810808864254682
0.5316683919455354,0.1926463418262383,0.4462397302659762,0.2860269505831933
0.044766962053024884,0.18978030620228603,0.854824571508117,0.5219480234941642
0.5463889699642912,0.11805619653116417,0.5050789949922773,1.047884031701467
0.7443608893284424,0.6255413817104741,0.027538451815869558,0.49218398554134224
0.36840323003201225,0.00452812534931446,0.6419328894643679,0.16693519140479152
0.6793260135812208,0.8075714190297948,0.6115922017665754,1.5934248033784466
0.5641078118839661,0.5990403645023467,0.7613908131026882,0.6630763097244124
0.20797501638302762,0.3028670860740901,0.1403034601732155,0.5474764600387216
0.5468139231215755,0.8908615623178063,0.942641672362464,1.4423330219285417
0.4759887408792546,0.8428253374360226,0.3836875839008679,0.7869713833047141
0.3377196207061569,0.6317201622209833,0.48142445283460655,0.723393889483203
0.6626352006348812,0.07565070652299377,0.3924219726917013,0.6178493513838522
0.06115376859333066,0.9648365327076297,0.9943883988973743,0.5878136962610035
0.37277142561922716,0.6186351410071623,0.249964311918476,1.1862895212532891
0.434109346885466,0.8939828050969089,0.7860862961726404,0.8344102740151125
0.973867621457174,0.1629846104349436,0.953235807086719,0.7158398705781785
0.6981993545703531,0.027170927787304233,0.484624084636596,0.08149500857373171
0.6257886201294437,0.29920871572082997,0.4908510338154948,0.6878979336096455
0.15594451246101437,0.7837014145265061,0.13907352798594053,0.28436364251170076
0.43509242639066503,0.8233710978025709,0.6491009608444304,0.8505805479208529
0.37123509889437645,0.8894453606733479,0.6479468731516759,0.5331495191980665
0.9403975501846134,0.3525664448777268,0.7413620545396143,0.7159417966113072
0.45281763118207685,0.8181094217496508,0.8399952797940451,0.9946742701092441
0.8550999869224472,0.15502080009570718,0.9991707364674326,0.6625666983889874
0.6536118514130062,0.5495727697039756,0.6548875645026261,0.5845369718165567
0.8792869554171544,0.05064207969796819,0.7372471298057349,0.6611933841578506
0.003335444799077214,0.7200092019711091,0.7905156365963498,0.5034415592688227
0.9247882362767179,0.36200960420931594,0.1462854750825705,0.6666915472055492
0.9512937542798096,0.10787958693427202,0.376948556458209,0.9850900867878366
0.15493551669335204,0.6649415914488057,0.34587437554087996,0.5623308554880259
0.06571067605898173,0.4260046393382785,0.7486384653632656,0.06634472307268924
0.3172833574910473,0.3192795013783305,0.9580585995199977,0.557277632666777
0.5855554498775786,0.36498943050900834,0.1356796576939746,0.5742760727050013
0.5241313450448837,0.7649501817329514,0.9069022295171417,0.632751931216032
0.4351226187451721,0.40791733627633986,0.7034262469903074,1.0136693566700055
0.9126771525142097,0.880751715284717,0.5568923843338476,0.804873120321786
0.5699766519925502,0.15268904057496224,0.1465493732504929,0.3799251139622907
0.9341367486942813,0.3869828259758974,0.5686870444712626,0.6213427499990675
0.5761543540560689,0.8691194927537582,0.952380415667453,1.3757181351101173
0.18518019414953268,0.5971806701265638,0.4468085048392466,0.500796242813364
0.9820787088866881,0.7248740856147611,0.5573173396753934,0.8611438456383885
0.9985032604111037,0.8405134753618568,0.8769241756481135,0.9106568444788994
0.44646810833355155,0.5250928301459313,0.5931327553300718,1.1950506434788184
0.7624305583027201,0.12325240249941471,0.6483905092111409,0.7339020639430777
0.6365634181845816,0.32323156569299905,0.20092561340695192,1.1706747117274183
0.18524397491309819,0.26503623252715025,0.8568839008389428,0.29817037407765457
0.5792019600682361,0.15531825505435604,0.4806163060378422,0.6895750349155787
0.6542419346310836,0.6054035416997009,0.6093990578645275,1.015376084258215
0.593740370195616,0.21373215586563332,0.12212957012804015,0.8246939072932228
0.5414766389935005,0.8617310473093797,0.37510978083393787,1.0652273377846098
0.5918790685357836,0.4550884706590207,0.2724435778118145,0.4609997428160685
0.7089911722935779,0.8025280225021715,0.5341526137081112,1.2625107927158719
0.7709779736613112,0.8463532341233977,0.27313219883007145,0.9903269003899102
0.08905019629775435,0.6602197691937965,0.5767947314114041,1.0039253868162286
0.9134954904132798,0.8189385422102167,0.25870803062754477,0.4596633122871798
0.4496250050577455,0.7894837855239514,0.607792324442473,1.3326904951198386
0.6966211158111947,0.5792731001823866,0.3547572259837345,0.36354877834242616
0.38763904916671943,0.32725255603013104,0.2611271551323133,1.1246823984251983
0.051057148754760195,0.4122668486762391,0.07503312496937198,0.41532673524459385
0.6636412576192515,0.3035711163680055,0.740084352178572,0.786892183917873
0.3656605641488656,0.483939077761082,0.4200840828748572,1.2373319974138055
0.5527799601314446,0.40272426327169353,0.13233416770481676,0.7654340942762747
0.26658984055727786,0.3325105537973342,0.06268189264523538,0.6983824248769573
0.203876080671906,0.11181067038989956,0.8657269028421914,0.7073926578688503
0.2962049538125301,0.41341645240454605,0.30912140540834765,0.7386658908435466
0.8418676325919996,0.13972210807007723,0.5553108828473655,0.9487933895889402
0.9240151916739524,0.3638836972108672,0.48372584891593906,0.6854014316962711
0.9785835876003031,0.10759329522482952,0.8403164724595528,0.9807456887103766
0.41433094736622267,0.3832368978954336,0.5036300694331022,1.3814805733820448
0.7731865694302109,0.5376921419053899,0.41952739913921144,0.4257736235473415
0.16805312059048538,0.0745157790371539,0.08115081899668819,0.509267284281369
0.7442558911563787,0.25685348728515645,0.2994602540612946,1.0637284365540622
0.42420631846614054,0.4265460662048681,0.8365383609970402,0.8272102502064415
0.8440920891688768,0.2726386736211913,0.913979567958181,0.9205551662950251
0.19702025905972786,0.563127386905127,0.14629844177278029,1.1083621770697978
0.8189155413922887,0.8111398698335537,0.2086599788947654,0.37706665082576873
0.07232532311351159,0.7824911556829053,0.5993403143737512,0.8602002977369316
0.8461077117521706,0.20854985861482045,0.9219166416130326,1.0595281922587394
0.42364893643829327,0.19866232208419776,0.09507276709404588,0.27105304173487743
0.14074135541701693,0.558086412229817,0.8654089090847178,0.3475235968556245
0.30591715089675386,0.36673192603326177,0.028673107377892304,0.9788844120307042
0.709361933483824,0.04685253060555894,0.23782136009183452,0.9794058172597985
0.44628496745381185,0.2316349204496928,0.33489555298728513,1.0088229777931694
0.23326435882255137,0.96449570514647,0.9195183502075539,0.6181533012551742
0.2387654951164666,0.9700764270058824,0.45767451712278073,0.38846205613271023
0.6931732530029772,0.3567750214500307,0.8256757133850564,0.719859457381054
0.647769477894342,0.041771290155675156,0.05871553985411726,0.768524505848852
0.06392509607999475,0.7998744622693801,0.7939770280873777,0.3383392248856597
0.8125176994222678,0.28065960585207506,0.3739997957598198,0.8979121418203712
0.14018418316738734,0.05182324709859476,0.9377473046286768,0.5316148466719383
0.24056424441156266,0.24452531959306445,0.9019627599246279,0.7673515914892246
0.013903825184684027,0.1522605852159905,0.433650647769131,0.61596293492593
0.5062548353393338,0.9099279438019557,0.5313241779178869,1.4975557979249619
0.8509320488288052,0.1949193785061203,0.9166097833620132,0.36220060946849664
0.9297370841390666,0.7493386932244818,0.10319670154793426,0.9041291684934484
0.4633097744431629,0.14148801229965036,0.18024719614472595,0.5993775902569392
0.10274927548709478,0.0763367402043047,0.10534807305230076,0.863046657229718
0.47430511575474943,0.37146730846931875,0.8251557472214993,0.768417535636287
0.29045827106306676,0.6101197106678579,0.04882032393654445,0.6735806505142924
0.3093972805382377,0.5313491089100313,0.6727833121076582,1.211119369566077
0.2429590901039319,0.8413980731773891,0.7120600888516229,1.0552906481828792
0.9536915489132354,0.43638731711341194,0.8791262385159903,0.6246601863500953
0.39741032927442943,0.6116596414747387,0.6031515019932971,1.3683239024721747
0.003573433465069109,0.05962037872741266,0.8968795443014628,0.5921309083586198
0.49526216245887733,0.7452351465154097,0.9140251120108362,1.2312475543683263
0.7001977471477516,0.6952079310379957,0.5050556041137036,1.0001191925809607
0.8152703162348696,0.8119199687401314,0.9262866258574125,1.1869411816560784
0.7533868293420831,0.10421726885540927,0.43131086704883614,0.46239665466048363
0.7021622659497585,0.4619852991652891,0.6804721820418277,0.5075240309360332
0.19809562814943382,0.6542397332597086,0.6267359549731565,1.1428240262853755
0.3501053774260956,0.008304725143595815,0.9027876041570887,0.6333039463914969
0.4594720626912786,0.8511911013000022,0.7663284076439189,1.3840649046308338
0.1369623484867566,0.8207180142960941,0.90484564980919,0.7517009029723074
0.4273774694179545,0.5129799108004087,0.18690688884507245,0.4271415548432985
0.10148815654607135,0.34598711730654275,0.5730193199583472,0.5267440850164136
0.08725561520610292,0.7290490214224941,0.8909735167871359,0.588667831507545
0.8361857276979363,0.88966095201249,0.644594981150445,1.0987029829186385
0.16894755841793907,0.49446493411717596,0.9274735059357497,0.8977546516251841
0.47286841209022545,0.8852233178475236,0.048916448408599544,0.2213881682731904
0.6249123981609253,0.14776746350245096,0.5147630040043711,0.36760097138533465
0.9389688839704706,0.330801988061206,0.9190221926126668,0.7313879983127695
0.30632322550236,0.7178439247690789,0.6458180065018027,0.6164932195287833
0.1811214483155803,0.35993361238478916,0.29940703149675396,1.1384641932666006
0.8754213432262468,0.5224108548632909,0.9392554667439,0.7116178395424406
0.3035857977490587,0.6547869520518219,0.7545290231965579,0.5765729475906495
0.27765307258748995,0.5892312480775327,0.554292440424594,1.0502457815900983
0.15012789635989643,0.4281950764933249,0.04112166172635623,0.36078487358441313
0.4446818222422596,0.14052037826459074,0.5829402209723705,0.6481873044171844
0.2314747258963511,0.4113147178638935,0.45477350250101467,0.34550692981826725
0.3588615967449317,0.22634250883350238,0.7183540499995026,1.000249725239636
0.33364657677519205,0.8125309070001863,0.5912566139557685,0.3397478958559901
0.6248875697828198,0.7900386574989354,0.7170329122719337,1.1248756656746712
0.4457021970867949,0.21545555901221236,0.4895152826291961,0.3268042761157697
0.6779434434790585,0.5830755515714255,0.1511024449755871,0.37791492096342116
0.30085686901076203,0.6599716391664058,0.12375523569826075,0.7994700155472806
0.32238179606662043,0.42786072645577966,0.17299053574819068,0.8423337670598766
0.9982795301717684,0.08590394733993612,0.9196925289575243,0.9671740457279785
0.23827390781921243,0.7257803446771436,0.4457589522566012,0.46914447195982534
0.762861478793503,0.08532788186727813,0.7476985018489696,0.14760150098266078
0.6995866830533631,0.6812390540806411,0.583897774018448,0.713021898001793
0.6478406511531122,0.08036248763180642,0.9613935262116681,0.32310075408844785
0.12156159925168775,0.591046513440067,0.3113562012975749,0.38815655620570955
0.005572317266465787,0.27722738925367496,0.5549548853168397,0.8250128504863228
0.7455532583314523,0.40413160585071795,0.9130246262762122,0.7646988806066327
0.08302849889236719,0.9858998346319037,0.9272825908214009,0.5661501776522949
0.2427191203435788,0.9502818537195284,0.3263412250494402,0.6898493888129744
0.9892276317622745,0.5775155757721181,0.23272589562273038,1.0907590569080265
0.9661141753860625,0.6887414660944439,0.27290519903490496,1.0591888037666752
0.9213247498180932,0.8049258102060067,0.905410858260605,0.9170020553800072
0.5832644794345588,0.7190453708521489,0.35602656201207306,0.8275752402467482
0.45623203670490997,0.13021444648608405,0.29908369253168166,1.008355856341075
0.46233760201171836,0.45770699851373764,0.763478294045755,1.1103801666774562
0.3397391482498737,0.8335651920874527,0.8817059346249311,0.9542730287447514
0.967353302165056,0.7477634593522843,0.2546822905329478,1.098925707695184
0.8159795485724871,0.23770920602801549,0.14712812027509603,1.00620502212857
0.9919252374110122,0.862911511131287,0.7512146765588842,0.9637044444903711
0.3008817133829891,0.6128277893009871,0.4617588663862765,0.7917753106171671
0.5798507253564826,0.2858463274164289,0.8774381371501189,1.1701995999890549
0.682067861155801,0.05731509365295717,0.032277399038750265,0.2219214082558798
0.38362915454319146,0.7420699676863024,0.5711417011510662,0.8874258022383853
0.5841780001239667,0.43468880529442644,0.6633988769368374,0.5309929247766868
0.1965172183057714,0.9743507549737539,0.6691457732823187,1.0165589073480827
0.31386820410257465,0.26470315334372885,0.8119937912951133,0.7684221703618904
0.13494683208235536,0.06860849782009049,0.4842658766282497,0.8926251129467362
0.6427787092719934,0.24769317838180882,0.012844990125128852,0.5419959933307225
0.33414297981115704,0.40401415375512373,0.3641880044311667,0.6909716103492579
0.4248362356694272,0.037068006810233034,0.676337320012088,0.4884631744980247
0.38056627895579154,0.3880470657907841,0.7444860583202101,0.9103273743948285
0.05274983106392683,0.2433311979940389,0.8847787656574104,0.5420993164496397
0.8958538507864122,0.9902543488546656,0.5498460618454533,1.300651074923572
0.7274746734599568,0.17149121559273894,0.2379032985289118,0.397219170569007
0.324033195537739,0.8443565152028082,0.12490810054153578,0.7790073173687841
0.8986993194285378,0.16793194211364604,0.935054133152016,0.5189096404211507
0.6756232219129831,0.5794169087227562,0.43501863129340224,1.3917657144873137
0.9916711272492545,0.6591260211157542,0.01858114670650346,0.2217888190835796
0.4632129618386249,0.5349152810097748,0.2187834588309715,0.7995925558687774
0.1096078744472152,0.9464566627870005,0.3833353577077806,0.21932194292883656
0.12159851003346034,0.43210278941466584,0.5967274870099499,1.0943325842754081
0.7464716071236888,0.6508013172746959,0.04600873315707976,0.3789494560760658
0.5787477044705248,0.8698982156963921,0.5157219529624653,0.9137405490360577
0.2168094894409569,0.2339711693793921,0.6827393650485267,0.7728442146845689
0.5475958984972186,0.5419671834911237,0.9882986336280416,1.2058240763568375
0.5298038787220699,0.9841831489925075,0.21323771694968374,0.6345963389098813
0.8577763335707875,0.7613339044061831,0.6379993360686067,0.6602280445941142
0.05307624431274316,0.7064805401275744,0.4514267494397953,0.23589411012608374
0.11305135358948604,0.3915725192125188,0.7003304052747261,1.0808210216608298
0.44260109591302477,0.851220948298631,0.3727373387383729,0.7265823238069445
0.1394170932561608,0.8401712679043808,0.6670392335904751,0.3214668456026888
0.9887424438770978,0.43798424238833256,0.7117464459676004,1.3773236349938682
0.19825257475242597,0.570627764340517,0.573590347871983,0.31610308761936
0.6196329894539212,0.6792185680801536,0.35167614603921804,0.3953694002539353
0.4436569840058572,0.7888400763783033,0.6948104805034142,0.555738466185594
0.7816743571026431,0.4455376128844971,0.14417379323788881,0.4442466505820768
0.05262956850180167,0.33169256525828095,0.8831651229261002,0.5792935729188957
0.3243950640167801,0.1399001237720986,0.3208394522699941,0.9713788333564664
0.46977261607510157,0.7216842213124455,0.3689046536279593,1.260535557966124
0.1136339246954815,0.7471283469880257,0.23153735979504608,0.5470757722943821
0.6411773094303422,0.19263680005075345,0.600621538749441,0.602616395140873
0.5342146566779802,0.857243868040826,0.5717811520238846,1.2428663892688219
0.8268086103496062,0.16293784136169154,0.6558158719454548,0.48443651565404977
0.44228505547893016,0.8269786359470492,0.43062894220173864,0.4498162389327215
0.2950208030920727,0.1289666138055765,0.7610303976344406,0.5705323011621163
0.31589214468490867,0.6421611014312089,0.8261623634355195,1.0156812449382837
0.23565003011821917,0.5197342366314377,0.12492033251261059,0.9491225257527631
0.9329852707799103,0.13381061772676373,0.3488880775143748,0.881137871670149
0.7987126238028707,0.7152912432014288,0.3487225375122269,1.267415163826969
0.34345827780417204,0.7672052847800763,0.09204872327113822,0.40847807028595784
0.4498338751875084,0.8907850423645668,0.755778141369025,0.9734549368508639
0.10110999837665002,0.4923110771410145,0.13290958866728797,0.7551932133402138
0.5893796444635342,0.5179660872214683,0.49711105939307054,1.2464737455078654
0.728906475130981,0.6545350357774699,0.968854122062772,1.3423936511606134
0.2279527949493233,0.9068291643585986,0.868211420377714,0.9194450787088511
0.44201533515038816,0.3816196526667911,0.7546830638961485,0.42423928562482205
0.6748476010454058,0.6788311444062752,0.6186635814332435,1.400148622529819
0.44264351392803036,0.592758813184524,0.17066895542000882,1.0578275063518303
0.5505454408148197,0.1806689215055427,0.8137741779319421,0.8518655466054365
0.19484925649054852,0.6861244012684947,0.7470187431701886,0.9337280696254607
0.7949981810298438,0.8525772561204258,0.7464146535818035,1.111982069303307
0.10961266642756529,0.4707827817021919,0.18288410988252501,0.6774781355507912
0.4707147181758239,0.9506695760686705,0.9023479700929231,1.3197392747430348
0.29111611844645613,0.5504410821017047,0.11624173591111964,1.042476656417266
0.10538986414384344,0.8829783494176839,0.6258084314594481,0.2356993336893377
0.8555429798971551,0.7588867438570385,0.5611130867827722,1.3530605791657804
0.20019634379217333,0.4120418907045651,0.43725031042354445,0.3316457883768661
0.46926778290224613,0.3066418704524795,0.24556902978689232,0.7060244623843024
0.6127589268331601,0.39617585770450026,0.8794112881761367,0.7072078733690579
0.26961220601569125,0.34441722738385205,0.3869166215682792,0.7669384879268617
0.4796636378627942,0.04694482230634056,0.4669653550895032,0.612529005712147
0.5304688544290418,0.021627608332422055,0.4766404649104039,0.5411140934093502
0.4448168716388513,0.40030156154215313,0.8767696138636186,0.4435048761246806
0.363158653579688,0.1879108711052323,0.345739027450754,0.4661817160283954
0.25602141644724075,0.85007261939749,0.9622678336373998,0.6345421375095891
0.9061733781533665,0.9636931178737602,0.9623253720068764,1.8947265741635748
0.5094801022579838,0.2872462824356715,0.44363330604852225,0.48885519312567216
0.7013419421870023,0.7158897918750207,0.36777718960061356,0.6693427930340615
0.5340145855450225,0.36648720031652027,0.23427113474628325,0.7951619216374223
0.28606228158838143,0.8632552803412235,0.9851733627336874,0.4434378768139112
0.478644727906809,0.4430537843504656,0.7380119818630755,1.288761906870684
0.8232138906409892,0.9396715925214864,0.8036233034515817,1.665266118537347
0.8759929350330687,0.6589043675704104,0.6425333077289175,0.8142034418425712
0.9407954115625159,0.10691245638814795,0.853169741681202,0.843398648491757
0.2159161928095915,0.12711507604414252,0.7795934602025836,0.5794175354520736
0.345215532364175,0.41026271241843537,0.2773236224014256,1.2738728150088534
0.11894794111099305,0.574776737558528,0.19926831294380498,0.40847231077907964
0.98825524172406,0.5215333927531656,0.7181127866367683,1.173029414559206
0.631011414991907,0.862652797940167,0.9362864038272428,1.131661665069967
0.7048748572055501,0.005132836900485271,0.5218534761115935,0.2593913769899685
0.43073795526175696,0.12033306200954341,0.0042133422146360955,0.07906971294800813
0.24355073830013474,0.3212429672168168,0.3978011385428296,0.5508957278448612
0.38722911850524966,0.8499081452524877,0.3958750103565306,0.844458400631915
0.2886883516640223,0.003988930343728381,0.5212221299721874,0.5548750626752769
0.5324040140891306,0.5333422311137702,0.9502154345447587,0.990983162141976
0.8162209207933816,0.0009018161897876853,0.6508595140638127,0.17742200164378874
0.8317835829644308,0.5405979341690365,0.1081102251366638,0.9432360170422763
0.2862202083505607,0.47931428809515364,0.496285368185426,0.8538728023794879
0.17758207395820302,0.1313276097490269,0.5212975265567418,0.7493058876994022
0.723125890191389,0.5845052907617501,0.4479507154560619,0.9151348606989729
0.41702652136416585,0.6201356906993448,0.9779040032926973,1.2062771284895641
0.18195157773041748,0.4527215336046002,0.17663788145564996,1.0064261639567633
0.6043469372958428,0.7977385598370726,0.2620689637128475,0.7013122426257788
0.11253546830774153,0.06005270397601825,0.352643786966801,0.0663757125029586
0.09551760554662692,0.3266691344100875,0.8119267015576198,0.46614342570272094
0.012051197960855964,0.48022004081831515,0.5761745880499374,0.39406129556418457
0.20708665169351248,0.32935058538527817,0.424815602359467,0.6413723025700957
0.4790082542983277,0.12094909744598803,0.8000175981921085,0.7578740316573412
0.16230960001720296,0.11463566358212118,0.2493322673814493,1.0503670717785272
0.06868755510338564,0.7738573841342412,0.007326361888231769,0.05224214228047597
0.49251148423205715,0.26708513926986743,0.22675363308555907,0.6728983980156766
0.9031454513461755,0.6634310960720661,0.033387239670787494,0.30930239334330156
0.011500894699544073,0.8466656687751334,0.0330051681491883,0.6420307261641338
0.22807819305494537,0.2918242200533696,0.13999186967507893,0.8988244661192746
0.9013201122064953,0.1867531711706535,0.8138224778100956,1.1817352113327644
0.6342387758439179,0.5733047475012962,0.4090810801149374,0.9691456456314027
0.8304730511913849,0.8009014216724625,0.668216828640735,0.7554389735941808
0.9093094685462464,0.35192903689362975,0.8884489801089936,0.8090851325142793
0.218746804797757,0.8378589320032542,0.7553980351212249,0.27928324527593795
0.7395346252398134,0.980287998746944,0.8296218379216068,1.1150591553350075
0.2610164292035744,0.6539239101965453,0.06664051369191093,0.3621114042919974
0.9384310263601532,0.8940159536300798,0.9464012631254907,1.1416106553563594
0.9571495206696138,0.09173352816623648,0.11608564643853203,0.9040692016146852
0.16021239832485723,0.37892668340241575,0.37985692455643216,0.8044692017372173
0.8122540830404699,0.8658369185220874,0.2869089924989149,0.9363256236297355
0.04712967722903538,0.7297843407317144,0.6390056238116951,0.3430354441526977
0.5994000779051593,0.09791048602358676,0.5564144689519002,0.3738913789718218
0.4819288932410568,0.23198834153960124,0.3900213989792146,1.0924059370870154
0.5995792117126203,0.33167332659475635,0.531695627980926,1.1974846684159264
0.7599185932484053,0.6265752270866684,0.3452592716934306,1.0914959065703806
0.8700257768707972,0.7474872140008014,0.604561760979082,1.5254397082765263
0.5030214109444928,0.4825750433669993,0.4845701407239098,1.405570922021496
0.073660997125922,0.027081994285802602,0.09230262503727193,0.6736802871065919
0.9137639863570067,0.8725367841163385,0.03862564634387389,0.05115283757350564
0.060781828504545166,0.9313160302649948,0.8938835696077896,0.10675255229626213
0.7944712764953967,0.3610277810500425,0.17551359980311976,0.8282625253461701
0.1212387936938949,0.8099009625530303,0.871036730027002,0.5220159601973595
0.9026319203789857,0.5220284379694667,0.6174620199037539,0.6421010837563059
0.6344379466773087,0.47653658520758035,0.486582037523682,0.8418315925362224
0.3101749488000154,0.9341984517753437,0.5535537614420711,0.9887289442245938
0.8651444888780644,0.008086991585624093,0.2187665157726827,0.3980341007816751
0.18039057562527472,0.4179563241647629,0.059648579926184664,0.32934279670030087
0.21556823711736894,0.23567254519721437,0.0014350290260831677,0.9601219174581287
0.3258908497520344,0.4682231118142163,0.6850132782568414,0.34375894804796436
0.41383505125221187,0.4683403096671228,0.7792192495411495,1.2707829645679154
0.21867176140305822,0.19272943921924024,0.6008776669164343,0.7176852276821802
0.919710387507836,0.5767594515415513,0.3797109548424029,0.9606652671405791
0.4404122510613695,0.3904318207974018,0.3556871716065224,1.1683397704501288
0.9518259480303293,0.9359153970116605,0.7278851934570026,1.7174646828098972
0.25325093974455415,0.9361149318791764,0.7503389539929317,0.7173015949945503
0.46855266607471036,0.38229238601019855,0.3754526946804536,1.3220449984647653
0.8016017808841441,0.755424229716461,0.12239441209452973,0.5796731857946211
0.9893351845665072,0.6225012179661793,0.5671858222015769,0.7034504400703655
0.4497421399724393,0.3718686078754483,0.15958176819311543,0.6329299040033929
0.47000958916143365,0.26263101872049066,0.7004780014976298,0.5938662679033342
0.9406689578647158,0.9226361758764536,0.39136602278638666,0.8469353519401885
0.43220298527992707,0.18920860816129215,0.44603104710821084,0.7988550268566641
0.4404447869515573,0.7897513845283143,0.10183534595661703,0.5831501343870352
0.9531483167760262,0.7542368644442036,0.9819850390367795,1.3643489027853297
0.49688799761866087,0.20822862460005043,0.1279666431204245,0.7250324029293885
0.12623264822736846,0.3729399403964312,0.6654156729707771,0.3591139014395377
0.94145648686315,0.4470440454923076,0.33565701324423547,0.6159826880573214
0.5014757912800513,0.5000510236057035,0.1709594691252776,0.21675021379713622
0.3607062935905374,0.6002635703372664,0.4367732060298348,1.2165029892287686
0.9006979568746576,0.34997286474859857,0.9248243313057984,0.9117462873028093
0.017140762178309066,0.5983162825910702,0.44099445706682283,0.2966849829589624
0.9476249676938954,0.4378020136742783,0.9031247155883912,1.007276018067353
0.08750644484934611,0.9502328431730448,0.6494274533662016,0.9880564450850025
0.07549971076235407,0.6922364682577954,0.6004211310862406,0.34565043172363885
0.9422592926414501,0.5210061846886874,0.006280725856385283,0.7457155010729191
0.47796601107233405,0.5630632017759036,0.4252858495633226,0.8704632689881755
0.17970570936910013,0.1088498356971207,0.42804999359899676,0.5395953623668398
0.9822646644021353,0.2755064409996345,0.28103799519779826,0.9702763096194114
0.3352160925052008,0.705799576059743,0.5812083543699228,0.3894338951276831
0.9413393459469507,0.9846293854259616,0.6948792005713215,1.1667692146648472
0.4594911967313803,0.3028955951416833,0.3965389132157109,0.9667407612584449
0.36793331398632523,0.9907615633336184,0.33508767293908837,0.999441779782586
0.5733357590377801,0.35221865604282054,0.1933336641324025,0.621302528807059
0.9105218912042584,0.45382361757870415,0.01275187623556917,0.3913454195602024
0.9800861831735326,0.9744129191001166,0.5218020556113729,0.8336223543965289
0.6957269476972889,0.8260994010532997,0.05101996158904487,0.6657162458019283
0.36830576411936866,0.5272426230232483,0.18113349535807133,0.21888861130094073
0.8635941806630227,0.9826268848231727,0.8840001216332579,0.8762876497310093
0.9243194361012294,0.9867975625149333,0.478449869590002,1.380088347423006
0.542922908343841,0.15651626934731377,0.9809867545368854,0.8935150337582242
0.71155080481553,0.7870737877217089,0.7817706911311125,1.3812300403750388
0.8714989029295775,0.27120670624940035,0.014411517614286051,0.46289745564907014
0.6844813301525406,0.30337974541814094,0.6469743896823891,0.6975342754515585
0.6504323300302245,0.43222320011652937,0.07528775228129958,0.9296385402200078
0.38071717161081564,0.47701919123014747,0.13368419496268402,0.4848862936360022
0.60040954949517,0.13539559543560287,0.04202115166539799,0.8880382465166338
0.24318226943358345,0.7638919794739625,0.03681438609656784,0.8194444627590183
0.11988064702326362,0.0328869394084923,0.8366017841422615,0.7415819069980631
0.2585324447932127,0.9609389179517933,0.4775970253832126,0.5383692784468634
0.4462372251998674,0.26700827015388306,0.4376911113726403,0.7664046231733029
0.3445640015414263,0.7065376131774173,0.9361679163579494,0.8807469122397976
0.7019773406356793,0.5328919744997223,0.3789092020967878,0.7272823976200662
0.3825277998361024,0.8390379458764325,0.7796437558260066,0.4944103062922459
0.5048616050883528,0.20396779301074253,0.6250419935906197,0.26624318219098375
0.29085577905434956,0.030358626309162084,0.5601959310773118,0.9582228828683359
0.08902619204851192,0.17633195500964793,0.8472500940977975,0.11370751297605974
0.7167954018596762,0.680782266588216,0.94778317578909,1.5898897504616083
0.22411042811888515,0.8134694494396496,0.6156267563199334,0.934383487150456
0.465441414527364,0.15909177271407693,0.2064534386775203,0.47678833341485305
0.5939560642374697,0.5765106327510631,0.1683270512384356,0.6495041205184113
0.6726223918786632,0.05375473248778706,0.9804296764036312,0.5330608092904955
0.41474308419379025,0.8271442874149222,0.9598013145896129,0.6427465369656191
0.2791000786438891,0.09003804329059795,0.9910463185859302,0.4718318991254913
0.8927781993958105,0.17586674295863003,0.8585503793845907,0.9071421325134253
0.6442743144075572,0.6504586230029229,0.6234162377903115,1.0981404408929838
0.24802813241918342,0.469830503555835,0.9923851141424134,0.7676906252983031
0.7680937337729782,0.2744510363215573,0.14219351284890336,0.5802103061883915
0.5368090250410088,0.9427800644336164,0.5645328922311644,0.9034778565902896
0.4197689601439406,0.5606805754761044,0.8985171524893915,0.6487671608179256
0.09739089925994404,0.16054935312409702,0.7824830236825413,0.6966845197189107
0.22216147721945345,0.42233352655668455,0.3671918018193705,0.6089435101142513
0.10542445827165292,0.7076261992723557,0.6512640939335625,0.5235934277281553
0.6972293949846018,0.4574000535562547,0.7812131564449265,1.402725405908503
0.7476308375644232,0.10578499528402896,0.35494590656843317,0.4461727861792226
0.4357467459934702,0.17354739741284142,0.015745553485583375,0.3460229096629246
0.05429448928511271,0.2496134459330257,0.14418495245251495,0.705570383851644
0.16993653461909264,0.5465056318291989,0.6897469003297372,0.31042941234001487
0.9449057917484059,0.6353642824857832,0.09656296707498357,0.5386256643352086
0.8919155777344646,0.4762514071929014,0.7494725991046841,0.8761242422122315
0.3982601025724094,0.21218724958946655,0.35650730870444436,0.8822902459318134
0.14143570408023864,0.3434768236487167,0.3899787349704722,0.7558917972100073
0.44347253735325465,0.870809882949184,0.2290364413892907,1.113758829847332
0.43352297913889015,0.24218641794730156,0.7420184060727067,0.4488525899665021
0.01953874317144122,0.6602779435893118,0.3332582581594844,0.09855606631575942
0.7189916241768497,0.3842565150039433,0.2809344086854195,0.808412521037417
0.6574379737614736,0.9587950376218176,0.5096950835850474,0.8652982963493814
0.5865844854920392,0.008153438907439359,0.4032175726649817,0.30278432159194313
0.8069426929025779,0.3151245921810897,0.6026077377753933,0.9295795822572478
0.8208176492808417,0.7584135395012861,0.9008054973337865,1.037497388590125
0.2141469023200896,0.028018977991080996,0.5878758559890115,0.880230145596779
0.07025767350329482,0.38498095408759203,0.04386017974712131,0.9873492307594455
0.3687758417607869,0.9537998099991556,0.1977925005488287,0.39056855297378534
0.8812946924485224,0.6751560429436734,0.18687848010409658,0.8857714005163725
0.7755212317418916,0.11088663710643631,0.25680484817841387,0.9259051161504991
0.2553693024060696,0.09311508412977565,0.9786384401540031,0.7082520528899329
0.7334519729310137,0.9421235515722158,0.8550239825007488,0.8561859407636897
0.5666634718973944,0.9218161432468444,0.37915109714276174,1.3208305244258791
0.2764946280948696,0.16954687500743726,0.4012932402913518,0.45478583941730044
0.7206473235416404,0.8663134550023941,0.529575908726184,1.2594745051270198
0.28354666365846815,0.7482167790943914,0.573126382333851,0.6060426689757608
0.3415696533192448,0.398249472452348,0.37296347712316635,1.3242977675657976
0.2024244434849991,0.2433699255513715,0.5862877807014486,0.7884243409521499
0.5578610088163238,0.13614963898472465,0.25066125117907734,0.6842846333208832
0.4483436404889377,0.1956185136833518,0.39531260200564167,0.4187846822161043
0.6323109198339634,0.519252871345621,0.6856334057486424,1.474195819284256
0.010512187294489217,0.023750277324255276,0.5747782422070487,0.8432103480300854
0.40573426651892874,0.6322126751580831,0.9349183414287776,0.6248536760056472
0.037551422311188354,0.6031759448191333,0.1931377629761023,0.5015682532781824
0.30505302796434997,0.6397822289784613,0.21493284128625945,0.9144456739611567
0.08626643861912331,0.8218348050466827,0.2524370642064603,1.031037827999751
0.5455394800273987,0.057990549211601405,0.35328038810653406,0.7603030108545129
0.9204465606015444,0.9652324125286794,0.665045596596827,1.4636187437682122
0.8543546853419349,0.4941492977749544,0.21303391125454696,0.6093918063429187
0.49125632731269175,0.47304331257708643,0.8072466967771572,1.1931152159213472
0.3441850665997289,0.16448184937912158,0.2566411772701397,0.7134869080087511
0.0022090399468401856,0.6586863933237014,0.8272562077177451,0.5575002958875003
0.6446103481083068,0.8718519388402702,0.525132374640891,1.2098786410544222
0.3220276718697822,0.07659678614019327,0.24343665435513384,0.8701432062974619
0.3910019622424402,0.3099779827342768,0.018028912719667,0.5413793089062969
0.6221852462457631,0.771988570537437,0.11076150980979704,0.21082508619480977
0.18450426456919033,0.03864826680853761,0.10500705780431674,0.47869789447631395
0.5611316971641529,0.5800053869596459,0.029567241141867373,0.29671024328755835
0.4497389443091906,0.22165409780942957,0.5695662859384268,1.1698392065191758
0.3765467350033094,0.5361605430195456,0.24795223070302763,0.8128349478717393
0.8377738135504521,0.1386611074289512,0.5752128427720189,0.5856910228582821
0.7310953818190946,0.35306154314433225,0.6115135049861836,0.896651831065471
0.15813949581749587,0.35757189453567984,0.3849478107624871,0.6125204673455634
0.911628084253215,0.40255085833560533,0.40205160962812303,0.7587120409672482
0.0019239424662348403,0.972872822718788,0.4748243825935854,0.9953405346092303
0.2431824764727285,0.13501041503997635,0.4386056539176929,1.016751987818115
0.13707069355683588,0.2727225688684636,0.3848510711309807,0.3639445535992064
0.3413730913765852,0.6748232400910252,0.3241408930911025,0.7392656270894612
0.14798915205959728,0.35596067043780033,0.10964264319790373,0.19557328389249162
0.28117346249869424,0.9218291191745139,0.8914407122435228,1.1455095641560118
0.4004542060587625,0.37313592234637283,0.5338372799245003,0.4093384243527969
0.4733859565483315,0.9642809775128534,0.6843448966205871,0.7881067145238898
0.26984881882917944,0.18676860672021434,0.06568226933594046,0.33783373391639926
0.06797816102691046,0.4675741993054072,0.5598948963440328,0.8827966331043307
0.5405589632537257,0.5272882874985986,0.9558094967526697,1.4880641744613836
0.6333846356842829,0.5737389462581531,0.604663685067543,1.4939513654646224
0.6559472667421736,0.39916215663461674,0.9064813140654332,0.46912869911380983
0.02867875238341,0.5387264369220196,0.5645511612860206,0.22112370542255178
0.10586265091550262,0.2376972934999967,0.2922074211215192,0.6128252850160856
0.6682635046582718,0.2532904759263618,0.7875172253249086,0.7534615194671296
0.10257004001124437,0.07562677771928217,0.6858905537107788,0.8439477181966643
0.06659066128286284,0.5409296163388636,0.34669347576810317,0.5136905324328971
0.45168669615357837,0.48883864834581836,0.5698046703380244,0.8148518259384494
0.3647414742704189,0.9678882977127911,0.21978695036128926,0.7730511933055464
0.6733429161633879,0.7861348931544554,0.7424166295812392,0.9622125075164605
0.04031134048235441,0.693772472498438,0.5412471772063215,0.39740649687479834
0.22531178038636968,0.2849141742528988,0.2741442641472466,0.5466352842006277
0.2851853204904141,0.2237368865081526,0.38699071309719113,1.0804307683966197
0.32526811230061636,0.69054183074604,0.18504907551692862,0.45436874978091857
0.007933937336056185,0.22159391744650514,0.9929976041903879,0.08899039418480759
0.550882862685063,0.07439788405380532,0.8607938817743341,0.5109180276789109
0.01300195775887203,0.33258806014087294,0.9482201548038461,0.7961118643363532
0.30056343854343026,0.5508874732550205,0.38467172276826267,1.0773836850831757
0.909826096046766,0.20019975041309435,0.6989795898571491,0.4082472810627623
0.15819524013812436,0.11178739794077086,0.46109384547645493,0.6533750041178893
0.6383619375735662,0.8650251424395553,0.43086460376660396,0.46797695877358525
0.4565399134644098,0.45847002907673484,0.04305746091915508,0.8193760407253033
0.9249360588910812,0.004251320105418843,0.29140930034731616,0.7665830316397771
0.4406946243042814,0.24793750620348032,0.878120679832282,0.4758093101360692
0.20265050580371569,0.04514822774861871,0.02524413787373303,0.6097418145618851
0.9956570373048325,0.2547972159903593,0.8414083345968684,1.108126755307865
0.7239434568998367,0.42471051376713564,0.4857885083258444,0.43970561209363723
0.12967014802931642,0.14362778777481344,0.40296977081602925,0.627718511891174
0.5282065326831255,0.9369770497018804,0.9582519694053292,0.9088467925214204
0.3062542129861291,0.4624603551449872,0.5243767344270636,0.7624751143115942
0.8819108131958838,0.8601785291132569,0.07846753871527756,0.7975154155889034
0.16095446961225823,0.8236828026438454,0.20046817230679803,1.0987606005826607
0.6438936007559869,0.11671802792048458,0.7408381851839082,0.5313128578145048
0.957581682153236,0.09091311358152954,0.7296205578714662,0.8453343952522198
0.9088287728057497,0.562742972063262,0.5302070547844411,1.007043779654916
0.9004915752987146,0.030953571404696012,0.09290753908154192,0.4294488471463912
0.6635888616183324,0.7896722189696709,0.23375548814190306,0.7911110878782402
0.3030462280940506,0.32916980034069077,0.8168200634055096,1.2392356160952325
0.07490318902788506,0.7188892199036825,0.13014550006659742,0.7325613246969548
0.17185634195044552,0.19224855931944052,0.9739933576658765,1.083946516893334
0.8935934929285727,0.3196128258350106,0.8155540406161692,0.7027435889515384
0.7079093872875373,0.6447877834177091,0.6718031360339162,1.2338467216137778
0.10435889122877395,0.22591483834425719,0.9982658001516728,0.1836378378057113
0.9720334777264444,0.2058429569657122,0.7987974210315579,0.2790447290325866
0.5098924667919377,0.3510805152237111,0.2827687124854966,1.090975785889889
0.17180499502688873,0.007928382453011862,0.8541187727000185,1.0006723954146761
0.4796042342278124,0.7037183910465463,0.7201587561149108,0.7034554904081767
0.39918221730752923,0.11335978311448658,0.8610910361753986,0.287160895192179
0.21387995945443916,0.23346527987294663,0.3303139634305863,0.38326332067354163
0.6329369814435788,0.06159946453399778,0.46900537760028427,0.6792666613568716
0.5260938671614718,0.44521369953679246,0.7471973210407046,1.2138226388701705
0.27411748820434534,0.27258839844419414,0.40968319954162125,1.11469144401479
0.8027722584149071,0.514791391461983,0.01988194115462416,0.7239445651860291
0.5388090484462941,0.674583493751792,0.32598193740714687,0.5926927267001264
0.33943554292737654,0.19442089437537324,0.09735675672766919,1.0826031857848362
0.15781328666803296,0.3319374092049925,0.5863035450474081,0.5988215964006032
0.49945743284665645,0.5635313432656737,0.8361484170950106,1.2016626529539252
0.15396339039452744,0.24124680979322466,0.008716867198052425,0.6190863903403448
0.9155751306731023,0.9150141675927143,0.8769241284577564,1.4500540349422544
0.49492121090469465,0.038911570079986024,0.13005869237853418,0.9606763196850671
0.9127308102741941,0.1497396127763777,0.21909270378548307,0.7823965451732686
0.3198759379777799,0.2943539008202214,0.7318754635438711,0.7755663883916575
0.4602549866156762,0.681047552345492,0.2556450804005619,1.0185929530277051
0.5213655330185334,0.09028336551395166,0.9913951754530791,0.32394825009631134
0.8983439647098156,0.886055674125385,0.03569429130825719,0.8366649764367096
0.12694845632797702,0.9046599743246585,0.5077970149030873,0.22791669300901174
0.39862451588492276,0.6474684213712846,0.08741893400386624,0.9893189913438865
0.08437011790397686,0.3840442594933092,0.95488017142853,0.7088943914450141
0.9143371626793041,0.2782604031496164,0.7409000766476389,0.925331681855087
0.8165558714646763,0.34365442898382903,0.04975846977783127,0.10521282961681366
0.40056288873420176,0.8797232965344043,0.8119097598459256,0.4528453316309966
0.6688397353653748,0.5306760893052243,0.25834848748000405,0.4327642919521896
0.5430387408602328,0.9283781856612265,0.5099996030702529,0.7724945212848884
0.6117843348998259,0.4995864405689996,0.89081361861642,0.5574206275725961
0.8521833762914618,0.21043953413306782,0.23773446714257473,0.85146843723151
0.9864786207905856,0.095466296735357,0.9306575054756102,0.4197501982810765
0.08088978845253791,0.6725199085044654,0.005018484594319972,0.24681785504014697
0.5678899586118178,0.2937827943032826,0.8010992689141838,0.3626942588511315
0.9032549715047771,0.633756726093656,0.06366899147027194,0.7025192871471424
0.396520461398717,0.9308318619285417,0.45258506776578866,0.7475403294968377
0.2546265102305917,0.017390659384270424,0.42218292435034577,0.36788596069627744
0.1311816966281073,0.054363987568244676,0.015479435354627036,0.3892815761595365
0.62522047193762,0.33474908285842553,0.480481140937579,1.1163570148888509
0.21102070946588047,0.3079536186297337,0.847453573712372,0.2504008356776173
0.3783366768008567,0.3870645323932671,0.6047325063346347,1.0195662453562946
0.4012487797325288,0.4444913819142424,0.30017939020238515,0.32144015297870054
0.6244473303634984,0.4109260558844494,0.9744918160576317,1.003697377592231
0.9552651256131351,0.09562149076553195,0.9751767710097411,0.5497750639607564
0.9885723617902971,0.33313531300766086,0.28376293995791313,0.809921249243391
0.29893411696246475,0.1203590572183576,0.9795645669234276,0.43909934711400544
0.26451559613660325,0.20792933886163423,0.3964734347682015,0.945904853287454
0.7202579498312028,0.5944872432015987,0.35877244645100537,0.8931927121578144
0.689599492816081,0.049405614655636865,0.5127558494276407,1.0009391983917522
0.27135593901212063,0.2893227065104237,0.6935074334109318,0.8184385644950015
0.9459771445389442,0.5980373247706728,0.9771796021224075,1.3199809520676253
0.8013751894047731,0.2664376760610787,0.2807268207849908,0.2996544609273867
0.19862606429946672,0.5206393310976812,0.09336441701929876,0.7226137383393849
0.4965508756860062,0.44271827504947536,0.2927264557800824,0.5277445598006526
0.09229556807637873,0.6170811024326482,0.8246999402078248,0.37860193126479336
0.5249503779051445,0.8442225249535854,0.8236628300758541,0.713714161568787
0.5694114431803371,0.2822717107261278,0.7942521716121543,0.6928984553684429
0.18133551881898313,0.8829095670569338,0.3836397952396313,1.104369631353721
0.07457790908054185,0.6464220734822493,0.41396850999022816,0.15037185172743017
0.18007992458715616,0.41091894574700016,0.10870557549845683,0.3249457368932107
0.4878049161095328,0.7994765065743996,0.8210539657839031,0.7576877010861816
0.055933440727765515,0.43362226230244816,0.3081190690036466,0.3481204394968883
0.17403632977254813,0.6701617172448443,0.7464366550415208,0.40692417122621904
0.19410996101878508,0.8737518169775079,0.5210793064186584,0.2925889028541293
0.4291038498036689,0.32235706655826013,0.8877497682344401,0.7257860605935058
0.5362155419839355,0.4709104194276005,0.33814355173090715,1.2021836428409594
0.3675162083575899,0.4015059228766843,0.5548504831972009,1.1717674426253024
0.6453939109129911,0.11605345103030107,0.4817548134180021,0.5893432957416996
0.9320506005232922,0.10417969252855819,0.513730175482568,0.3486343982284026
0.23292270456066533,0.104406393037207,0.556055111099226,0.3835001628181467
0.9900202824416986,0.8741692284726742,0.20355625593506732,0.4863725291596587
0.3336717696458392,0.8955472445492468,0.6726573178153094,0.4080214405619843
0.5985046717827629,0.3398950540604948,0.7838257506958093,1.058346275513227
0.35892013365209263,0.8845081321091282,0.2576264772105119,1.061456087172378
0.6803914838039583,0.9404450253327685,0.6877388432860357,1.6311173430932757
0.8531998120617398,0.7595833152800487,0.7963882461497911,1.4707775862341923
0.7928425281034133,0.2361055857300316,0.5819425434833027,0.31169363975189757
