treatment_dosage,inflammation_level,activity_level,recovery_score
0.417022004702574,0.3258099666132048,0.5769778464775016,1.1192946407802382
0.7203244934421581,0.889827341447375,0.875388738450687,0.7562036424081748
0.00011437481734488664,0.7517077209192669,0.6085654369735587,0.1914732523530649
0.30233257263183977,0.7626320954451107,0.2516595841523237,1.2291151485453398
0.14675589081711304,0.46947902855992574,0.2961299234959044,1.1075531968377579
0.0923385947687978,0.21076450246870537,0.5329225590316532,0.6489302538708996
0.1862602113776709,0.041475079576498874,0.9620782128470935,0.687565801072438
0.34556072704304774,0.3218287999702445,0.18449560449017766,0.456588618783452
0.39676747423066994,0.03711266449399442,0.509898378143109,0.9892037502068343
0.538816734003357,0.6938554113738997,0.3437881034368444,1.0135629097640844
0.4191945144032948,0.6703500319361684,0.7697253449571857,1.0860025095420565
0.6852195003967595,0.430471782744975,0.802866486432424,0.44157511611489786
0.20445224973151743,0.767788977658173,0.4245599103022166,1.0574220995812103
0.8781174363909454,0.5360084947395637,0.20412249999433585,0.9824487186745378
0.027387593197926163,0.03985992663545257,0.06708946032885532,0.7123115901027329
0.6704675101784022,0.13479311796067905,0.1986482644205615,0.8755749309802641
0.41730480236712697,0.19341639901491836,0.2724008501293822,0.34998882361329553
0.5586898284457517,0.3356638011646498,0.5987889179092104,1.0544388540132998
0.14038693859523377,0.05231294643747675,0.8730834972744356,0.14913135713068681
0.1981014890848788,0.6051167805003662,0.1282309388454863,0.8351803868841204
0.8007445686755367,0.5120610275239188,0.958188741714896,0.514692823649422
0.9682615757193975,0.6174610120171561,0.6831708438541465,1.3936667994775371
0.31342417815924284,0.43235559476434404,0.7419642356783802,0.8049813629407823
0.6923226156693141,0.8477004682374377,0.9828807859209906,0.8967094819671789
0.8763891522960383,0.4540590560591513,0.41610077261814205,1.1453473870635373
0.8946066635038473,0.015403519791920894,0.5315834658959018,0.3310576515750817
0.08504421136977791,0.8730681484470995,0.6792129501957186,0.9688618013672897
0.03905478323288236,0.6562015477440989,0.5128751425899913,0.2192883084651044
0.1698304195645689,0.823003040648471,0.2991123446608356,1.1083810738505941
0.8781425034294131,0.9517756930338517,0.10538467273003926,1.0761348207832009
0.0983468338330501,0.050912383516887205,0.28493214572214476,0.355397627569218
0.42110762500505217,0.23507186409101455,0.7688528482877579,1.0975582637953154
0.9578895301505019,0.0633434434563398,0.6407827044518462,0.9055225623233497
0.5331652849730171,0.4216578860324509,0.8013307032031926,0.8462705961270537
0.6918771139504734,0.863829145501452,0.5171205319704266,0.8808049398232114
0.31551563100606295,0.0816239827150681,0.23210002184633505,0.3640614559501131
0.6865009276815837,0.4731119528858785,0.6279619269819027,1.4663487373514241
0.8346256718973729,0.12554310980872363,0.30400549002230315,0.3812941367606233
0.018288277344191806,0.7728856021671178,0.029528744942020957,0.938963875103314
0.7501443149449675,0.8414221567958434,0.9033311768168756,1.17847952870469
0.9888610889064947,0.04329093818615859,0.4203695688027851,0.9787179505275673
0.7481656543798394,0.48644074317039476,0.4261307804247122,1.264975614622895
0.2804439920644052,0.23941104413775594,0.7412517353318591,0.39518836975326876
0.7892793284514885,0.9524737816932592,0.9484584043057936,1.3635626828023717
0.10322600657764203,0.9438926277837961,0.07251552804546335,0.7460185427311494
0.44789352617590517,0.6139340023847009,0.17270108813227492,0.57852149413132
0.9085955030930956,0.9734873973251963,0.3223574891327107,0.32723453361493726
0.2936141483736795,0.344861343716251,0.248424246330199,0.5737555760991594
0.28777533858634874,0.8978507176676818,0.49549498136119297,1.1267202865595976
0.13002857211827767,0.4345949734085095,0.8244596107976835,0.1928525523355471
0.019366957870297075,0.23581463714751372,0.8539724149421759,0.12478670430961425
0.678835532939891,0.9408279632013994,0.5958299420587015,1.2976172885706174
0.21162811600005904,0.6842180509832275,0.24017373383106666,0.7257863837562467
0.2655466593722262,0.06491158533912933,0.18649268827268528,0.5630784103336416
0.4915731592803383,0.8704248568230661,0.743390512402039,0.8651828782067443
0.053362545117080384,0.7013802946333463,0.23721405764354764,0.6568761617883994
0.5741176054920131,0.6049268729742817,0.5394908909265497,1.390959657803588
0.14672857490581015,0.7323748991793305,0.7492807871271918,0.4236516313748029
0.5893055369032842,0.2534390424997808,0.22824910461538594,1.0730104674590208
0.6997583600209312,0.6004889552745444,0.17450118757274402,0.5911203361448624
0.10233442882782584,0.8146191812616553,0.03973568657585125,0.5407196989697918
0.4140559878195683,0.05411366032399989,0.14756883769994755,0.7837370388921802
0.6944001577277451,0.13051067133926597,0.8514389069469908,0.38923237884587325
0.41417926952690265,0.8424458099564136,0.10463591174495857,1.0262728304010986
0.04995345894608716,0.6183458693278855,0.2236450455273178,0.7520229231749355
0.5358964059155116,0.531287810481058,0.03275719974597713,0.6516876228434662
0.6637946452197888,0.2482907289970986,0.6763566354512786,0.5212995663090163
0.5148891120583086,0.2950785752494959,0.2317031414647196,0.9275515978241655
0.9445947559908133,0.8726861649194619,0.4135917178017643,0.6708064662552197
0.5865550405019929,0.42166593484970927,0.13930117132372677,0.9557538416512043
0.9034019152878835,0.0644302555796068,0.3772172876115065,0.07590271060251286
0.13747470414623753,0.8969850695075825,0.4244374662396153,0.30401234775777763
0.13927634725075855,0.20338083282405106,0.4729649518600131,0.6971053360128175
0.8073912887095238,0.8262275354923914,0.4228418130386131,1.1351228126411153
0.3976768369855336,0.8817706230828073,0.10275656387416432,0.5952372177872747
0.16535419711693278,0.48675074481833813,0.772580266631544,1.0431636985968828
0.9275085803960339,0.5984646931046363,0.1372060034899114,1.113075941052825
0.34776585974550656,0.527267456485417,0.424292374325812,0.8120429272897498
0.7508121031361555,0.624821294185499,0.2719561124527795,1.0399430919355854
0.7259979853504515,0.8550417213473515,0.3010079430799063,0.7957800769134336
0.8833060912058098,0.2821394484048606,0.6724207725864325,0.9472382267406813
0.6236722070556089,0.8837555081806009,0.5177867238134145,0.7426617037807802
0.7509424340273372,0.5676903301191493,0.19008705047994057,0.29962876769620905
0.34889834197784253,0.11510304096690338,0.4691344398333771,1.0941119785410935
0.2699278917650261,0.22700116521465796,0.3395408687963035,1.041995824920643
0.8958862181960668,0.5959823856130138,0.7044971982481261,0.8813659180625447
0.4280911898712949,0.23944623690468037,0.226095202432549,0.8119235868604701
0.9648400471483856,0.13141566053746057,0.8449881373583452,0.5114868658162518
0.6634414978184481,0.16184771412383514,0.5262296648916304,0.33818575489370084
0.6216957202091218,0.8448725182357391,0.5006195729230891,0.9194547159755819
0.11474597295337519,0.6021836538927108,0.25368580688768017,0.41193376715010277
0.9494892587070712,0.9635670871883419,0.18615566973666398,0.2027797762695699
0.4499121334799405,0.34567921329602547,0.4718190627375968,0.733047520294835
0.5783896143871318,0.5956250981349497,0.9818244178252573,1.499302618191884
0.40813680276128117,0.5989852889734197,0.13290623766182708,0.9611064963692758
0.2370269802430277,0.6157042872039488,0.28346243242805713,0.8111017354395786
0.9033795205622538,0.05917720718572239,0.800641174283456,0.3778240719661049
0.5736794866722859,0.7503171845746859,0.6647768985107549,0.8049437815577234
0.00287032703115897,0.9482094981876252,0.27875840869343704,0.9588899106620928
0.6171449136207239,0.5346790571795887,0.31464760677511183,0.8792577058438236
0.32664490177209615,0.1925560209550684,0.41994825440192907,0.4101613245141915
0.5270581022576093,0.7529259149799422,0.6027867622422961,0.7765401533562322
0.8859420993107745,0.0073189693278638,0.7193387672210755,0.966915171858783
0.35726976000249977,0.32825610365078084,0.8573003334512307,0.5670702369471728
0.9085351509197992,0.9176063476443932,0.6811114704584097,0.7878255588139476
0.6233601157918027,0.5883673328938768,0.23698206447169834,0.4209440042243675
0.015821242846556283,0.8551902839041353,0.92572053533626,0.7820460497644753
0.9294372337437613,0.6046720523491877,0.7811954006757661,1.313436308280449
0.690896917516924,0.822578152523871,0.3073814804278443,0.7453234052049681
0.9973228504514805,0.8794835234293169,0.3049656416420632,1.0987701487584882
0.17234050834532855,0.3209863745244532,0.8811683184289046,0.689853200487948
0.13713574962887776,0.12295477155217849,0.1260784803971985,0.5365529326812855
0.9325954630371636,0.7213033441865708,0.6334608342357256,0.7509027704633152
0.6968181614899002,0.44034708683123824,0.2777127324734242,1.1616237984097735
0.06600017272206249,0.1267357091420086,0.8272003251393062,0.3415933871323793
0.7554630526024664,0.5898236481098892,0.3645234475558883,0.9807841708857487
0.7538761884612464,0.03606831456985993,0.733366094468834,1.020648093530566
0.9230245355464833,0.20018211641098693,0.1924178904137388,0.3818359124574926
0.7115247586284718,0.7883011896679689,0.4814458975407394,1.4466338893337822
0.1242709619721647,0.012096760015357866,0.8035946264310272,0.6648121284410532
0.01988013383979559,0.3033456717085691,0.39698821167237397,0.14861173843634323
0.026210986877719278,0.021375961088070716,0.16157403985608987,0.7933031071611191
0.028306488020794607,0.9974849927283295,0.6489822226486474,0.9800822662778883
0.2462110676030459,0.5820299763434618,0.7533258058943924,0.8089916172924708
0.860027948682888,0.29337627848605663,0.2801926353730937,0.9687478351312417
0.5388310643416528,0.9289494618931157,0.45136186123240163,0.47770974010238443
0.5528219786857659,0.5071194235482045,0.9004489123860653,1.4961951090561514
0.8420308923596057,0.4546922275524069,0.8719856311909184,0.7731493473660894
0.12417331511991114,0.5878715062961865,0.7071876097841823,0.1480770944861305
0.2791836790111395,0.2641376442105696,0.5909005994904067,1.0727017946849582
0.5857592714582879,0.3052882993474333,0.8173822703971256,1.2785408511145016
0.9695957483196745,0.37165457672418245,0.907644646099839,1.1092430866408636
0.56103021925571,0.24444799937161088,0.0025075596679231538,0.005243365713323511
0.01864728937294302,0.5845472661166298,0.39722776623376177,0.08200780074697833
0.8006326726806163,0.6958461339323264,0.5614096837184815,1.1456790889460624
0.23297427384102043,0.07194722016400112,0.7339231362848766,0.4076623279196042
0.8071051956187791,0.9710833196254638,0.08747276218504352,0.9693062429368402
0.38786064406417176,0.7530706558694549,0.3997549876808645,1.26153001342111
0.8635418545594287,0.8061631629534083,0.2796211794498489,1.2671400881542905
0.7471216427371846,0.7516404040812905,0.42351005310518297,1.1393420221777766
0.5562402339904189,0.0800609772712173,0.49797863267328835,0.9569446770798689
0.13645522566068502,0.48169628302117706,0.660015223526051,0.45610533752273763
0.05991768951221166,0.44567295640165605,0.4962361389702792,0.1710946414320177
0.12134345574073735,0.6724726505249299,0.6204682006051905,0.9867075615231171
0.044551878544761725,0.4487372588243219,0.5824398618892226,0.34802447650628676
0.1074941291060929,0.7043133983839096,0.42833239803885637,0.5268264272729791
0.2257093386078547,0.6816453376026229,0.004976364711265391,0.6510066217828381
0.7129889803826767,0.6971485287527562,0.19451641385960183,0.7996155480151145
0.5597169820541424,0.6186007425615364,0.3202066542862888,0.7411297388011687
0.012555980159115854,0.15098073327964578,0.1469781258549313,0.3987064920297094
0.07197427968948678,0.760802456305756,0.5986638816064357,0.19465532154849308
0.967276330000272,0.781045822193957,0.6114994766596024,1.1453613609630189
0.5681004619199421,0.9041029859138049,0.5000932595969295,0.7329473568409255
0.20329323466099047,0.23376869260410593,0.32084890160086454,0.9581010857614518
0.2523257445703234,0.17667889307234141,0.6532580520244544,0.8515494772368415
0.7438258540750929,0.3910991231067624,0.19028348267904371,0.26221044748825817
0.1954294811093188,0.3205646539951602,0.0058809814446282305,0.9951456661804285
0.5813589272732578,0.8154769290056262,0.7349420186839615,1.3618158628475991
0.9700199890883123,0.6135258996684316,0.4435038419039351,0.6713297287945327
0.8468288014900353,0.7600017523497489,0.6978416560498484,0.7285844743995454
0.23984775914758616,0.4276650996969642,0.185043349636976,0.6634151807086746
0.49376971426872995,0.09944056291558923,0.06261980198391548,0.4153622394849895
0.6199557183813798,0.11503501205024624,0.3781085867830213,0.6615465114144742
0.8289808995501787,0.3734071317371953,0.695996510445494,1.0330710871621163
0.15679139464608427,0.19384776750950716,0.10281836745431583,0.9000381748130541
0.018576202177409518,0.8207464986229382,0.19583423367499242,0.03212054901653716
0.07002214371922233,0.5996360084237168,0.4539526504065199,0.7843176575981008
0.4863451109370318,0.688845259018665,0.6211491896936461,0.781659077038931
0.6063294616533303,0.4911099613042962,0.750124248068985,1.4775125369417133
0.5688514370864813,0.08817368124218106,0.1097350212856566,0.9344154118299628
0.31736240932216075,0.23507763668617032,0.6246236071556411,0.7954788177709522
0.9886161544124489,0.461602080891622,0.3873605221444808,0.9851262075213201
0.5797452192457969,0.19859150305392625,0.670090368747807,0.39066717605848356
0.3801411726235504,0.0254762357788203,0.2035603776619016,0.2517278243658858
0.5509482191178968,0.7293976982561526,0.5279187975307311,0.6819319758686823
0.7453344309065021,0.7249167472191191,0.1721625549559327,0.5499761024203744
0.6692328934531846,0.33039174636170277,0.018681005996375344,0.13063645033795646
0.2649195576628094,0.8434941260636555,0.4869502464239571,0.7761924512970713
0.06633483442844157,0.42844247595107343,0.18417777656089307,0.704812789829989
0.3700841979141063,0.8646861447635343,0.6383433300033875,0.49229657615108957
0.6297175070215645,0.6570654246228895,0.5365748193404329,0.8807711782707011
0.2101740099148396,0.5810356574180902,0.7749453799977457,0.2805218896000474
0.7527555537388139,0.200727488035091,0.3929599026342032,0.7264886753071602
0.06653648135411494,0.5295466104783949,0.9894521308362529,0.7168262505571203
0.26031509857854096,0.8944324184275724,0.5152146961620737,0.8757872399536437
0.8047545637433454,0.30499397583521604,0.47882340118547173,1.118863538644701
0.19343428262332774,0.8709456091610533,0.7494424707521696,0.4290005191257481
0.6394608808799401,0.9087452728583881,0.5726882932924154,1.190870135132861
0.5246703091237337,0.32984456268188234,0.3624653173000254,0.632673081914523
0.9248079703993507,0.6830743663365642,0.48924478546014216,0.5780124915392845
0.263296770487111,0.8992209495659688,0.18913837493884977,0.49439984650466295
0.06596109068402378,0.07569688175830336,0.39358341429686194,0.13731756562863995
0.7350659632886695,0.8785878632047704,0.029961752524048535,0.9885359635437193
0.7721780295432468,0.1908393632684806,0.46252906034220287,0.9180047981954099
0.907815852503524,0.8497689100179306,0.2744741128035708,0.37593497062757486
0.9319720691968373,0.6671187886992039,0.5267158603586157,1.3129851827072092
0.013951572975597015,0.34433919545005387,0.029272121403112528,0.3661069330721288
0.2343620861214205,0.151375569992799,0.5550867665221745,1.0628107103165914
0.6167783570016576,0.6353709614884534,0.2929978836283572,0.7884953183754706
0.9490163206876164,0.8477880437147416,0.5774906810135474,1.4501834039984196
0.9501761192470797,0.8218493747640105,0.7327698532613667,0.9532996480050904
0.5566531881951564,0.6282395971306578,0.44033782679643774,0.8075301526997033
0.9156063497662745,0.9563015097552321,0.6631568228819655,1.0299937650403481
0.6415662089463375,0.5899231270757698,0.23890995487021205,0.3360426364734973
0.39000771414124624,0.1978327846479193,0.9985990885864799,0.5288472187137141
0.48599066709690975,0.4293307226164923,0.24287852161976753,0.902588325458567
0.6043104829199732,0.3367459987011673,0.9408284143815248,0.8032894900749079
0.5495479215085626,0.991945011907281,0.21721975039101793,1.096451320135449
0.9261814267064536,0.38023649611726473,0.49756438460506747,0.649906762507613
0.9187334356336061,0.992700873664818,0.8211769648927358,1.1759963136143847
0.3948756129235549,0.5188042507334142,0.7165880467947342,0.7152299030741671
0.9632625284407118,0.17227970147712546,0.705580412120669,0.724017672098833
0.17395566668046436,0.07457407125147986,0.44044055997571796,0.2627934868577677
0.12632951943963733,0.37030569377388767,0.7541750254551594,0.2995737909478102
0.13507915804673132,0.12341885981472989,0.9199535770148588,1.0629007840231843
0.5056621656768967,0.6345187162918416,0.4413517453158379,0.8179994590621679
0.021524805274197978,0.4139198457294089,0.5279654841547008,0.6086229401572478
0.947970211217681,0.9909156325254501,0.06603558401663734,0.12118766903546119
0.8271154711707325,0.9299556236533179,0.3907730736706927,0.5316310705700595
0.015018980742122379,0.14923603230975002,0.4672385663332459,0.11137753260336569
0.17619625557505525,0.3948822625368005,0.8951377108035733,0.9883118235332015
0.332063574366837,0.46157971096238615,0.11055744025544123,0.21370422283890544
0.1309968448109169,0.5609487551219452,0.7311376031989666,0.647312890490466
0.8094906921265821,0.7803635232892685,0.5454711685487195,0.7010490665407936
0.34473665268329345,0.48719390907342375,0.6065354305165435,0.623553408112142
0.9401074823333672,0.4199935520102408,0.029782944129560285,0.9123849466326304
0.58201417994708,0.26199970471933565,0.14674737976077956,0.7783411448916902
0.8788319844118441,0.9108061390867584,0.28398322546618515,1.247645935679255
0.8447344453922219,0.022271511532804156,0.0048720479536060735,0.6045864135695991
0.9053923187086492,0.8211218982189646,0.6691577977971368,0.6786775140136948
0.45988026581680697,0.18846839966641848,0.8702579489225982,0.6041094051868401
0.5463468160203733,0.6857568991725472,0.5469683092712408,0.5687885703790531
0.7986035911520394,0.35520938933964374,0.5431640475192038,0.6691937173865902
0.28571885173414757,0.9742126278950913,0.6157259286130373,0.7673437824548893
0.4902535226199277,0.12277212944941995,0.30218150041580416,0.698231470573228
0.5991103076458784,0.18756989261723955,0.3667319816609417,0.42622009554616946
0.015533275550835723,0.8894424754644789,0.5749397272777665,0.5738198539984876
0.5934814081966372,0.5834063146082279,0.8092165837173445,0.9783264487154618
0.4336763489894583,0.3092463846587796,0.2015966344081711,0.7081788219150981
0.8073605288848414,0.0007643854781880233,0.32752405584828914,0.19673140002070955
0.31524480309537295,0.22759773832225305,0.742921250389697,0.38434934832568435
0.8928887085251513,0.1454036341712357,0.3409202491323421,0.8999206417736221
0.5778572152845355,0.2034338243700906,0.047610928706555034,0.3775841575120744
0.18401020162746506,0.8963225568040046,0.15635692867625162,0.800552621214468
0.7879292338255043,0.8730943782696405,0.1938648596595468,0.7593204562500887
0.6120311770449339,0.7002894376334498,0.4951123625611782,1.3946432784472491
0.053909272073752956,0.47049767615220905,0.6351249610913382,0.934592889980768
0.4201936800011322,0.8271360023322883,0.880219977218583,0.8633050803279156
0.6790688365654296,0.49582639708521237,0.9025365564222451,0.7005614835774694
0.9186017779775258,0.36348868328490525,0.307160768485095,0.9393531437769208
0.00040202489135743313,0.27560310276085875,0.7533800731255857,0.6372380002379076
0.9767591490310596,0.9247408135383717,0.2824280305589726,0.9748455339375753
0.37658031474577447,0.38698923425629217,0.3685768697652759,1.2760500725000758
0.9737835383583225,0.49288087343132025,0.2927265620931302,1.0753075401377288
0.604716100974053,0.2544381023144221,0.41369073619910135,0.8797290381702689
0.828845807980693,0.8849665188380633,0.21471569566838056,0.8156812910664704
0.5747115047081023,0.38326345680528673,0.31898600647018904,0.5317450425383311
0.6280761983073504,0.29757471531387525,0.12191981389008766,0.7732851758879556
0.28557628169569393,0.7175949621947544,0.9630182395955346,1.1000764524722983
0.586833340656083,0.19086994317230743,0.5039830093987828,1.113192424025204
0.7500217637026599,0.11819262934703845,0.9231006825886638,1.034842741427971
0.8583138364290424,0.8369977822135122,0.7461601407734211,1.3072589466460576
0.7550821884676802,0.7441359213695352,0.4577052876804192,0.7175392634209069
0.698057248447303,0.5905205476471171,0.7546222253081317,0.9243180044708338
0.8644794300545998,0.24289157496487068,0.6280230786069259,1.240653940533691
0.32268099683674645,0.6232471451875841,0.30375843415186865,0.829356222369688
0.6707887907875872,0.638355320741173,0.5216593134132719,1.3375659862510942
0.45087393641334916,0.32756944411232514,0.7123121956474292,0.9245856318968972
0.3821027520315172,0.06748934306754228,0.30531353144830675,0.5744197303958689
0.4108113499221856,0.8805385975643267,0.012522836886473265,0.36106245219217104
0.4014795834695406,0.4599567310742584,0.26826282913593635,0.8060333573672388
0.3173839459582769,0.7638727180664299,0.7967454755900841,0.3241186529524802
0.6219193679203014,0.2538886209427397,0.9299930889635013,1.1305744275393135
0.43024727082126435,0.5913871822675169,0.6253311549032551,0.9917337523539437
0.9738020779272523,0.4287951603487977,0.13280748458041103,0.1570889099050896
0.6778008914343111,0.38210064254913956,0.7575703592474212,1.200275387880305
0.19856988842711087,0.12671338384692277,0.526905346047344,0.262067774708996
0.4267010093480328,0.24426666320897583,0.753869071621213,0.27490536129984555
0.343346239774423,0.07934158295831895,0.8586117030700126,0.5416769870934347
0.7976388039585666,0.3028583047175786,0.9475415511018243,1.263515000004575
0.8799982885634318,0.7417048002315554,0.6545375346228315,0.7481517830868217
0.903841955826372,0.6150157249710488,0.8542582098426466,0.680614241106092
0.6627198123752622,0.6724110989339258,0.7425880576965468,1.5426553885971859
0.2702082620297578,0.00838307952503159,0.7271011884036769,0.8297551210683201
0.25236670150458973,0.6783769722513199,0.8587907562669648,1.0723361237496736
0.8548979426974024,0.503180690542887,0.9230030407536653,0.9709987383582588
0.5277146463087466,0.23090845048417918,0.9020760015248446,0.6584005450447097
0.8021610840045981,0.17489650898192222,0.39575026156518067,0.5759648144164183
0.5724885171916063,0.18498296555082983,0.0840212797987252,0.6662363219380323
0.7331425252875111,0.8442600050750985,0.8295737184581491,1.4621131946636223
0.5190116274640558,0.9825897893050853,0.5389315533076343,1.3033036298136818
0.770883910501888,0.9137396248416316,0.542076154739123,1.1968753422995408
0.5688579907047155,0.3473694203728128,0.8251753305664196,0.909835585048826
0.4657098785919809,0.7802245796913637,0.03198418437577388,0.4443767925960709
0.3426889079532818,0.5464545907014307,0.8779604187251567,0.6626039699971363
0.06820934841670412,0.8164423975559377,0.03463400133772032,0.3208817941639055
0.37792417932809985,0.48372695118890585,0.6931945583783881,0.6741008977311751
0.07962607769825236,0.5899512982994037,0.5874844793504092,0.7623789438626956
0.982817113730445,0.7872634475242615,0.6417491808335967,1.404190362993176
0.18161285133076377,0.10023464310313235,0.37408018773825613,0.6978544300931085
0.8118586977205398,0.5370071168405407,0.2754620266501041,0.49832591890366496
0.8749616449558981,0.36598334666965426,0.5094085814387623,0.5603783671743772
0.6884132523859433,0.6043068436688722,0.8858231171497215,1.369992962439626
0.5694944127453757,0.9588025156370005,0.5652896703655683,1.5439834893406137
0.16097143681560877,0.39282294499696246,0.6631488914643168,0.1768813984081713
0.4668800227633063,0.39297299794161644,0.44137923095350085,0.6418711399241962
0.345172051155215,0.7906369935895988,0.9721390871214521,1.137484922925963
0.2250399578140846,0.6450783990854264,0.7425224523517098,0.9442052555674394
0.5925118687657968,0.3938840078553765,0.3549025108507734,0.6008824685902082
0.31226983770191696,0.6889550482302514,0.6535310326636594,0.8671622187777622
0.9163055534683507,0.404001609054379,0.5426164118717204,0.9895874031533997
0.9096355249515571,0.1361131542481221,0.884056212378686,0.8574974308953517
0.2571182937821962,0.45064326867213444,0.2750540510654117,0.7207920049948973
0.1108913007440292,0.3344193926972726,0.10806748517233733,0.5129159566950601
0.19296273201911285,0.2179689300611679,0.19127205174117012,0.4992815225620597
0.49958417067888605,0.9257748016364399,0.38704623260508586,0.6253551410119086
0.7285856679745962,0.6896393990795577,0.8540597949343145,0.7821427572301617
0.20819443840879148,0.5988208906234219,0.2708449138359166,0.8540778258264338
0.24803355837723073,0.746657472123005,0.6263588032086836,0.9176040069174669
0.851671874936367,0.5419710617714415,0.6235518010455583,1.2293145356882886
0.41584871826752734,0.7005330726195026,0.4080471353479287,0.41119285581230114
0.6166850671552362,0.9305598192498451,0.05033512965945175,0.4885881621804379
0.23366613923925006,0.8626166945052219,0.7448338730324927,0.3562195041506132
0.10196725942579743,0.1674418575065213,0.29572553442388116,0.6285765951321048
0.5158570169685298,0.2631390239238742,0.39845819654904013,1.2428786448257485
0.47714098704978236,0.07161027944180454,0.37723956753050947,0.5708872904051426
0.15267164409316325,0.978672805158347,0.6636026316710936,0.527321623366684
0.6218062317404155,0.23638409866037557,0.08633328681516406,0.9001732792097595
0.5440101188139381,0.6605983559285987,0.5498899204719812,1.5122115570586376
0.6541373469707443,0.089630698927462,0.015421822343255842,0.3025451998720512
0.1445455401246598,0.21077094208701874,0.9830389835394168,0.9475455798711607
0.7515278171352439,0.5028243835184045,0.5984272223880148,1.4989658208816743
0.2220491397999227,0.10495366832992803,0.38411422799622663,0.21677790808153585
0.519351824366033,0.38887340269472437,0.1467479307274827,0.6777952853147048
0.7852960282216189,0.5379877201396809,0.6968783264368051,1.3515142996246812
0.02233042799180618,0.33920418488509996,0.9058084167065523,0.39862461164870433
0.3243624597261865,0.5559002111265755,0.3181087523446168,0.763883278619342
0.872922376400111,0.536768321942464,0.7664921446562297,1.2876708816070308
0.8447096076020696,0.3906104987369058,0.28749810204118764,0.3858444809896079
0.5384405925945437,0.6962700831011029,0.9572253423743934,0.8989668975910046
0.866608274166513,0.6784824539979241,0.7023157547948075,1.2421887092843797
0.9498059913536265,0.6873031493743899,0.6250155931933211,0.8636011891359049
0.8264069976293413,0.5614912587993742,0.9307347331501478,1.401445030521407
0.8541154438365387,0.3580799140129358,0.26904238725191854,1.0348933795418578
0.09874340182034835,0.6131123353670123,0.9236157463407607,1.064285981412687
0.651304332340991,0.9357362666081998,0.6780829341239825,1.1742924073547196
0.703516988152653,0.5968885249459731,0.7713625072014619,0.7034131829365662
0.6102408126466297,0.9795901743594252,0.5716353364349513,1.5082523594964383
0.799615261736028,0.4410066204088712,0.8339046774992332,1.2752426099052203
0.03457121987163425,0.7396119625075467,0.6982817992918626,0.5789893808748718
0.7702387345549799,0.03760387864960013,0.146608701776909,0.8739061560350042
0.731728600739527,0.7647266390004861,0.6124611286280749,1.4941520479820172
0.2596983932983531,0.5182815803268124,0.27932033561633185,1.0357795306652506
0.2570692988221467,0.0053165329611032375,0.9158787230673001,0.5765705100035207
0.6323033174301278,0.2772001047825985,0.19823229021015376,0.8135310116762361
0.34529746159108154,0.5348322325198115,0.28571649537130284,1.1301071780146614
0.7965886780072875,0.7679628782813116,0.04765470496967894,0.6698713412836127
0.44614623200345727,0.05309259545252509,0.44757914405063814,0.2595725546401567
0.7827494147841719,0.5490534438505197,0.5575878151711118,1.2405418674044895
0.9904717836238407,0.800994555798356,0.5735610825770953,1.1055748326544768
0.30024833953390007,0.6495830548784789,0.905377379959673,0.5634953984340896
0.14300582825809938,0.9314470149929107,0.34741393280060506,0.1437923697877358
0.9013084363492738,0.07473144501476114,0.44752837959125524,0.31022920631467477
0.5415593788873733,0.2768064626005866,0.8512376625014975,0.9503731605766186
0.9747403708550822,0.9192375042561725,0.5768293032320249,1.4551495029129695
0.6366044000018972,0.7650051482981429,0.6539929348777337,1.467306969242465
0.9939130246104789,0.5997403444720987,0.27835933039431604,0.38646671598282645
0.5460708041429516,0.8329681438370704,0.48747130162584906,0.5585962811486873
0.5264259339055213,0.896043491575002,0.6209523875804722,1.2880182457845264
0.1354279030721699,0.9727203528528249,0.13339403014523998,0.4182274022635467
0.3557051709838811,0.9985205070898059,0.03290871659253447,0.30471176908915576
0.026218567296373285,0.13964933368410348,0.11341100113082614,0.02821886790480499
0.1603951795196491,0.07054204474369918,0.47746107633965307,0.16908105538425222
0.7456371927074961,0.07346665436012334,0.02402673463080851,0.15962378202316163
0.03039968992878883,0.01474379089994693,0.6262089291372217,0.17410399712914348
0.36654309724374434,0.971820072977926,0.09758261797608447,0.5428962205914497
0.8623462528380441,0.09476691645722912,0.25096153771624574,0.9089027311810494
0.6926777175073543,0.8417368261858497,0.42649294585621844,1.238791061224666
0.6909421420661686,0.6851729969076996,0.11582674670624904,1.0258163683886972
0.18863680095531088,0.4875571674829181,0.2705519937974664,0.6322288395756446
0.44190428074842336,0.3466948813585782,0.021079672835511265,0.7297901807805246
0.5815774073442912,0.35364778706700506,0.9850455536104694,0.8419819051874537
0.9897517076637052,0.2538388823471872,0.6115736081214106,0.3036814404817082
0.20390622523312185,0.9110179736986265,0.3783538388352491,0.28433765920266896
0.24773290176235485,0.725642545494869,0.026528351110449155,0.2724706863265882
0.26217308377291193,0.025925792784269874,0.3898387483749842,1.0075475214072864
0.7501724132979928,0.46152125324711457,0.4525586263864343,1.144475855663219
0.4569753274356928,0.28130127253681136,0.9310031937645028,0.5493088543941318
0.05692943841109499,0.02896618617789848,0.27850417183805665,0.7352294307292147
0.5085162406102396,0.8846818943092944,0.6147818910832991,1.1698623749918093
0.21196016464367595,0.7710053579546823,0.6651683545821934,0.2552503255175834
0.7986042447602102,0.32973507924426093,0.18596096979633892,0.5474485544380768
0.29733138150727223,0.796558587536711,0.5057633489864318,1.071059364909566
0.02760601195450363,0.3246383222029966,0.7865007628599349,0.10612892678860719
0.593432449464621,0.30788244381764673,0.09657903442841353,0.9809631512042851
0.8438404289311888,0.9281090785007262,0.6060352981689622,1.5369035944235203
0.3810161240622142,0.9769161619458502,0.02605993268839324,0.8791454450782831
0.7498583107261434,0.5235553047168928,0.00704672381007565,0.12442432791102365
0.5111414782971282,0.951935167567925,0.059528607140071355,0.6247020888419832
0.5409518049621886,0.8879964939264646,0.4814004591490364,1.1889604069812596
0.9594343210617524,0.5180325615944087,0.9257041086902309,1.4060126515345845
0.8039608914986468,0.3727488020974856,0.4055573841390242,0.4685248313972985
0.03232306662357398,0.7103545783196094,0.07503263933654081,0.8480936511729024
0.7093872512312951,0.455643424642054,0.8613524744830288,0.733659756310836
0.46500148156350607,0.6052128951232129,0.5192975854704402,1.0572888673294198
0.9475489413950998,0.9904061968899467,0.3189358689174241,1.0387315782913438
0.2214327343234883,0.7739162499564685,0.9630323387846756,0.9984518836839059
0.2670720196843658,0.33427640499382627,0.9382617685023783,0.5617368686832352
0.081473964877262,0.08899822082237796,0.2600189719566923,0.6888505038261369
0.42861882866378653,0.18490559027840836,0.20139185371372026,0.47237846448073884
0.10901876401906829,0.5268518758918344,0.5889087033060773,1.107335514303538
0.6337867606119179,0.417102418106858,0.8425182098415589,1.2316080260492086
0.8029632373737379,0.8006596581292397,0.3367210897450549,0.7506990060144223
0.6968004961201785,0.9332023381866817,0.5864294214642616,1.4655716071284974
0.7662113810757705,0.17786474795134855,0.16224499947880777,0.8947461145872615
0.3424541198435198,0.8600667708762162,0.19459373523814183,1.1233406659658978
0.8458514830276777,0.9573949263266688,0.7613352159920956,0.9329459102390198
0.42876877499944255,0.9594706068497821,0.15009846135204996,0.44493346627292407
0.8240098704123188,0.037862587720430496,0.2659070410478275,0.1315992637950727
0.6264961586242938,0.05758350560817371,0.6894948631776694,0.37556453728688644
0.1434230486702449,0.005797392917688993,0.01508930763297911,0.386986006664227
0.07838689985494796,0.3126811561554764,0.03219440386857053,0.664906943487324
0.01833264291300729,0.05569841271210463,0.28752594002402865,0.48985258126159004
0.06672499763935646,0.29386248547054417,0.3366231805122991,0.7843939784164035
0.4585838137084318,0.3560164860311865,0.36221610553001116,0.625240019532901
0.11334192276759048,0.9536770184739218,0.8071905755135196,0.28639864194977493
0.027783348848669953,0.47695092248677795,0.035980967658641894,0.4069059516240352
0.7548614813904674,0.27823844242133033,0.3583952446253251,0.7163198798491849
0.3948504804606394,0.5030051950509548,0.6382781332668243,0.816977048276473
0.7469384956075251,0.6433579246491355,0.14300410951832265,1.0565737961798476
0.45240482674645155,0.111245672567435,0.8577386145114406,0.3808126909143893
0.4500867470007611,0.7580616581331086,0.6455644082734328,0.802130149695918
0.47807250671783097,0.8519457712872955,0.11529342548002708,0.33050308564335407
0.47400392656219403,0.8442498595694283,0.2080974099989472,0.5800204214032201
0.8031633421141696,0.8905068324120895,0.7454983307481646,1.1353537215792735
0.40239251985773583,0.38184239675576115,0.40340662833417285,0.9572694538676356
0.904686160343623,0.44380519836651855,0.48447006094850675,0.7221701769889616
0.037061047954035864,0.10158147594616618,0.8874550780727275,0.29655335646188397
0.7738743427204187,0.22580692243123512,0.1374435496242309,0.8565049446807548
0.12564138113773882,0.971320469273211,0.9643727973861176,1.0358200887102833
0.6185135669120855,0.28462396896873543,0.04262968179657989,0.16472650136002143
0.010364261335231939,0.9073961422409973,0.09944025725488481,0.19265323208521679
0.538627282576347,0.8905522863783111,0.2232384309404435,0.35634807581634664
0.0030179566195963625,0.9225044972603934,0.8065850822605141,0.6866256394240935
0.9511937854902045,0.15614956444079475,0.4558728073695024,0.37015933714845506
0.905402033702778,0.8797221435013809,0.6532511422613194,1.2578227455676931
0.7959669419422694,0.6319949504631371,0.17432113751983724,0.3759998723228203
0.9152743199147875,0.21062817841880244,0.16672193292652826,0.9844791266196528
0.14555823115839706,0.3451159147800812,0.5208483405537891,0.46166536341659514
0.15773006987053328,0.1599187885892832,0.7402936352802216,0.8273468345564094
0.187631672902434,0.4443481574461272,0.46247446521502844,0.3363652357049949
0.6224959022999211,0.08377495384546052,0.8696140851211128,0.38972040093162097
0.9058094960083019,0.16531849048023983,0.6604119346706403,0.46255993578191623
0.9899551783590737,0.19719634646666928,0.2490900884519328,0.8322762790117182
0.7111224587658159,0.6910273415567042,0.23490222080210488,0.9157827479254416
0.7318004091422953,0.573802869165353,0.3740467168670696,1.2192953633708932
0.9092932045442544,0.8733231340367321,0.7566160562962172,0.9399629630651405
0.4008737323711209,0.2446340657192081,0.9379376643097822,1.0050638300256467
0.24985068022503676,0.6296079567189131,0.8619059993188329,0.9617900825043963
0.17343017078712286,0.034431265307095615,0.26161079268292176,0.5919751793845681
0.119457050333729,0.516198461077069,0.4122789279785698,0.7696200366494135
0.8126105880328287,0.8632264817138495,0.6115440994503215,0.7015392024830187
0.14679237341724316,0.9841265438849168,0.5468344558158084,0.2936681891398145
0.2642974827269007,0.009872975358918512,0.3892749454089657,0.42544469607555435
0.8190891786335308,0.2528414820768151,0.10142077688127671,0.8127914651823016
0.31058725179421,0.22384967032752534,0.7122448043972556,0.3916708339511197
0.9824174492929428,0.047537594227760493,0.08813516392543386,0.4365167334520689
0.2666387021516352,0.010172456261775653,0.8660774293737196,0.5081184101492018
0.5336533449712114,0.49019531224423174,0.8634484403326346,1.4252410391574404
0.31446701118584963,0.04548214567029407,0.7084507915153727,0.10067839432479964
0.9107728311738374,0.278328130846902,0.4864245738076861,1.1073356217954986
0.36655664385123443,0.6399745691089123,0.6991465654129165,1.350716489750019
0.43359232727316455,0.2946920415609042,0.3949870601017651,0.5619646550807931
0.5122926922783614,0.26965470115905144,0.7974959842933487,1.1597120049331426
0.9388864773697133,0.5905465222435671,0.7864170822798477,0.8808466610189762
0.030949006271150714,0.38053407720964005,0.15552858387362167,0.8299565044677825
0.7168786636316892,0.7025230339614009,0.3178175503505978,0.777674918349834
0.8910189542923389,0.4961239512498611,0.34398317678599033,0.9415918256628604
0.027287223517468817,0.6332092658064775,0.3641702986535258,0.26395460028257123
0.5220512472525107,0.3533943470016294,0.5666455566878987,1.0410093091624444
0.3259898117700253,0.28704394615550866,0.041687442520287776,0.19037230863351817
0.8594893208655858,0.13320711375110195,0.6599697189638991,0.6928936127528749
0.5585165509225178,0.9370803847989643,0.20163175905663433,0.6959606896006474
0.6902278681627478,0.8048358460157946,0.4164625561731081,1.253668552122528
0.45285349995153745,0.9380285431563524,0.4508926565007,0.932361171874433
0.6283090375213571,0.1853805246478023,0.3487267695476459,0.9701114846345316
0.2900968516874258,0.9331557628232255,0.38328031012801256,0.6903911584232015
0.009348577966515781,0.9357532076921331,0.18030606084775935,0.317254511397421
0.5767559349870908,0.2835445136036545,0.0681300573940744,0.8553571937716815
0.3114442141324628,0.27463424842386297,0.5512566489358516,0.6930985123352879
0.5172675985011298,0.5514315736733725,0.5958669456166511,1.0140336597144648
0.9164058530538978,0.18528923936855235,0.1454997892217088,0.7228223205460378
0.426474788501396,0.4421011106267658,0.23094170832212413,1.0506074462114525
0.2473960366023854,0.1853176459376844,0.2863771315373824,0.7666376205644038
0.37129376127905445,0.9473759179539593,0.8307513669044257,0.7774366639598643
0.9318611166365406,0.4938246574910856,0.15342094116241234,0.3140077696716551
0.9368683813090937,0.9639177674239978,0.5521388075534814,1.2542501124675902
0.8443299485657132,0.6449416725122118,0.5681397176921924,1.451372539344027
0.9202065143056605,0.4843157730323856,0.3434200931086723,0.45179898101282445
0.22790028995131695,0.9676952459611975,0.3506171893069536,0.6941142657643985
0.08748220955359087,0.14318978170876284,0.9591120175192023,1.022017714732626
0.22730973628468876,0.6323298746664966,0.5533439494595207,0.7908189037598595
0.31437661611405043,0.6618883678367976,0.6527312009009547,0.8596301302210807
0.17476587635631158,0.43383982715272595,0.4907401164444133,0.23824142623445443
0.6070941619724605,0.05935722533895749,0.6466499816717906,0.594657404967795
0.41358641500116133,0.4927226011660333,0.605250785507062,1.0681277188210994
0.8163515118272141,0.46513394351807746,0.14517329292009562,0.29176513855324016
0.18513039826903066,0.8067468107748635,0.3346805328845932,1.1414951259158772
0.7018765297563104,0.25666098995297626,0.46043399345893343,0.452811781896319
0.24035562484913886,0.3914303629842686,0.12782166160638486,0.8017476551643269
0.5742190888408597,0.24017220722137722,0.3630733236044982,0.5145133606295768
0.34898759722078887,0.6864434151723641,0.22814163429292222,0.3365724681247968
0.05696439948283272,0.9898834533371155,0.847502602270402,0.31786520317771516
0.22881367096037586,0.1774295368682619,0.34147408002129864,0.5115813703863367
0.6641025553547935,0.8214467402262973,0.2267893206662649,0.6915211978972876
0.4972500933605313,0.2309885592816333,0.4081814028522822,0.4653450026831206
0.5190159840736788,0.05797581337276703,0.6830640476222469,0.7854797000313748
0.1747201501089225,0.13881651804567363,0.06562199896142484,0.8728131009854339
0.5707158515462564,0.9351531155423887,0.18072921360298977,0.9717048096499391
0.99675342520821,0.8885421033562281,0.6943069389237286,1.4100554873149622
0.8168351087916219,0.28926049548291,0.7522566048040932,0.5589037416439326
0.5943726238309778,0.9477640661016069,0.6177542796100679,0.8048304148716535
0.9759890683309049,0.8499305352314189,0.8791985605365955,0.9590588634728339
0.9015625846693213,0.4346547940716735,0.16880019007759361,0.5654812914803465
0.5956079336026455,0.4680495548664728,0.7035477322014285,0.5553161950425056
0.032426325314457105,0.6298530215834227,0.9172601590800086,0.6878159817969324
0.09357709581748075,0.15803183496381268,0.1507396591030582,1.0434060101798992
0.06537171504222639,0.014782086742092915,0.24376397739618116,0.7704153673212449
0.4517331486914753,0.26551201747238584,0.5466845720908042,0.3824037445707783
0.37543483316785775,0.015443631942760883,0.3441193369759975,0.03592488066116284
0.9753500342702865,0.6744988441622575,0.6906390807823941,1.0093876739486043
0.1679832931996149,0.5514688358127765,0.05756761842510749,1.050443775184144
0.9727875919326552,0.32164814560277766,0.1607641423234598,0.4735958903004611
0.7674748688630131,0.7802023371197586,0.7162383064796215,1.45374610527375
0.8242378396244978,0.14578543121477705,0.9706186984339439,0.86231480780617
0.6326158167779973,0.2448806387618836,0.9295503765123406,0.8174382364571648
0.668732770206732,0.2923137620392837,0.9010669934228137,0.6599598197089207
0.47688233352119336,0.19593194649899215,0.12774331390359328,0.3360090079336814
0.013136356923072245,0.08793868377060332,0.14592891807160346,0.993135573366708
0.3530060855418248,0.8699761802716075,0.07226475681487265,0.13815852681999818
0.49207180149355845,0.08818864557151007,0.5425402331447909,0.32441639750861007
0.7300912110901043,0.6837103358216379,0.8824861729023715,0.9926098063317546
0.4686283427461092,0.12040087685772338,0.5317919000668885,1.0299042303400285
0.4574049160894317,0.010699003144174157,0.7817152853959399,0.7240682661632725
0.13766274094560316,0.5572682300749138,0.18845378691126158,0.40303459118361584
0.01088873380347899,0.9071090552203707,0.863111260166335,0.17539003674214204
0.7582782604769962,0.8604566673368852,0.18742477072535146,1.0679221842518827
0.3199528380776784,0.33845138411825004,0.054764126066523255,0.8485472584983629
0.9843834501935107,0.02715882932586222,0.4214910104280981,0.0655462613022666
0.220234226159156,0.8008593551300331,0.5551044300084385,1.0995350697557407
0.33870802548167966,0.805984932289666,0.9707420095213946,0.9266477706921408
0.5238961356661317,0.8684881163027721,0.09175383344119148,0.5492910304275636
0.7548914570605327,0.6696465998755331,0.27391809322955496,0.9477699701128112
0.46385778390029564,0.8077788623150765,0.10510706908204948,0.14454986761743704
0.12482254311167629,0.8974982823028202,0.3904396367376164,0.4551437465813378
0.3125013784920495,0.4538299504900123,0.2890110831877697,0.3770595009971217
0.5045191697009946,0.5578253037149105,0.5133003494679066,1.188156634482045
0.6738490080168676,0.5061311288282347,0.348256681750747,0.7462683969670443
0.7701499563120922,0.6919839045242188,0.928228018250101,1.1709379962981596
0.13033578095435427,0.6829068676298748,0.7899477963830404,0.4201391201467264
0.022915131322381765,0.5203136358633165,0.8610113686139755,0.8112096514347071
0.5190823222119895,0.8284681480854713,0.12950094594289585,0.17601362821064748
0.8099887106624163,0.5057793867898664,0.5750701669887139,0.7869050331537247
0.012603767029876312,0.8248585623852319,0.21478253588485874,0.6031996287887543
0.6724698446537339,0.28184508814324294,0.868238571440889,1.0719785905777819
0.6868082266569918,0.17849483297748825,0.015019421753424078,0.6166187576653783
0.44924675358663757,0.969870570344714,0.10574421513005217,0.8362328837836875
0.9147886867419343,0.7419395254560768,0.3760570755473156,0.3995849904251437
0.6443610847569929,0.25979169330441454,0.4020939060931935,0.5147152826129575
0.005239837651465851,0.5812353422911717,0.2772200829786826,0.04733159749383864
0.4844284455143756,0.9552622535381868,0.09606299875993918,0.5960753972287284
0.8593178060976,0.0807539078120788,0.11873040511259358,1.0698942039528523
0.8303995700373394,0.08353420706174108,0.3179447538473339,0.09706471516696002
0.6491541971124779,0.6191348314199072,0.9507928340777205,1.0600138697571628
0.6736984238986317,0.22449347883595772,0.20740656481932396,0.2121929829252085
0.5784995797892005,0.7651839567335081,0.7472803210592225,1.1913881991185473
0.27411977516685215,0.5681525429491051,0.25818866400748397,0.44154739013555366
0.5605299905360588,0.6661880902234952,0.03724025561078481,0.749982039401313
0.6717297848174203,0.10781390079459241,0.01605220916706207,0.17570072114001
0.35242963021640883,0.08428305143655679,0.15270593118117648,0.9128587066669169
0.8558283672539277,0.6251210683054896,0.46208419299774217,0.6682623567319738
0.1950374860087073,0.4097312611340205,0.7559010975378051,0.547253759840658
0.7473208103319232,0.08725252387198179,0.7288149319451539,0.31783099579525087
0.2896027461868774,0.3710639450161891,0.3523894424830367,1.0972872386385237
0.773799287244182,0.6721444096568486,0.4791392787629136,0.96940923435262
0.4277373293360762,0.1895874001915857,0.8140737533756652,1.0634209060782098
0.8076984091122095,0.8957291085287041,0.8384029063789791,0.9377843818103139
0.3535348626679904,0.9498463888800873,0.3199167004179855,0.8188748107830236
0.21369323762958115,0.9615725424345338,0.004265018407107135,0.7808786523891911
0.7672845084217665,0.7300825577402602,0.046930843226232644,1.028141012017369
0.3086419476306511,0.4062884276883151,0.7378073776039841,0.9820196778251923
0.7332450677264275,0.7437491963512196,0.27263228107250803,0.45563346085946177
0.7444731530777321,0.28798687927475153,0.4814858121866522,1.0477598348227541
0.22139670090820107,0.3144172223907462,0.1920312660311443,0.2666664811540054
0.21411213682064845,0.605896361217858,0.8471129160821944,0.9768846005414284
0.1989479234270667,0.5948471334079176,0.5033776096365531,1.0267631543490388
0.14251833776584466,0.8786609763158111,0.5271601757222614,0.7017280538776717
0.3770825992073341,0.25460075566057694,0.28807958808575485,0.7473215854688048
0.026627884691621473,0.7661883652028217,0.5119992306639229,0.9631553073685652
0.11092036903424063,0.9410132668189013,0.0019636453825200295,0.00206059607019482
0.6745640237634105,0.001032932657734631,0.27729504034321006,0.01059982703624529
0.7997765368973863,0.47608911800210485,0.34876298353843593,0.6007144066838761
0.0805295271283859,0.6570403290247293,0.283950886289036,0.586205990387004
0.23170231048579204,0.8433232139195225,0.08595222757741783,0.6263688780735076
0.20762566180381437,0.18373941187600173,0.5217812092340585,0.5550318359007083
0.9173335630816306,0.8561592379873718,0.7884791333735152,1.081190508568702
0.7113145181364867,0.36436547985702794,0.9425984356081718,0.5667328263309728
0.5538846110514143,0.8922739292761724,0.49728979211666346,1.2975716865127875
0.30451798792062024,0.02771174012236499,0.5937538583554435,0.3436346447043074
0.8348540476317985,0.08539013912317062,0.2908599378104706,0.5778581246702896
0.43530595762951996,0.9814104657541125,0.1491595089201888,0.9604504006241922
0.9234562151187752,0.6095019257734966,0.13187169072844107,0.7442306331885562
0.7060518043359332,0.41763234681418326,0.7323607758695577,0.8262408429913082
0.47803130796528337,0.16921418469369054,0.7344694353499344,0.346118407054118
0.1262101037493587,0.64990115308969,0.1793500166366352,0.5238621935964588
0.9760435504677476,0.03697506835935782,0.41356037977579185,0.5221877220894761
0.15983365034409336,0.31161391346070466,0.5941443278915395,1.1504182429081982
0.2026021252196626,0.32347919698907535,0.12528194618614874,0.4094770221067343
0.43118175516037094,0.6074418935145536,0.7853689498688659,0.5968214316396028
0.40420190577514725,0.6508312566756971,0.619992203320239,0.6247774192905914
0.14675148076429412,0.8460545992364693,0.6152216915084545,0.358218825121147
0.7293189193611234,0.9275809425975434,0.7012080919186323,0.7772557824933939
0.18874506687718595,0.6604577276110997,0.9871830820663744,0.5536527653006396
0.6438956443116628,0.5781739184085382,0.5623944559571782,0.8471284807478207
0.7543059505762987,0.3987155436290084,0.864416261698348,1.2863043357723891
0.21073239208332073,0.966612492642142,0.4187086750571659,0.9909920020397397
0.60095424810764,0.15407917183235742,0.6544693512274343,0.26314412867970316
0.7489283752458364,0.8950868086486484,0.9252611878587662,1.5994318706132458
0.6382187106203334,0.3110130678848415,0.6641508156440753,0.4206116747939981
0.5971273029466491,0.548489089666104,0.3030806759430662,1.0232884227183106
0.29548228565549706,0.6820662584328149,0.6199456938616299,0.8683065835765954
0.7316064712415088,0.23646965132615538,0.35131832035819255,0.323278035593635
0.9453084399999497,0.16773668505027162,0.3223666751344195,1.0730647211276385
0.42556139026154693,0.508482013429616,0.6102050587463702,1.3001279051469234
0.7821818168314053,0.7918638755846716,0.16032323198838705,1.004174963350314
0.056141039661915304,0.6924144621670756,0.4867389357577533,0.4257083947792304
0.8352716024899659,0.11897333717301484,0.9456342849863913,0.3419247495484684
0.1922500168221477,0.900742215071733,0.38391424197853796,1.189361671680944
0.3950968688899732,0.47973756704915504,0.18896259324581144,1.0063009587253156
0.30008104592535645,0.9466766792396476,0.468838949642181,0.34220920655346276
0.08010364380604929,0.5534337062482657,0.8409078314535324,0.45338152167087753
0.9046310029362429,0.08480182166035288,0.8426677225950326,0.8969887974093376
0.37015417755373825,0.2024630356745356,0.8278032394592222,0.7308477323974152
0.5306974384761395,0.8542379729163827,0.011475512605813365,0.2586063382059418
0.49411626589632507,0.7059273667647191,0.2670403099282952,1.0599282403757888
0.13216114194293815,0.8949395201529242,0.9998757875742624,0.39391218588740573
0.20645405888943302,0.32914600179429976,0.1196832771924865,0.1200816572472383
0.07618880903232117,0.5280013966376261,0.4900894960876333,0.3075077279880537
0.5079216999452875,0.6503981324841198,0.7900261506026853,1.5012919889077683
0.2615495518329871,0.5942908535866644,0.12221391009385618,0.7784147444359624
0.3570616088827919,0.2314629355342478,0.6624091806912479,0.4521310576214215
0.10806532869723684,0.4268213494482356,0.4880804455213241,0.7942050306759817
0.7875518396525072,0.2481114640601748,0.19428998208618675,0.8812268803080056
0.1065838767888011,0.8456149622311454,0.8786300265827204,0.7473266467256591
0.9857088237131878,0.9866774449680826,0.18148739755773036,0.2520359142796068
0.17716116443841734,0.06657080313237929,0.6390528592947753,0.3095349201216764
0.5724051124346493,0.7139280322669613,0.7408268781979291,1.4432423052615877
0.044845334589088126,0.3301155521990743,0.5626728865932282,0.7795861538906098
0.7871162896558341,0.6254353783114329,0.6288415685971911,0.7932513842955163
0.18960594781829654,0.258129649281871,0.11896539662200445,0.4175548578985504
0.5279039784081266,0.6510076093084951,0.3080369870545313,0.8707590157901782
0.7400775431590716,0.37114718446272954,0.5869622072296792,1.1975929504855585
0.14993148491725594,0.2948208795369637,0.3954637163075114,0.35044779128176273
0.5510871741869717,0.9117631736977988,0.6639460814328006,0.6527524678404606
0.2166172083287794,0.9424988742262075,0.8519546448042983,0.5984860979194283
0.7591960493171447,0.6135500265601355,0.19022208931218354,1.1025755585649426
0.7229151935562137,0.21446778083069262,0.903272700870335,0.4749813000881169
0.17654903427708302,0.9394188709061594,0.38317585043109326,0.28485338699016327
0.8619665576670734,0.7504535467233241,0.9431243307282546,0.8063965119991067
0.019775099516344263,0.7510898073228061,0.6173823130249652,0.37144565538640106
0.8602369974231152,0.2117213348484862,0.7900955211459,0.24934828011700882
0.5589038111609383,0.8301565261622993,0.514775428373226,1.097809349603671
0.4032204721058492,0.24009515416121008,0.5311446943933088,0.9126519644815052
0.7587469310223366,0.6316207452501602,0.3275938987659719,0.78807748875071
0.7169290016924699,0.7107395698995863,0.1293647072273555,0.8704815609518841
0.9873261748084265,0.7423834297071017,0.3838219118604237,0.8848468762745055
0.2780850486129828,0.39026470459958096,0.21497648079167764,0.9173291016278396
0.0037936724093425855,0.7598253967160974,0.03286525588191658,0.23443457833231007
0.9339026083148878,0.9029359021217099,0.27488682982525947,1.019499239286726
0.8578971045378938,0.5874200192375769,0.18057605266685695,0.6822132546722566
0.7288508775192559,0.09040971569479861,0.8755303150381228,0.7957785456038263
0.5166887829215384,0.12897598414227607,0.08123656243140498,0.5279343527477942
0.706956245248761,0.1052625266627869,0.18389559908188324,0.6112031362381682
0.7805295568767427,0.17272746332288003,0.7040306955363342,0.21426264630145342
0.3748759435368594,0.12643089028968502,0.9192258910202734,0.6157401808939497
0.7703225253299576,0.7783008900676276,0.2514584522319341,0.3937459544292585
0.7506243191751754,0.039411512184444275,0.021301131461381573,0.16379697844592722
0.6132112115442597,0.24155841734086403,0.9605044727550998,0.674908819900409
0.4018659239678374,0.8790664013584655,0.6822206404739506,0.9780807137937447
0.6973080192643409,0.9735188608362936,0.3106626960638559,0.6537113912554079
0.0031128578251921057,0.6054220077270481,0.4723734422152398,0.16360444808940022
0.7748966467245978,0.9762382645603884,0.5992558738787634,1.340666290858715
0.896416602456847,0.04345154171497678,0.3738685720653422,1.006543114497913
0.23931570743750463,0.9485727683760076,0.874487796621177,0.9729579933880103
0.12076718430922972,0.31129608245616713,0.7261725883076274,0.1978314158066562
0.2202839877937276,0.798972840361593,0.9543407046242112,1.0611921459189628
0.3020967312900983,0.8106291034469015,0.3510655228482117,0.36961078170346795
0.8830285085638342,0.8599985915803449,0.9371740887217811,1.2963106401795939
0.5431664302380945,0.45855081090250105,0.47910057422574404,1.3874136102237804
0.2867116496064306,0.9306443921654484,0.6423226386484714,0.5498917532429751
0.13835468979294652,0.2578929844270399,0.7366472047548874,0.26630786168574183
0.29014446310454167,0.9344454925295846,0.8093379690056801,1.0523832351653433
0.6138710897412526,0.6191196332516605,0.39625936728269384,1.324867488681825
0.3241385298974466,0.9854449149448306,0.44794597851477114,0.6499069506017643
0.45736018169099846,0.03264386596259239,0.8172770261127507,0.26510196380792894
0.44411710701661444,0.7251666588327084,0.7175572030909549,0.6266025834283275
0.8281353607315121,0.5655542353803811,0.9408492093746439,1.528789758044455
0.4263481542362306,0.4924240473983196,0.9795978714178412,1.0029827888865053
0.3456988211755023,0.259218125650737,0.1789133363658466,1.0390011082761308
0.6749716048091052,0.3268306848663751,0.2279194118127552,0.5362643978646213
0.22148205573352875,0.24946220670138775,0.7159864472790468,0.2779184860919697
0.4672458239265538,0.21926791032506077,0.7473827346542434,0.6730720954403625
0.31476568732401644,0.7996608375248389,0.6031795542325254,0.5218757832313886
0.6268556021628346,0.5023950058982584,0.8772997642215113,1.0213786702273036
0.8773604746948126,0.08318988869699773,0.2519904621107385,0.6211775243147333
0.4476890001456285,0.7769841920273803,0.3394873942967924,0.6337756115401053
0.7844574187919231,0.5336490760837309,0.49464684810690895,0.8021007302907203
0.4569657005615504,0.739387787346382,0.31502708896856757,0.33920076118340037
0.6562293317171314,0.5153936931431213,0.5454390893418044,0.9357957070735019
0.13184097502750214,0.39994592398513173,0.6824780792979444,0.45553038868626605
0.43298150696764814,0.986246782436295,0.22036690115369484,0.8398570264148612
0.9093119886549367,0.02824262016291268,0.48533745396838057,0.8880056868549079
0.6054790010309347,0.9327639079648583,0.9929813576374784,1.0981194418238505
0.7667745872371021,0.930854967759968,0.3241613031812349,0.4068696012131243
0.5047006080958943,0.39091871150145807,0.03536191949131395,0.9688423778256064
0.49805562482800747,0.2144648711333198,0.8173517292840132,1.022791837988076
0.8428998401928499,0.619213297933239,0.5033067835996623,0.8688256067354356
0.06780693434095375,0.17797233547016944,0.052783856118570505,0.3835127671437152
0.5732722715496846,0.8032081943280084,0.8903050272242412,1.5112063502943176
0.9427625754329493,0.2539338558777352,0.4045143799803578,0.6288281964388514
0.5178600481723219,0.2908061550326779,0.9292731821403969,0.9266083736558484
0.1944658095278845,0.915915790009957,0.40207817380056154,1.179810147626458
0.8479393924434762,0.902916833474409,0.07683228477468085,0.11357204930516829
0.25163914235585283,0.5353808917305217,0.2453011441199927,0.559932122268771
0.700726036482538,0.8628389805786156,0.3502605057072028,0.5814962276486758
0.5402609403968999,0.3525325688050618,0.7507282923552251,1.2748979879563254
0.9488362882802196,0.9978842782249023,0.18474815234928366,0.7358848829006982
0.6243367024026759,0.433689739404977,0.4309736537258744,0.48468719213579115
0.8379779620477293,0.29481201179849537,0.8732454198159687,1.0500602612718923
0.007932876194523097,0.04157423394916726,0.5337610913727832,0.6920166975291399
0.989340056166638,0.9897069537867418,0.10315471974905666,0.7653288231842278
0.07771457033238649,0.4648876309118224,0.024522487054632225,0.9802512619815148
0.3221295136147696,0.7345850140503707,0.7058098011610486,1.1967311123300628
0.9461523954567653,0.6408076240458747,0.979127490958217,1.3940591092116166
0.008939102371245067,0.7230933996660097,0.7851652629523068,0.23160505674288356
0.8227300054219355,0.05111090382611627,0.7647261968454175,0.18912586586933489
0.8612116383667944,0.9200454054097137,0.6754475156780199,0.8963358520194257
0.4398308142085725,0.9268412179022415,0.7955027102986651,0.6453406753022246
0.2557451938059312,0.5519950271541971,0.04001778567264369,0.6079823314872016
0.8026895196332986,0.963915888684551,0.264681631716854,0.9277254548845737
0.47786200443222115,0.28095553699036746,0.6953975359715524,0.8083730573920197
0.13433860865569613,0.6021466271365452,0.8669883296077439,0.19068800039017064
0.9278489928250108,0.3964626900526239,0.6746068718168242,0.7596252850057538
0.8959699670066484,0.6280232317552282,0.17627612798343162,1.1440035370914925
0.49154515001693533,0.3006322885237481,0.9363084599456931,0.9961438639288572
0.8567024965177922,0.8193583846560202,0.9033787001108529,1.1890981641975356
0.41857802576409864,0.06978597850420853,0.08667876614010639,0.741412127106542
0.6834649001663011,0.04187757029999628,0.193000037574253,0.306987264273459
0.39799063940792245,0.049396384633314305,0.2751930306105267,0.1268739486362762
0.5057420174508104,0.15045502836766345,0.7384118706046068,0.6785221676232717
0.1895517028339273,0.39535047379469035,0.859373328300857,0.47932082868582004
0.9649889241109139,0.9553899892571747,0.5783223874515512,1.0599742831057148
0.2942156882442547,0.11079543969595618,0.19964557065166222,1.0127900342452794
0.10345955611640134,0.6475529858164272,0.41508988762136245,0.7551999228651253
0.1443154002290481,0.5276215084563493,0.13785920026410714,0.8611783358900541
0.014092294192442956,0.353242405983059,0.9173961868584244,0.11667881941957836
0.7159456994623945,0.19819922932019185,0.7645309404104735,0.6778573151128995
0.5644983202408741,0.22059408184733575,0.5102138338060775,0.6249359722367932
0.7945783511847522,0.043821509727146934,0.45357504317083797,0.6906787524788318
0.5070799232841364,0.7131639731598145,0.0978420783455699,0.38557721290052793
0.7918210395041538,0.6538401991962549,0.3186753563003273,0.7017400685178938
0.6957642142718394,0.4437697927247224,0.12063279535739646,1.1016495873083834
0.7778484768591754,0.7189394880898436,0.7823380633622601,0.8337500558751103
0.4064828689770863,0.10997597244532042,0.5448837066761946,0.3098838355066963
0.6477706331874812,0.9387191733689311,0.22727738141515885,0.46632354576092927
0.1797942976929744,0.8476267092393875,0.22420283925593631,0.8764484981332048
0.321819963387904,0.6590356596658833,0.2603981975157855,0.974086288836287
0.1726046201197925,0.37883116866173183,0.308872752316256,0.9573595566954617
0.4086372250132624,0.41656672901474745,0.38770513178140986,0.7687495066092608
0.2414187479655988,0.48215392215746744,0.29754893237723723,1.0938220356231532
0.4069219941293579,0.9352837700068006,0.6795558945331504,1.104268533718347
0.9752223424373121,0.8635929549181026,0.03507361930507891,0.7483335168818154
0.32031932582203126,0.4779238492165594,0.3281103149313681,1.142307970137102
0.9824909449748953,0.554518498278167,0.7452918728580155,1.1834429366189796
0.6363061258559836,0.8754038622793218,0.9428079850752847,1.0585337487042823
0.375091018393911,0.9492644337722901,0.8027325501575512,0.4058898295585843
0.8574844990835966,0.639184755868246,0.24082620957155398,0.8362818728605563
0.6195867393685738,0.7485203200897537,0.2329154683838317,0.7966790378856573
0.25203308013083936,0.35162490636044264,0.19033679471718912,0.7911448162663083
0.7928556779768876,0.91802831908618,0.8824975348586093,1.1157091466534594
0.43293850873416306,0.8367520498538312,0.23785568724121986,0.792737664085912
0.3575111673304414,0.5520558812247628,0.7581806234131274,0.5291674716145282
0.33027693652508094,0.8676272096151737,0.26104973140468657,0.9109091576141785
0.6973688756131394,0.8498718814403323,0.03308184340751563,0.10475531709843178
0.26865012390622656,0.8084113566061418,0.7334477000687659,1.143727257705971
0.8082780137053801,0.13069282439738805,0.7262018097952009,0.3468307745439875
0.2952887943998478,0.5360025748218121,0.08895911096105347,0.3828036815393061
0.5441213835853572,0.900783114706916,0.3267012579296016,1.211438176569036
0.4879214918052024,0.7708318305538303,0.9483652901890226,1.3715135818308877
0.8553564125953698,0.4207131990251918,0.16294899858218448,0.9992162147335976
0.8883864343953859,0.9778803933599658,0.08667247265291012,0.4136080895591572
0.18438444236776674,0.25077315667300226,0.5946038881116259,1.0867290815723334
0.585348458938251,0.3336102288478977,0.930989865345972,1.1054125246227837
0.8982050460171371,0.954200507429589,0.1337783077430914,0.7918612887288463
0.4461172190344297,0.8087153481852897,0.5130122936600178,1.3459202928568978
0.9218683054838154,0.9003400045106619,0.6839992141169576,1.4671306863797944
0.2789908904569709,0.011589589409895185,0.17182975960682711,0.4363390985929835
0.6088311741937957,0.37976443303399476,0.011259893492189477,0.3355151176192783
0.6824537097668154,0.2355219566098693,0.8876831304797248,0.6294000943800199
0.2282057333504841,0.2959350518874113,0.035231270653359514,0.09664342471152387
0.013767512557716799,0.7379954964038409,0.25745828380767455,0.3771984055839137
0.4167239623706961,0.7240848448640741,0.6516840317406685,0.7697676482156356
0.938481891856734,0.46179941019906146,0.2857829333557622,1.1514074209131895
0.34302810983040655,0.3652744612070937,0.009707596574816568,0.8984076461050787
0.7797442954825999,0.5846916130045258,0.5754518344649824,1.5385039213273903
0.17473631282740743,0.5337077546342763,0.30779227833471057,0.5029355604420417
0.34195283630245243,0.550579559007862,0.15151406185212313,0.8448342176430874
0.14459772083809674,0.6154770711146578,0.9712833117325801,0.7776639887338108
0.716770814146376,0.39564827226754884,0.16497226789895247,0.40741601348890066
0.6993076236968142,0.7717184824154584,0.7272354411432771,1.5692952500394926
0.6884973179489188,0.2512031833493866,0.890724191493513,0.4653050991190165
0.25339603448629966,0.655760767903366,0.8587151157269453,1.0011100371370798
0.6923601216234089,0.9603971482200181,0.1842570671584468,0.32892100267267577
0.22729754091594956,0.0035547604644260433,0.23680853369423926,0.11037441670403769
0.4246491159313397,0.7233610443943062,0.018362636502572416,0.7386848466261167
0.37192212166768723,0.10899503392964371,0.9314054672648543,0.6353131499743543
0.3553079116201222,0.5437874916638252,0.8871211766573064,0.7982237429563773
0.05765480724125638,0.6269160166803346,0.5954661689695429,0.8358353749958269
0.6316466268659396,0.24294712577080113,0.10936765550685368,0.4681110083051111
0.7073166026816995,0.9138438752466082,0.17354264684250154,1.0268922453564082
0.6135886945028356,0.6223125286916178,0.5769603709326084,1.5391328680894372
0.6483127561631246,0.23169469139485988,0.25165697350014493,1.2108201849693498
0.16994071421725776,0.7701321875998075,0.30017183323604846,0.44756871649751506
0.14944679893886248,0.10550707999733477,0.17098734894301837,0.5205141163821299
0.5141750435258828,0.5552253185313445,0.18959171907276484,0.91460160339012
0.8753327263545391,0.0949560698024915,0.4634211543904514,0.9898220038154459
0.18395344154722204,0.5809840726750195,0.5098739726284359,0.8952645516518866
0.4628391187082599,0.2529801127201884,0.5115798896647326,1.0111123954992387
0.42893233402990294,0.6494668079547463,0.9971387993669208,1.3123359859976746
0.4972891859195163,0.71582695285818,0.1295958172701398,0.4965440554202566
0.16151077048601192,0.5241856145686612,0.7561698883877354,0.7040557121331692
0.34244064113481054,0.6575214077031101,0.7937567472248925,0.8772106167175563
0.2618804041035202,0.8132938453250557,0.5848825987705206,0.9094629843078154
0.844526943229479,0.8075122716430321,0.4627381802693252,1.357922059993453
0.8003322457764017,0.6196819920538628,0.8934266373502794,1.2205094681799964
0.4266391582681436,0.45110246212077487,0.8281802190731247,1.3965776959841474
0.6070154607890389,0.40794998904736746,0.050290936028703714,0.7824264907939519
0.14546561026621996,0.8747476199043634,0.962983753087854,0.5607571018208024
0.5096132942175586,0.7029317321143713,0.007339891753643801,0.5884783519177331
0.29694708578690454,0.18493502237340165,0.5731322046839419,1.1072558047904455
0.8596509535692011,0.5657321466292633,0.5724308169270726,1.1842325305562365
0.6715983809063899,0.9088080323000569,0.8343796647905168,1.381526984324752
0.633474012622421,0.15068999224827118,0.3847160679253756,0.8119820243427512
0.12475130006917923,0.8455176755307064,0.09104086904598219,0.4271873079455448
0.4705878794988857,0.8202024663153499,0.5816872693689248,0.6739227346215839
0.9865727795868815,0.4993411012978345,0.024845860363731265,0.4326588229641516
0.9482991740726651,0.0375838514857032,0.36179576090716137,0.18835365761743694
0.6450856402604436,0.14750250539693543,0.9853168020853229,0.9738360531179509
0.15172487103197363,0.9226386946886712,0.86877886955502,0.8621854845327878
0.639126848719905,0.04415479603186245,0.15249674176120542,0.44521098544237836
0.5656621125439275,0.3724987664053595,0.7988260890560822,0.5438814624936803
0.468665837661252,0.6190396347254709,0.8109969194215267,1.3444651775473015
0.42803746946827015,0.1969480389140167,0.928207219127176,0.836011944952044
0.5992697556580301,0.9810797572402973,0.22438426604398454,1.220987086025531
0.8499698885159654,0.15597523304342242,0.49896747449996004,0.25707312264116766
0.7511210403719374,0.5396791951612744,0.8274440914110759,0.7845275542935368
0.579360540297233,0.6180113243466446,0.6673337849981975,0.6630154744602949
0.9247041815360281,0.2309899486697039,0.5939361433837695,0.9757317244293986
0.06473998344154885,0.4663089892093414,0.6519758207707419,0.2243152928985912
0.9913465087318091,0.49100852913292925,0.23851601279901302,1.1201755467340286
0.05299454266798953,0.766862376326542,0.025540084875790736,0.5170196114146882
0.19949554613856135,0.6342807527738734,0.736257257446534,0.7256648088070744
0.42275266164456093,0.4675500530653396,0.3267918253308776,0.3693121141218818
0.10750887618516769,0.6669425431939752,0.3767568869201464,0.7215625119167947
0.6236704109977018,0.45337742652219837,0.6126160541495541,0.6809922156172656
0.047992564048867314,0.5257115913414097,0.657165042363517,0.2614966533958829
0.28462388100694214,0.6585680415583619,0.20289890062284244,1.0982174695470341
0.06103668111967109,0.18119538195386165,0.8260315378454188,0.9490500301166628
0.7035193311050811,0.7880495511723071,0.38020660524547945,0.38547178957179895
0.668456167589482,0.6028653375383973,0.6317444085013915,1.4351692971244994
0.3785805932506022,0.9803328851373277,0.9664114156523105,1.280879433270158
0.1881942600298212,0.22238319353117575,0.5647862352666362,0.7001419181222949
0.7470048290299451,0.4662664741665735,0.35891114178885686,1.015084959840244
0.34037929076546725,0.8956418025994466,0.6189701087401422,1.1081649746989144
0.7953011674056428,0.6014334096987881,0.5017931180631695,1.1872330928157377
0.4879009391796203,0.725958845848815,0.45237624777785157,0.9114926674205308
0.5256694443509794,0.41367016420136027,0.7322707347562686,0.9871223961840685
0.028490849491567216,0.6843096218313198,0.9245101499841026,0.6025502812220062
0.6442320198790318,0.9460550298475632,0.4792714152835895,1.3214019353078443
0.3506565024321674,0.20018606573932207,0.08823015100009579,0.32867185861923964
0.2292050272920657,0.8073652638773204,0.5696535566840739,0.9864314935577696
0.4338833762117006,0.9695380120998964,0.2449508551148344,1.0572879648331681
0.3824674572709176,0.014568731763331733,0.039577911475369154,0.8116010929083065
0.46978904008636024,0.21520958659442757,0.7881402066436831,1.0229174055864119
0.9794833541798064,0.11737692031312974,0.2727682366647881,0.9466569426996841
0.36437807036823044,0.7674235177414532,0.7770704929423838,0.7818938216704698
0.7744101333360395,0.08121658594273329,0.48820894308820484,0.6991033215432759
0.5527675965498925,0.9984135585909075,0.31793589107511533,1.0731814072219739
0.8891310891074828,0.38961201587930516,0.31402545005089677,1.0837910193925802
0.354952851149572,0.9052027659330404,0.04202476008611444,1.0006293830116504
0.24551868018650747,0.18857760349946784,0.5343998369045507,1.1636528790914729
0.9110192396569683,0.44087219982229087,0.8235515559967603,1.0056067917313316
0.04353426375776537,0.8448118190062035,0.08389535249937796,0.5092733324996709
0.9507534280610023,0.5952697806732562,0.10855870560871761,0.9440840322951392
0.5564069156709253,0.4621580966913571,0.5292559268677169,0.6821190206480141
0.3763632166870875,0.5126497467571176,0.6601418096235968,1.1427613061479813
0.9950523223391111,0.5738855268923474,0.6947459923366617,0.7658971260191212
0.05836264614763165,0.4403192075855932,0.313221695146886,0.6499902121006991
0.5167063597676121,0.1935589577238105,0.037777775806146496,0.6446092324317136
0.03109707545554785,0.11396576145918635,0.4145628796923949,0.4729408782577247
0.5711757391862334,0.151227927370148,0.22604417087529416,1.0157785801781456
0.18046850899511557,0.0524909638531339,0.0011148302524066622,0.5445970163941762
0.6309592003395305,0.5586764110636315,0.6857165722257366,1.051406121988208
0.9809236757505815,0.8477210140360106,0.9520625390545332,1.2658466497060679
0.8749025512123809,0.35911933892411074,0.3911517605350282,0.42134452231046293
0.45183624942087064,0.07531087263581782,0.3002984293714631,0.4374603325627121
0.7084608700517172,0.42572441198511624,0.5537518126102953,0.5185397701792551
0.7774687500031893,0.6020078384720013,0.8519762580648814,1.1676463381480562
0.4948430841825636,0.4254034655756376,0.7949674246929233,1.0659050971332282
0.5285334901775651,0.81072123360737,0.6847567049785765,1.2963157527957248
0.1507843983721926,0.9418862461867052,0.4321070912997065,0.7833196547163354
0.36939992561190627,0.8699107732683544,0.6904340198543137,0.5564606807873689
0.14222125307278666,0.7039994982798885,0.21602535125160705,0.892465203851903
0.7268937533445626,0.4702989247821753,0.28394343784624676,0.8328028382770332
0.4770129944022632,0.6826980429032513,0.7778206109003843,0.5791833537366531
0.44887883670676554,0.013418310556529534,0.9299801363463566,0.038245339744437556
0.8859979711653513,0.9824781185020439,0.19004950361668982,0.4887956960000346
0.5276187723115614,0.17207733182889595,0.29606328941823257,0.862092361093821
0.4090908319168599,0.9062603959616818,0.0062102671905160944,0.9389986176346518
0.26889202221264585,0.8071099016661061,0.43156224528040166,1.2353892228928653
0.07201203516976995,0.8001396843869877,0.21029507175260098,0.8365601245044166
0.4181361337253158,0.2689360577850649,0.6414247825536215,0.5621852434919594
0.025753482406583372,0.21915380575725807,0.7095892156781084,0.6478226076795502
0.29115394055242805,0.42880069291408873,0.11877771439848506,0.3498738419353107
0.5035095098483965,0.8493711007306549,0.08214400203193162,0.8328343736836034
0.9659330650197223,0.45037964247172024,0.9063350695803358,0.6162466719512482
0.10938291419358459,0.9354201140070618,0.3892387547409639,0.8658532997176872
0.673041054216622,0.352679327251738,0.5334034972660143,1.2212683261822195
0.49993237109919997,0.6193921656967597,0.9632415649136705,1.0194387246856569
0.777098229275783,0.9806990363557802,0.7590540122163353,0.8246888504748395
0.14360699787420927,0.6434625222408049,0.3255402975989895,0.592499018620005
0.08320263643587555,0.04549821604060378,0.08584930112029354,0.8833268274204212
0.3992186053524538,0.4635570909517118,0.536024016688411,0.5789712587825078
0.7969622519799001,0.3347513437136638,0.33612544293733115,0.37331040497645873
0.1916757389098901,0.5321815485216747,0.021685404526101903,0.7543789790052843
0.767777192147274,0.2847462086131314,0.7711523332537787,0.8477869321865265
0.2902979970618682,0.1222612302300028,0.38490912985398285,0.1643218566792355
0.21689148761179533,0.6682889887508018,0.5713211500587355,1.201776751670097
0.016715589077006432,0.6813597548913063,0.7557428557962304,0.5860479765607336
0.3986590599223787,0.8671392999990885,0.9408474199010457,0.9838157328850327
0.38108149129345237,0.13238149356273743,0.6123223386846226,0.9222881354291815
0.6593449361953647,0.798620308278031,0.31539617878014314,1.218030849466452
0.07091840047038722,0.826768738405129,0.11007650784701795,0.1316691368000813
0.15260398704227185,0.6465499357511519,0.07391888791127221,0.4224320973000877
0.016575882900934147,0.20492214578063384,0.3196907738727295,0.2166677459693268
0.11379635644740682,0.2614207144058379,0.660839138956005,0.5789478881023654
0.6517892760100904,0.41849681753917567,0.6951520647276903,0.5099647595047906
0.4026568521749192,0.5417990727827313,0.20771804006298766,0.2758038143027113
0.32102631416731586,0.477437955592217,0.08279593858834744,0.38368537171863126
0.5579119942437725,0.4674598920453694,0.3055106612860311,1.2098559190578824
0.9934604630998499,0.8398407101976674,0.5475745598545727,1.523116537742069
0.8344865140180296,0.8701023653075677,0.7546696744748647,1.5183897062582594
0.6996231823995839,0.8167539643767667,0.5296573205700426,0.5303982335305915
0.9182585891320579,0.8778014186346996,0.28698375274707455,1.0221993069833086
0.03972870668308481,0.5710087619370731,0.6241797232639109,0.06172121666810959
0.07033344161552524,0.9640361333390818,0.2648366551761958,0.2388991238705862
0.4740062899880546,0.6065443482504677,0.652692914334523,0.4845202982725848
0.3491674129570773,0.6039477410796814,0.8418980078267378,0.4982944117243394
0.9372520621284489,0.31929773707461884,0.6389478203684317,1.0068032622356418
0.48956496114516856,0.681204184117019,0.5656314689767339,1.1915818364865252
0.5396491100933506,0.051965688505360985,0.3071421092708613,0.4230430951272178
0.8952603657312208,0.13454642101194225,0.8767770399379612,0.8657372452123069
0.4466350458236905,0.13024216757276508,0.9888218847172996,0.9775463729974037
0.8770343892703519,0.6552012872247357,0.777479431209941,0.7855588016662858
0.25358174937162836,0.1753325917713383,0.5736438575704191,0.26273990793308233
0.27380970415810857,0.3411468232515472,0.14127933264100168,0.5132007891549044
0.32836139008759013,0.04431165583310459,0.31492902239260356,0.44819529338427855
0.5475642704809535,0.2337343601165106,0.3668593185911837,0.510138579976881
0.22012867402698122,0.9642243248492941,0.2918952210274658,0.974296859971428
0.6714291710812733,0.5091394025163677,0.4459528147489278,0.7677390153013199
0.1427932828030004,0.15107451847143194,0.6106325168676457,0.9429375947205
0.09410027449963942,0.5230085317344643,0.2129145905151636,1.0054086287732855
0.8701917462053776,0.9435093839110807,0.24975975428670383,0.7629087618279197
0.23686870355699852,0.865686014006334,0.11215048322109678,0.5415725129017489
0.3860040110225955,0.39206586893038686,0.3075885891748025,0.3991833913463477
0.5715420927253323,0.28386751597340265,0.49744827858464324,0.5575448197783691
0.52580196995147,0.7617298626927418,0.48980778471008823,1.3764555992559426
0.07602387944210687,0.2404843248030878,0.9955772118463961,0.3219682207156598
0.8741259355980283,0.2542323546573524,0.9811085630636269,0.8754217415282272
0.9511356184186921,0.08408635417992949,0.4365627716811432,0.5790937500227302
0.8125073041746718,0.8641440947640269,0.9720206217903173,0.9068798401088861
0.2838018349468743,0.44789891562027984,0.21439790417581406,1.11376643556869
0.5278467961179595,0.5617862606099736,0.5411208861089534,0.5956176285760733
0.3394167240176095,0.7367109576935199,0.4534353144697316,1.0201190494841905
0.5546673107876667,0.7964888671311956,0.9676088975125462,1.5266654507720512
0.9744034689130026,0.44750813899031383,0.8361762231353584,1.1568819298110578
0.3117029177189814,0.18412755617579835,0.21414692478074127,0.510036276634174
0.6687966059228697,0.8287328515283018,0.43953910215539116,0.5129792685233898
0.3259672073089859,0.030997959828255817,0.16847697164644715,0.6107350068755992
0.7744772660150796,0.9467282696079524,0.5290872104552504,1.2626042287083439
