educational_intervention,coping_strategy_improvement,social_support_enhancement,mental_health_score,socioeconomic_status,school_quality_score,baseline_cognitive_score,random_noise
0,3.4453467984088766,5.8409644328857,114.901595372326,-0.4182132313135174,65.39243782027836,92.99690618934241,1.6267084593289534
1,6.21011624565468,7.589990283848439,111.25958077477144,-0.5419336141821383,60.844716083440844,81.62020128240385,-0.35545277902861694
1,5.952436147954439,8.201121661186923,145.44982534861902,-0.6079098979470202,69.37508741307835,95.93851761229816,0.9985381509285791
0,6.751564210357457,10.213998007131414,161.89777474183222,0.9275666276073784,85.60504454236548,109.71969397563684,0.3415123272188573
1,3.6736040931233003,7.098572411104597,129.88352404754346,0.5624120545860263,79.75310756579117,91.21936448937552,0.04104117605689927
1,4.9687335396084285,8.635656853935258,115.44195948582018,-0.64953357059199,68.49217979265104,81.7932736325082,0.8334735741795897
0,4.660513569100019,6.889052826723533,155.34350998253922,2.1724167014335056,89.75144811205674,121.90867533662234,-1.2121887075843016
0,7.0173991429525895,9.701733422391236,139.97242834732373,-0.2033610380370012,75.84993573787702,94.92345636850158,0.9983894715952082
1,3.7199664986654706,5.899723657261868,137.48784289865674,-0.31678461879549813,76.75195371509633,107.7864935745707,-1.7487589593502717
1,6.791560629445815,11.012757557672147,147.19496770365043,0.06683360447702966,76.29149235586554,99.65622381766802,-0.9955694822188443
0,3.749711638789742,5.64011077797113,120.9171618091517,0.996283922034816,83.61678396602042,90.45537951151606,1.2326829623587225
1,3.719375919369265,6.044482045730359,136.55287476860434,-0.5336275630016734,74.36617737142407,96.5930960404192,0.15976814806615836
1,1.9679223658475942,1.8448167609277946,93.9919568046641,-1.533359955393579,59.90394102453537,78.65251450800275,0.9564042450586514
1,6.089491878568962,9.448585804954913,142.30935938852522,-0.3418005934657404,63.48786826730764,95.12686957762492,-0.18733647146106674
0,5.868740331667419,9.012352564300995,160.76515876262016,0.7120773865070623,77.30631806174563,122.74629693748487,0.7390563704459465
1,4.616522949028571,8.013926159653453,125.4567125267123,-0.13547202843565553,73.74672156219965,91.35897377141814,0.43870647820373637
1,6.464109379520292,10.814907494509802,147.8664363430957,0.5059676760757332,77.17985507732905,102.7064740101279,-0.7454801307457882
1,6.092601736680908,8.810872442525708,126.33933007880843,-0.6488383947117143,69.12276771894673,85.57173301197756,1.292939165076118
1,7.965948441336913,10.822111680097404,164.42477123066396,0.3578176224408314,84.69068390795368,107.18722455602098,1.474478381157748
0,4.922247062300444,6.985416212149857,129.1109657277267,-0.7984709034073952,64.92110414335357,99.00250028840554,0.8144466842479939
1,7.912842144180111,9.786447183894499,149.3771704557079,1.0099250376744566,81.27971070883527,106.41985094299287,-0.3392044463212765
1,7.7700849254361195,11.111570156453128,174.51282530795768,1.2880514682876507,87.90946539121825,112.11126005116813,-0.06198244911588776
0,1.700666831340175,2.982187626742439,95.46818742862972,-1.6164085715620191,58.42187880148544,81.67330256857157,-1.9914646963761358
1,5.699991784595878,8.468728722083085,132.16221045805273,-0.48616996598505835,69.20022249618202,89.32673586225333,1.5722936542160808
0,2.3211176756344183,4.905214232964006,135.00087694513002,-0.6468015922243581,59.77743615559689,107.79616131095727,0.4780366400120034
0,4.032111703755916,5.658617371392358,119.09387093921961,-0.6497884835993999,69.97680409641461,87.1168123701158,-2.0047570825208374
1,6.6509172414565985,8.408895952850658,122.8566619499543,-0.9657748962397749,69.29809770709521,84.6747593465751,-1.850908847623168
0,6.52491820977093,10.016898334430861,146.0945144892599,0.0562873520969695,79.32995526418554,95.6749087078645,-0.20661579844787062
1,6.32556462226105,9.22591671643761,158.59720835018894,1.232085498422484,89.80365417573195,121.25216756855343,-0.9145625383648338
0,8.211302071755737,14.078185600647526,175.91264808387794,1.6214529551166836,88.47458834661508,114.8995676010004,1.6941578764873109
0,1.981437383600504,2.503833971183634,89.02688673967872,-0.15720753324976916,78.29572590285906,84.22783796470237,0.07922807022325931
0,4.902137832506053,8.080869758452543,137.26202454289947,0.30400945081677777,76.6811280215231,93.6528793983164,-0.027672806799438687
0,3.8906987266260216,6.851559451704437,154.30248460135726,1.5662085213912629,93.58168021668047,120.82458150577897,1.2825654533769777
1,7.337846051612685,11.279813477544044,178.49936055513504,1.1669422802109135,84.16604848569246,114.53635381052712,-0.6257420969710293
1,7.033455801534735,10.751008529619119,147.68424077796558,-0.5148737635613152,71.62244025316974,100.23023972416848,2.087937787101098
0,5.753013138209333,8.888882988273865,148.00425341949855,-0.21902375596810644,80.65158475461986,103.39655413691301,-0.3336113098559156
0,5.580351521638606,10.225566699437456,150.2616558569498,0.7709053398318426,78.65245930259431,113.11885204981314,0.9093945907077549
1,7.932496526464053,11.202772122284863,148.86080215540585,0.4445059835615272,76.1486879813239,91.80122317908899,0.43713834190563305
1,7.103926930511761,8.745481002768326,131.23527163680345,-1.0291561770063933,66.07457419999531,93.07913468399045,0.5910365814335818
0,2.8920330921785555,5.504752628993552,105.18477152868334,-0.7419410567903196,65.15121305372655,87.31559765394277,-0.8430284009061114
0,6.887281745221378,11.846112115517304,157.48062815011602,0.9638166160410614,81.85696491839552,102.22178678996949,-1.3042272339739038
0,5.669935482722488,8.228515764332299,132.51998242508967,-0.718215821655705,64.02394084875296,99.50150011222108,-0.00043179327955633216
1,7.366759607350657,10.442225100411715,124.93685307103499,-0.7139701486293266,71.7486938846076,86.36509039957744,-0.6306061251461786
1,5.4543667111524705,9.35721240875704,132.8937158195143,-0.12390217319417819,70.93540929539358,84.16915148281034,0.5727704860409925
0,5.102041182280633,6.641766726399304,133.72849084781853,-0.3071052562377677,74.94014586191756,98.06969686910337,0.5320890996061144
1,5.309672033442439,7.524964770320487,136.54388565332707,-0.8793672357425643,70.37289443180008,100.56739634817082,0.665651656077652
1,7.354330642506291,10.874182850883372,155.4579233530245,-0.5771214492185139,70.30027530268737,109.35190144529385,-0.13529789472543907
0,5.205900277400279,8.19919450020166,142.2696486681304,-0.22630954393567404,75.288413735918,100.10870263025573,-2.0179295681303944
0,4.557074721512199,6.343362202186724,119.50517078157266,-0.7036389528559516,72.58795635439172,85.67574878797089,1.1324638491139258
0,5.9914596044657715,9.187829507363874,135.71772415132398,0.4105850596180706,69.15322808831226,92.20211487774867,-1.1032910333308008
0,0.9998595869070241,0.7139192818009543,81.22353255665796,-2.2438278048404503,53.57509983968246,78.5259336535329,-1.005490898244958
0,5.0480956754013775,8.540837657426744,141.65719745786282,0.551905341160446,80.32095385299256,105.07737376206461,0.009211630881415342
1,7.486411049108483,10.873472647123627,154.34113928374543,0.9072511260199188,88.63468954697308,105.25170860433487,-1.8544814859336047
0,8.386752180418618,13.262217225192254,157.42593805915746,0.5625391217548226,71.81552578615862,97.70520215270345,0.9065771345948924
1,4.484242437114744,6.282916917058261,101.97926418505467,-2.2018743292313707,66.0722461738142,76.37176464366523,-0.33705580957197273
0,3.8282872140373243,6.303752307523108,134.566880138678,-0.6803923534690178,67.73706971851927,103.44474835883366,-1.9660013223869452
1,7.730430215768436,11.406256656990983,151.26968841996168,0.053514641851912285,66.80192039437597,100.12857710994862,0.08687082340702335
0,5.826773812894248,9.73702183187969,143.43148091456092,0.9610092932489896,77.60104323256924,98.75146439157749,0.019400807643978356
0,6.2875703137176,8.388425634143346,150.39282752371042,0.18499962896436561,71.63396380828509,108.28387289453879,-1.6822474936359433
0,4.226628465272226,6.5976586122604735,139.5474204481588,-0.07086567006199002,71.00596236644101,112.58561551504846,-1.7198323259036614
1,5.723773981845778,8.084511267745212,148.57328378497883,-0.5374499585932347,64.29898316804537,111.55106051609636,1.6096389790763825
1,7.036486493756912,10.65620661152103,145.72282414902654,0.18833741256557407,78.08864473314733,93.75819804701464,0.39276774463519115
1,7.465559184912872,11.266819730587184,153.3369493361737,0.3020232413160897,76.10431783010436,97.65556836357936,0.4318033794866846
1,4.817383009207806,5.229056031466069,138.13885834633834,-1.3318542584360653,69.43273762813695,108.89034877244366,-0.13505436950188524
1,5.377112068731814,8.162196217466317,121.89345981024624,-0.4741111493204954,69.99627103751635,78.42964985162125,-0.09391599896117836
1,7.608812736099651,11.341720321327168,180.702225154355,1.4644839760379003,85.90752388405096,123.03366741559134,0.6292867271049787
0,5.18342427593355,8.843866620383157,117.43866263228904,-0.8321082415763625,67.07843567499292,76.25886042358708,-0.38788611552002705
1,9.680929306659534,14.43752719338391,187.0589462066026,0.9250579667019736,84.6682681265137,118.30230662878623,-1.3395804815692405
0,7.813879186205139,12.483333371356952,173.3923471705014,1.401029008228341,90.28903611810209,116.24144305152522,-2.1166621041255405
1,7.460446982126049,9.981366384314708,132.3221244471216,0.7168612350818128,83.61883458988346,86.60761866319086,0.08777859738741918
0,4.452439769228894,8.36824162122972,142.91249915211233,-0.5490364736795829,64.10321118755301,99.34540179329481,0.5085001569955996
1,7.941239326993413,10.897379975264512,168.68838013529694,0.7987507095139984,87.38813419689991,114.88729016324615,0.8473842404217826
1,6.071509591536467,10.054463785270958,140.10502938033076,-0.24716406867389942,72.904299081466,92.98999344977318,2.0136489664340185
0,5.773979182988313,7.933713474319881,137.60263531439116,-0.36205754556913133,74.41137961822567,93.48232840854726,-0.17554984823270983
0,4.287539865167165,5.186472354702896,111.8630168698371,-0.6740198465971442,69.52213698383376,88.36449817931761,0.19978592659718442
0,2.95214194047467,4.054117651844445,112.04713248590798,-0.9756946200253188,71.11660454541449,84.43813413806696,-1.530742947806634
1,6.443778532974957,9.648852323083362,140.15782693595634,0.2928986750121109,77.77869834746177,97.73483586236928,-0.45665017891537546
1,8.939929624657003,11.110700242879942,148.79655117812717,-0.21490204681849123,76.13078810471818,95.21218289806492,-0.9870331714112408
0,5.932096255193524,8.2944946479149,127.79402742714088,0.19958596532602263,72.43381421381744,92.97897308059714,-1.0270630879177212
0,3.6993658928445345,5.132828441014968,110.24682873688413,-0.08458172331310933,75.72276870430102,86.61202020202268,-0.26712426891639274
0,6.647252400464985,9.785964564919894,149.98201140909813,0.45410530594058796,79.84979162351365,105.61388592572185,-0.784823547041223
1,4.30454800056766,6.057827397650671,117.19423711204173,-0.864539984762796,71.90835988518478,91.0957895317398,-0.37102247063314175
1,6.331054425362458,10.425089261344919,165.5783732813885,1.003938437726856,86.3906499059103,106.32630946031837,1.739146040069762
1,7.143612689470882,9.202709276550559,168.3035000571152,-1.0135525845666196,66.70446070347919,101.60914768904146,-1.1891737810051413
1,7.987215547465933,12.238316628498243,177.04875307755447,0.36408725055699304,80.05319810891275,120.38257981273313,0.6252523518969414
1,6.381596545292927,10.992879218845982,144.35117322428522,-0.26416272743114566,73.97481827071667,94.62501247073574,0.43220629650254316
1,5.018231415272402,6.985692084076367,135.849678098043,-0.602985886325006,73.90700872812795,98.46352869636527,-0.23435430709820765
0,5.911576404792324,8.549395466975339,125.00185969055585,-0.3999211035565733,73.4330505271659,95.31711602235096,-0.823466581569192
1,7.504053343214203,11.029049714000552,168.05219530204076,0.2094591280539312,78.45714398971093,116.16530250365075,-0.034138527467901504
0,4.2759138729179496,7.252502811430704,126.9789155381074,-0.874073797447981,73.88577212471496,100.98068250206605,-0.15778134975741664
0,4.661574403881084,7.093357208397906,109.07940117249642,-0.7504736211500039,63.28708467801757,87.39375763803388,-0.4803448727770588
0,6.692947222894368,10.586552194362914,151.02879514992398,1.0352524867383368,78.89973041208918,102.72240844560783,0.7101410726508439
1,5.878704125747776,7.692164265269888,145.2622063628091,-0.0870143968197269,68.15753439565478,108.8499189575991,-0.16233037795418775
0,3.8730458036358604,6.547720920217282,147.84297760560406,-0.08543286101810123,73.86228114129405,114.1209703365042,0.27568789816535555
1,6.493212240857797,9.1060971392246,138.5217549021182,-1.566278018231885,65.73712655764076,91.76548344430806,0.6078697602510621
0,3.524752014315058,5.152739129443037,110.74335438756857,-0.9274623866911506,67.63795670810043,94.04998124812975,0.4205593569893852
1,7.676161569833727,10.875680920789627,160.1656346667525,0.23109894153501978,73.23917639937265,105.2633883358278,-0.3071339854253633
0,3.3914942372548413,4.816491604655908,121.25749930461191,-0.6624030672525796,68.75419135401481,93.76478159155074,1.611008066791729
0,5.679332227797304,8.947797681890354,156.25126480005983,0.853266041100372,82.02150663958358,119.4576139603707,0.40327094794199503
1,9.158171411158309,12.949752955753363,178.05914994363508,0.1303771608561599,77.62024991179979,113.36522887136259,-1.6135648271877134
0,2.885243344937787,3.151014687933289,114.43714283769893,-1.5559794935764872,66.31983903842011,97.68698078452489,0.353040745346542
0,4.746002465658469,6.598259541685058,149.35426331836263,0.5598741951271202,75.98844162703719,114.18879449036513,1.336414724449876
1,5.960318527500091,9.351768257544068,135.39907143509106,-0.18304032333152606,73.23941908238673,90.99532577733673,-1.8081231981156876
0,2.684179469373066,4.198758233953054,81.69971835243358,-2.2913262064272946,60.92454989233416,69.32424839992463,-1.2754800623705282
0,5.710565907361051,9.92786550830048,162.74699432352753,0.8222913901191549,85.85339189914771,106.7733819418778,0.5104442165349029
1,10.312036637439808,13.4930656386626,177.7826388211487,1.3859070326828669,87.29851266818602,107.63843319178591,1.6059104715805355
0,6.8710815954870075,11.345737313865252,158.90666515655653,0.8550591540383781,81.46211653527976,110.34136820530692,0.4677387996055488
0,8.347751420771427,12.615856817213373,151.16836582276616,0.5232044198251405,83.61857723839374,91.23266101516592,-3.29724867394177
1,6.565233907241571,10.5972490011196,149.23664726562774,-0.3586553923971874,76.54262127803706,94.72509668314873,-0.7912225276846577
0,6.039620601654972,9.44108566868646,167.38735871584842,0.649003244342831,81.7357695810848,124.4253881291843,-0.4237578169238719
0,6.226630096765191,8.62497657534401,130.04175542202665,0.24075660424394446,75.0463483676812,89.48207139366158,1.2307369106833015
0,5.805330506671876,9.962523318533231,150.01488262741063,1.2241639893804344,86.89484306068442,101.92907630173201,0.26863667212926845
1,5.450207985619125,9.368494106716506,149.34423855901017,0.5049214430001859,72.84066991750716,108.5257101570149,1.8102950540405178
1,5.190964402862232,7.4592021346887,144.31587302886675,0.23494300791413328,70.27633988127775,107.17476711296686,0.9528862601101701
1,6.020784999961575,8.66651301303229,141.66947293678444,0.4066140692163827,82.99950963255166,104.34795396461521,0.21525962773764756
0,5.357596854218584,8.534207873364942,138.66964055936512,-0.31984624995143396,71.21336152510698,94.77719325729015,-0.4551211408134373
1,5.573522926688751,8.704705036546924,163.32686251897758,0.005533411214535847,77.51840578101924,114.20633125673069,-0.19030527706578823
0,8.366929412048183,12.93520644650331,197.78301218481965,3.3505814602441295,98.30192649470611,132.80576306764186,1.785675034995639
1,9.296283962634101,12.938288561503331,161.86456387604926,0.436308221899525,83.1152294945404,97.7121350686374,-2.5007248005153393
0,1.2119449546150871,-0.13422048759544403,65.49229048566964,-1.9164094961800233,58.12662405072019,70.83499820476868,2.071669193395629
0,2.5412143423055538,5.681913317522073,91.4847130852063,-1.3362463620550484,56.34628944793944,70.9087773004267,0.19386836146861902
0,4.76881571468605,7.9689523283149235,161.30938992296902,0.9906444825436361,85.55259286059717,118.28086801966126,1.2502205524543406
0,4.458683970757023,5.337131080231892,142.52787245013786,-0.21913868191217092,78.52036581782569,110.15725496634873,0.6248491706233196
1,4.889886242734261,6.776543826428798,124.87028101190066,-0.22540044359684763,72.25817513148317,99.33608457190839,1.124192775712233
0,3.896533284265297,5.849125462027541,106.92464728937648,-0.41120152949493355,70.29939555054285,82.12251887577189,0.844662115360649
1,4.269208634612884,5.63697153238162,112.05325035463837,-0.7895925699319022,66.56082424088518,84.50653066899766,0.7186792696904691
1,6.693741002719288,9.5157991541736,133.50994472800247,-1.2970329282474535,61.95352467175216,82.48857246000036,-1.0152300550799265
0,6.726112723955805,10.728531018058044,178.69058649166246,1.5576521939593115,84.31377948158845,122.4919486828131,1.7105022266175687
0,5.281591040016585,7.666236817257976,155.41283307056293,0.8111894565214609,78.9097022462371,109.57980668936457,0.880192430892912
1,5.805257131346365,7.837694674989521,125.32360542979265,-0.5181742209387176,70.62959427428545,93.13621584457434,-2.0391364712460813
0,6.26243266445488,10.509225404711156,158.41796246394298,1.3447929880741172,87.80276676806322,113.1165138160296,-2.8111679856566236
1,8.629615568227713,14.284062869508094,203.7266709409535,1.432106745255561,85.74489095066568,125.51438627820332,0.5751485653471807
1,4.431661072611835,6.097921881998714,123.26841419817255,-1.0772678548282943,61.579343129285704,84.14265510524237,-0.1706996356033775
1,5.5143317811123955,7.145046162633014,105.33786388634807,-1.7993466152148245,60.60523085273848,77.00288439032141,1.253016926921212
0,5.190418094099525,9.184904402596048,137.17167530834877,-0.6103342461531529,73.31950670126828,101.56391616961994,-0.13074154103821406
1,8.90034382545137,12.648126437353646,166.48393716586259,0.06907196351937496,77.16766811887831,94.76547635673975,0.012431336092357477
0,6.862946289509694,10.456479151520035,150.9340358339602,1.5003360865197495,90.00466994292503,102.25233603503851,0.6883404436090416
0,5.350166963610222,7.00283822086179,136.00554430138075,0.8830993885149925,82.19520939929667,100.2681245863201,1.1781976215284455
1,6.348717503609578,9.95990894901037,150.67350969586101,0.29374067207815174,76.22062112008892,106.19008906492147,0.3305725510753611
0,5.733606216681032,8.940527808164848,138.37669760067928,0.8197591797072706,78.57116421230482,97.58916394612726,0.6121654905288048
0,6.897886921597342,11.047803752882627,161.55030145951326,1.055979349498781,80.84431027975361,111.28438796774012,-0.07009966013031575
0,3.7371948823347565,4.995617146494919,106.86703164210007,-0.7124617104977989,67.29806935057833,74.07909347112614,0.7716691028197369
1,6.147974578241585,9.35644802644051,154.62320501286004,-0.6282572455308328,72.54394868682458,112.59880081821417,1.6747779530039106
0,7.009297523731579,10.65786281578889,150.36560729020172,0.19586203271446734,73.73895940282428,104.17624451948839,-2.449079148930507
0,5.934593961140533,9.45968801402096,122.70427963280031,-0.9565315740002952,74.72708680305982,85.2984480738803,0.7495992336244656
0,3.442254291806731,5.369843545030099,115.3654638982811,-0.7641981677540437,68.93319030104475,95.49198117853541,-0.7637059917493613
0,5.479402434150155,8.33730792749024,134.0128777267024,0.38726364910798783,83.4002889137638,95.75106405880778,1.5517303836448935
1,7.5873109364308995,11.467842887528663,170.16087819416381,1.1500861543693,82.12155329415639,115.914225394609,0.24832095204864651
1,8.769577392679516,13.866429320382524,157.4969649618407,0.09948407796105709,78.52298411994107,93.88617292073872,-1.1057372140378898
1,5.771877532854249,9.616643328524825,132.48962739609988,-0.8422154253121108,70.14279808124651,84.13441705338684,-2.7340150957933544
1,7.012136910095327,9.6945328971175,130.08919675486885,0.02566110854537658,76.62478876999727,88.64610390456352,-0.4281867200036892
0,6.590814277862765,9.934015145152268,151.18970763118452,0.6738368312968573,85.6955305193594,112.73292473705781,0.914272518558441
0,2.9215393003091656,3.394312476049829,83.98444635874012,-1.5637890147529079,58.001820531731155,78.50033692578455,-0.6685339882347462
0,4.134434694342655,7.002617092759422,130.9751407900519,-0.43169420128949887,66.1876818865036,93.35742108318101,-0.6675198806630079
1,8.797373245358536,13.747596888253934,204.4447864033853,1.968448958047386,98.25050186765071,131.85733354070388,0.5140425850466797
1,5.967011454889766,6.583961326458528,127.24062608429278,-0.8225812893046172,66.07025379359686,91.2554194542698,-0.6913388050840038
0,5.065796713991151,6.980745298714377,129.6603239207314,-0.6063321779928217,73.23284440375343,98.8333226679218,-0.5420748560182916
0,3.282068270585684,5.795252448446579,104.83496145680435,-2.1996580553263225,57.45089423933482,78.99687257055352,-0.5109356246677864
0,4.940768079373795,6.928991500229925,132.2953039398215,-1.3367249880176717,68.87473291464951,97.39174704793581,0.6100673760624272
0,6.535041144176695,10.652177582848523,179.75047711198576,1.6130178346133084,88.76514028917524,120.91923238363533,2.3066841622828087
1,4.0743191686653235,5.761383252561538,110.07879713079771,-0.6470182061242368,63.119117151010975,88.13987926845871,1.3128940596236784
0,3.3114914858798796,5.457143843620412,116.51256256519473,-1.0636215344455928,65.53235855393586,84.65681936779234,1.304817654131801
0,3.7262814852932005,5.295904626217091,111.3236168247959,-0.8695710166385192,65.23795865547567,86.19988171256557,-0.07941809915486328
1,4.421507540077736,6.856043599084834,101.61597569825123,-1.813977825113573,62.96085209437894,71.19884130812696,1.6778095724249573
0,5.585120042164732,7.313398698627591,135.59084345601863,0.47628006130650835,75.1786578823071,101.49915037390329,-1.6167655592888344
1,3.8788245828415038,4.933367388071112,120.56039721321696,-0.7828412628397732,68.05362088903642,95.66833496275692,1.286808911683553
0,1.5442189810168268,2.3458786809261745,93.49716690088799,-1.0877456851241238,73.24664260062539,87.61730243722874,-0.7645609866340831
0,6.391832727399994,8.380392093223236,104.18015816671263,-1.4294093323348849,66.05567384815159,67.47409759168573,1.0737826739759833
1,5.708019427940456,8.171453705897504,119.79469052485129,-0.6467791854621253,69.90433866476626,77.87539041671322,-0.7841719369196591
0,4.240765722653164,6.369105750843055,124.28614016893651,-0.8682096990174338,70.30155834138306,102.70109907994669,0.19182127564849794
0,7.698102885865158,10.558590200754251,144.45510695396348,1.0430715997940954,84.33823367836543,96.79864404541402,0.6287338030604532
1,6.032503244573798,10.017704410740981,163.67394976586974,0.5898032897849953,81.01518261104334,113.8779665541265,1.0647727953113006
1,5.398121387882531,8.610623348654089,150.32352222784235,0.4499614793551082,71.36947572811482,110.50791114844733,0.8940404306328471
0,3.6142711437405097,6.422157509116003,159.18395000539516,0.75920217969963,79.11555854931599,126.72731199876345,1.3838768703240154
0,4.595209922189982,7.525238378687472,149.51801980285396,0.561103906864549,81.49862084710315,114.2324882289947,-0.17157197080117195
0,4.917212717670228,8.19647743264349,152.594295975249,0.07893657510806103,72.19946375945268,107.20268822790119,-0.0052302385962124665
1,7.719299271505662,10.512455096797101,163.7470810057923,0.6954135210081331,85.93296169187197,101.5414716994183,1.0381468415647241
1,5.60810859743333,8.81592603169865,147.73096184692508,-0.06774167205272741,83.09552145978147,103.14404891951715,-1.0659886885756071
0,6.817314120436875,10.581071711282918,176.2312229221211,1.4688945934568078,73.59839842927109,124.97715820897248,-1.1711322527918329
1,7.158865069746086,10.970639171471461,168.72264068933976,0.9451504132147687,80.22382255501034,114.2716657190288,-0.07781012787538145
0,4.503297811950111,6.719604567463068,127.19188481369817,0.16828497291255434,76.16243777425714,96.8314907140535,-0.22468309734466227
0,3.1083251994493653,5.177042471287177,96.5096837699995,-1.84351707462377,53.53817055479011,76.76648843411623,-1.9863082324070402
1,6.959232528030642,10.785376752031034,163.42665992360375,-0.9677591799833768,69.65439133542478,108.63714600280225,-0.1758464066723292
0,5.100143373745981,8.28977566996041,157.67811495781254,0.1459033681183361,77.49191488183591,116.23142755136769,0.988071080130954
0,3.74260198613689,6.1874142015291405,110.08190035367525,-1.3723781845498793,68.67515999293254,86.63743482415782,0.48775689926309734
1,4.020577630027269,6.969617002733739,140.56431224216692,-0.009407526540156733,71.25880435156837,104.7415845424223,0.7459164536797439
0,3.980252186470512,6.66675395319912,146.95129171373884,0.8107790063617978,74.71821954689509,111.63235005552676,1.670737815752428
1,6.620033387213568,10.479085731289391,134.55175511721146,-0.8738246891953123,71.1238413167021,88.18232676226496,0.6900376236079414
0,5.616249520880125,9.442885845349693,136.62071630704145,-1.398749936910223,70.30456442117398,90.80825949389023,-0.539231445481771
1,7.093529427391848,10.096312559664916,176.05936512212807,0.8505771499496315,78.96006999529872,124.2592524035687,-1.209175411311755
0,4.475602247310891,7.029710591908323,131.1142522910077,-0.1988036137928426,73.98495931653609,97.24217060845886,-0.04699802654275135
1,6.875549483127375,9.930177854692765,159.67071081209977,0.3374399336102268,73.79768048874138,110.798592984763,0.6113293528211757
0,2.7239775471941696,4.47408268476208,118.00274155569309,-0.8403922112126071,67.22861246510617,104.1576896235509,-1.4984182481938362
1,8.145240700920523,12.37229626912169,173.61205906232732,1.7527713666581715,91.2329988131821,109.1288129058152,0.921379249870104
1,6.231218901951976,10.322684314491717,176.34360742535046,1.2095338046653001,84.13118500468883,125.80240458755716,-0.9021884767636129
0,1.9411977447763964,4.170458367243143,122.66770883910823,-0.11387371459125467,67.89526753708523,98.16151076516559,0.8296459128139567
0,6.0024421107711525,8.432661542845961,147.56772502864234,1.708717536689477,86.84198021111125,106.4008691014788,0.898070810287011
0,4.672471057190105,7.285890544507473,140.7714544831325,-0.09013936985181652,78.54892206692632,112.40663538618965,-1.1409209338089812
1,8.11094824297429,11.08719807449546,182.22458434494865,0.928078580706459,81.26789224327885,127.14689884834392,-0.5672838769947679
0,6.969170537101661,12.713977775099458,155.22278699514504,0.6579399332827377,81.28733550636896,100.11773266358766,1.250188043995464
1,3.8227880323195884,5.714246899855572,128.40714125717372,-1.615269900698006,62.006239131971455,93.99764829832449,0.4973802226187397
0,2.4470868534619608,4.527314408817864,105.39476099656102,-0.15688585733449703,71.29928949251082,83.13757601843918,2.38021704430151
1,7.645394208534876,10.334552043400528,132.5190679577425,-0.36717030802344874,78.40660712034114,88.18441525742334,0.5943179909395953
0,4.3052104984168045,5.367601117586192,144.9696311076429,-0.8412844288997281,63.528014805530795,109.20144481149879,0.29764428227049655
1,3.5326871816965575,6.218851108660932,123.42425119666302,-0.49893335713347364,68.47938326820564,92.14874367134053,-0.3553491112609803
1,8.847773148808498,11.549045149238792,174.82803120438808,0.7710529749745438,91.02437867080941,116.02377861990333,-0.45710024568296587
0,3.875150160355213,5.782180068783241,131.56621604888062,0.18288790959189058,66.11697674532985,104.94375585988747,-0.26295357359045163
0,5.038911120393874,6.421827372004982,113.94812438050764,-0.6307946556473224,68.9512222405604,83.02653589332058,1.2445897421960543
0,3.412957208639005,5.069421366145469,125.713502363699,-1.213812174399791,62.986458959914835,91.46530030534852,-0.0657125224537795
0,3.8753023923397754,7.146722564571703,141.63899212559056,0.7851947552804035,79.9885040978909,103.79369884184244,-0.47493864198171376
0,3.3113366883189723,4.713571264331939,105.789294310959,-0.20842702570789196,74.65140329269451,83.72374825600926,0.7586511946841984
1,6.325497047188386,10.264747305740944,133.63505159616187,0.11027023209636432,77.34121664773593,86.84967836474159,-0.007637693423601077
1,9.404643139227698,13.944490275784787,188.07338480171032,0.793783658135711,86.65528733429895,121.21855732905205,0.11933107870096933
1,7.74201993655909,12.548522087354925,168.00156129540224,0.881622148271152,85.58934866876636,105.68974120232984,0.44446792467630736
0,5.7999840966898235,10.100254455494479,149.80150123833994,0.053508206801049195,77.22046050734356,106.35425228076095,0.3028136189207683
1,5.2843091243313545,8.471759143882716,152.6272495396471,-0.07504629713585709,75.78842379057161,116.60564795601375,1.616966567989563
1,6.987269596316727,9.898500166003675,145.11762259403667,-1.1485098911290204,63.001422973724324,96.22876329106138,-0.8533049617412378
0,2.741491292419508,3.8625227959452286,97.73693102712875,-1.809826554041686,57.22286370204664,77.53297202758905,0.5121459940580437
1,7.817333397306148,12.888476117182426,148.64538874979095,0.5748589282772413,80.12838389360766,101.05724877952733,0.2522844176158241
1,8.753686470145233,13.387037989012189,159.79295955480282,0.7279179679230987,82.31906369313585,99.23876205131727,0.3113347370436101
0,7.836434161369022,10.668380703011668,160.71108665668174,0.5816029942112444,84.03336913619995,96.44952307962042,0.3930457579801229
0,6.828737049671227,8.818665779727569,134.57741351047054,-0.4099428330086486,75.07558219641795,95.08059712088954,-1.2300130096275819
1,6.730048888851058,9.532593378132704,134.8720123674906,-0.17573830410559135,74.6398591489912,94.1892017554312,1.3060284272975264
0,6.946329729399027,9.059218931143517,133.78716301648151,-0.31805469993736557,74.64912151373291,99.41359224625704,1.6099656392661785
0,0.39654240458392565,1.3887667080152533,78.48570796919323,-1.734364199969903,59.37091176243189,74.06283417179334,-1.5513861714294703
0,5.67107530952707,7.974435389410025,148.49949100092758,-0.036552360601400616,75.9969462297146,103.55112416885244,-0.07530302236685778
0,6.940688505896653,11.326825014600546,157.54638729864828,2.331077809703425,98.97531294897698,111.12676473434422,0.1935025092689276
1,3.912190490360107,5.745764848956364,108.71964888531583,-1.1872710035652574,65.18897209133118,86.41024465025025,-0.9807305364023523
0,2.0260783599747176,4.318533699629125,89.91729198834723,-0.7372767927667672,70.64550427051209,82.45366509006362,-1.7273328829415096
0,4.376051815059662,7.379187670325226,151.56894480433746,-0.12061525485164269,74.18497119918392,108.00248119623747,1.7825140878202381
1,5.3986993262113385,8.417361069025226,146.08337935019205,-0.13061594042754202,73.51123885560406,99.37367108754165,-0.31722761523398557
1,6.749222590292916,8.948273276804581,148.10915539720966,-1.5696443747040951,64.48434348986446,100.24512733930497,0.3305541663513195
1,4.527013901221542,8.080895744257734,150.51463738465378,-0.39677266494867497,77.41107753904248,116.25862179186507,-0.3745300558564091
0,4.314775675744929,6.794700932163233,112.10830956903803,-0.2541515781691785,72.3116287394948,79.38621382568351,-0.8901533545801322
1,5.325223612038819,8.146379129927404,137.91304085752688,-1.7945959067729047,58.1788294504871,94.94614074748634,2.3721860217843735
1,5.899158965927958,7.052035742574474,101.34181207820282,-1.8041330864391203,60.47459808762927,64.76903917296836,1.761831945282315
1,7.35930790627381,11.160761553924573,160.23064199712292,0.8054478265717468,87.05625578277306,117.46705314059295,0.29615449174808545
0,4.903754799652925,6.812521217213644,145.92362232825425,-0.23718354484110474,74.50936162693202,105.50305682676596,1.0487511492839896
0,5.033908633463254,7.870819335366952,132.10073774981154,-0.21982992800063078,70.11764785217204,102.44388725162678,-0.2356890900122156
0,5.741174693128479,9.719501721835547,137.8398433685695,0.030970489982185972,71.12565152897055,93.21013548586383,-0.7908669895601309
0,4.241394058778266,7.651780833504074,141.94527709262843,-0.7630387268145895,64.52501002825316,103.8662256300816,0.9856176164077621
0,2.38291048959537,5.0948121665534805,110.56510348216159,-1.4505801382327532,58.09271347259297,87.3988617954863,-0.964192491870482
0,5.230286726076773,8.992329556927977,123.36181327427738,-0.861185890902121,66.90621942619347,86.88682233315825,-2.2116037424059494
1,8.487281213446703,11.348555726414277,154.63404982039708,0.9356528268322577,80.19158782112737,91.4276911241131,-0.29943132432099834
1,7.36059668291348,12.105517307586776,158.78506623918187,0.08553879517684108,72.83612669701921,105.28713467636973,-1.082425341353748
0,3.8437432183635445,5.229543871864534,125.8112446034568,-1.2422679730624593,67.74094057724297,100.1139103741861,-0.09607193976903311
0,9.065204518713859,13.776951900534952,203.4035581670562,2.1897539128372707,91.64232247173716,128.96804898535964,0.5543608643878949
1,5.772572457444163,7.499738631634984,143.66692762778428,-0.8458032460627523,71.4596338943161,106.9749714239136,1.3702470943567493
0,5.948009968495897,8.451863993779346,155.65205508705202,-0.7341684918819433,65.19368764597321,111.52958228964758,-0.4364260537098813
0,4.123841445678973,6.17348183440527,130.53539868198547,0.6699288962417863,79.2128675021031,95.15111399491994,-0.1454434109452932
1,6.326324916777228,10.059529661796228,158.58399715706457,0.5075057894656548,75.9369067120204,101.13659452276968,0.39919784592218827
1,9.106084516757956,13.901726207770363,206.36953246513383,2.6857731062066534,91.32697244011473,135.77155720998974,-0.04191185198309856
1,8.717282473732194,12.46447940943796,152.15369156636146,0.528789295838657,84.23266994385736,96.60898802712927,-0.8730725882642212
0,5.448992523039911,9.02627502535563,136.14880535797263,0.7207428401286757,77.65584608187902,96.64811404686176,0.7124556397890394
0,2.892489511782029,4.700623497479276,130.980309847534,-1.2668182672301578,60.603000826213965,100.62258703315402,-0.8344025504571864
1,7.629993655537774,11.432257912563328,160.82819390222411,0.10476750059585628,82.40414338741101,101.36095736597986,-0.09969821962667424
1,5.517603110988745,8.117485184803014,128.67504216966188,-0.23866113022030755,70.16380402906161,94.61343388875008,1.147340405396346
0,3.878067351374177,4.8720980130966085,118.53757063441542,-0.9043804397975711,74.60813241660297,96.18575306374099,-1.7481857909106395
0,5.78245363533003,9.041011668432352,130.75936124305449,-0.04591538952157447,77.05140734408157,89.10473780721118,-0.3218176735840938
0,5.022600887067469,6.9730754597203815,145.8983357132404,0.2090897518822274,73.44283308022968,108.02947845780183,-0.22979124484018237
1,8.429275419563448,12.838784358743112,193.42433500315803,1.9565312747120565,90.79042626002214,122.980166581597,0.1817131411300893
1,8.97435937299404,12.898452935575182,181.45454527094074,1.4609578945826482,89.75499388429782,111.83897925273904,-0.4029085910428137
1,7.049213200658671,7.795958685809085,161.59018397693876,0.5346858095269843,79.47493011422812,111.59150781356848,0.6912696621428619
1,7.271431693035028,11.173682191697926,151.8602989054664,-0.28323972450287244,77.01108416612851,95.94583794210253,-0.9163867394364635
0,5.684501954450343,9.464435217969331,127.91305246672275,0.48640405896925215,77.39416141704112,94.59444707507055,-0.37004895729985765
1,7.701852706822776,11.612140459715349,169.58538194242877,1.506443490904035,84.43346575572286,108.60975760053803,-2.066943325112295
0,3.162336177496993,4.864334990151049,119.99644370539504,-1.131542745608148,64.51765571298341,98.11263399851467,-1.4568308281546865
0,5.55914353868169,6.480846890820576,136.6682857157848,-0.13001552455203966,72.24138718829273,102.16392209223818,0.7188290537074802
0,1.8352926220076629,1.6586502987488463,70.36199631338033,-1.972997866231821,59.37951412911806,61.23105593291302,0.8049344207866665
1,7.800552799625475,12.843620508755388,179.566943366306,0.9825632697605289,87.29921718026038,119.54853762041137,0.2726500446224258
1,7.510688863745241,11.692476193967856,165.41356416117353,0.3646939528724052,74.8892581198697,114.26918155075431,0.46479981172482937
1,8.00969555015636,11.623743212795075,162.41171808032271,1.095216101661865,90.42650138011071,114.37733246707076,0.9821296969098046
0,3.3107895437803707,6.354380307246183,116.25573443377877,-0.052397456845120365,74.82415370097691,83.62237529434533,1.4555070985378034
1,7.309304535497038,10.997523828101258,153.78144559422304,0.11896022803562813,71.18449974196436,102.5549029969876,-0.4243028553100605
0,3.396838323525956,6.358318036993927,125.11333139514777,-0.4214719146283473,70.44711049676417,102.10211370827012,0.6437017429297852
1,5.772209785157886,8.388298341160358,150.08335200849615,-0.5910272559724914,70.41292077560811,111.28541614479903,-0.5940581410807018
0,4.209664493492179,6.150541778594871,121.02993665736417,-0.3470736410750252,70.45691259311509,99.17832257813598,-1.0038004644861194
1,6.468606062720338,9.06656001563281,162.66061506561806,0.8545538804841188,85.06154742056651,116.555195717365,-1.3107801276079747
0,1.1026759703526048,1.2740709831237633,81.5528470820447,-2.0899267024649353,60.189839772655944,73.92569320004895,-0.5571113453230482
0,3.8489143639668835,5.876649735159289,127.84048322511278,-0.7489142648498562,69.87704549240348,97.46730258029355,-0.252653575102825
1,8.23825347857071,11.184773680901232,171.97873343536446,0.2604010708613337,71.2709571426536,112.26199292087932,0.20894509230639918
1,4.280360297642227,5.86464859840425,133.259406369547,0.349015879029626,77.71915383754498,107.21278331898634,-0.8616256495910841
1,5.097457062157902,6.293398437378338,119.13299319254402,-1.4968917568037443,70.66380142230028,87.59335133144853,0.5859208792819749
1,6.443187240293427,10.354554389737771,139.79868814290563,0.09033164459859745,72.60543413540485,86.87899267094679,-0.43864812290102645
0,3.734664986132126,6.7748827254173225,110.73817259778596,-0.9009742572362649,59.16009170422094,84.923765257958,-1.2459114485535636
0,2.947491253766666,5.310170244584786,130.45159265060352,0.22613770619638143,71.29880500215224,97.82179895870456,-0.2040483498417939
0,7.455001646916184,12.669076971939067,191.93753958502677,2.7044852577744853,100.89314425339472,120.3995947191349,0.9128165005166096
1,5.638860166063117,6.982462641860373,141.19417920208255,-0.43096942352033024,62.891371259634596,100.03173369891796,1.5073717424017574
0,1.6622067019119215,2.328270618507964,101.0096841093516,-2.35804818210315,62.6226280240032,92.05864167138571,1.3303019234968188
0,3.8538944059673366,7.425660489974282,144.50876759684303,0.42515086449078293,76.26861617374148,108.8350618063845,-1.1603430466312448
1,6.95444261728393,11.313658245042747,123.75871729909281,0.09814077088506794,73.3191155595822,77.4112239574953,-0.5939646142328225
1,6.493795340764585,10.006826773336666,135.8025234118447,-0.6094623455958322,78.64330673095375,90.27993515565132,-0.29243562914238486
1,8.936359882037205,12.301796992196909,146.24945194030462,0.7189746080495956,88.00157713387857,83.84080569635779,0.27440120975494126
1,4.992062791066221,6.716029764373638,129.99027845489616,-1.2228014678668366,67.1776987391007,101.49616468086036,-0.8768106363247388
0,3.840616221558852,5.744159672536844,135.97716762263113,-0.700497436586029,62.47501936227562,108.0219028215732,-1.5128453707553597
0,7.720137579851602,12.26151058884481,181.02163631686352,2.5887686235040954,94.05827697396957,119.48224156085932,1.0950599433965906
0,4.860797616622017,8.705642703497901,126.72368076094986,0.25150819629606946,80.12192573362145,94.01609413271532,0.9114853456172439
0,5.825858825607622,8.362855966071862,174.16563763615548,1.2993548818513885,85.93235587891752,125.32197668562246,-0.4243154545616822
1,6.577732909872954,9.353258257640174,173.53967943291744,1.1247810973813614,83.92651929544331,116.97037538824935,1.8788126850277664
1,5.9433541184721435,8.69330671097725,180.8216867946274,1.5962622985609287,84.30211064299938,136.80429788459216,-1.140480980863721
0,3.090943278735847,3.4177657976446634,88.57388357284057,-1.6774476772978724,64.86923193929864,76.28184847324962,-0.36279575391890595
1,3.7759731319638243,5.858649904312799,111.06863557697646,-1.2704365356355547,64.41224484251434,79.20564808026019,-0.28835757256397615
1,4.487309865543194,6.365143598841857,117.64013454402782,-0.10780220422320384,80.3313257013426,86.31337223304905,1.783766347710767
1,7.765873914285687,9.81697629181603,150.2766492059265,-0.35729164062385876,72.20770854502415,101.4472844339049,0.31189490132674025
0,6.337691081759864,9.681606467649278,142.99327828801347,0.5651214866679984,73.55245368773947,107.5848825723054,-1.3285417883345931
0,4.889285363959318,7.5211641795018265,140.4530321952931,0.19227921009850535,83.83890428567824,94.33515768388646,0.36558820055330454
1,7.05065274619114,8.959255492724472,118.77263467952183,-0.4896694480073634,71.80603660774449,79.01658775787476,-2.4670311047071594
0,4.944749611965658,7.416184310924413,116.61990057602863,-1.6299481085508736,60.41339555585139,81.83469131802345,3.2541777428764482
1,8.152006741489236,12.897168085885898,165.27995304789067,0.11630136581926474,78.96586757519769,104.86794059883303,-0.5069769394720433
1,5.733276450713045,7.332886607006054,131.15944786878228,0.6031057212604742,82.02045158419814,95.17504823759644,0.5541710157412612
1,6.424729767821789,9.023583121401227,157.08785449305498,0.26296266186932643,78.05792799947434,112.09973132186866,0.7761798315337225
0,2.382515689377021,2.824383439219902,123.6353874647441,-1.7030432068943786,62.91226751663718,105.3069656663447,0.9850675759675853
1,5.217780473541659,8.306842668268715,150.51374127003973,-0.6543336937961874,62.55077320507211,106.88090413082699,-0.6674008698169029
1,7.356114255100628,10.91553542861691,169.9738022034152,0.9770942714404105,84.46026878779608,106.77781955101206,-0.6271605898109174
1,3.867665262043708,4.67207235795009,116.31637688829356,-1.7266598740060444,48.64879652786057,93.81684888556663,-1.3075765478271177
1,5.814287975771967,8.766861932112025,135.84009505741676,-0.35418831359721564,68.91121756888565,92.8767302838137,-0.6133392834445419
0,7.085865610081367,12.3425521633862,169.34933129934865,0.9416497269969698,79.8216322766303,104.78145502881007,-0.19805930936980307
0,4.20009956618985,6.9616846498543765,126.93146302618239,-0.3598539462365866,69.69444616911696,105.2386045966531,0.2647141430994661
0,3.7163560350829785,7.630428876656378,106.65173468923884,-1.3047748880480845,65.62538108660813,78.51691669902686,-0.04493381120610208
1,9.433160522992567,14.77399682239569,155.37221021830393,0.32714946839508546,78.70317998078768,81.75821648184129,-1.4943285154680688
0,3.519119407187853,4.811228842249378,111.68409646879945,-0.4536916324788799,73.44621573092374,85.52083565418089,0.6422176582192506
0,5.853301781377718,8.468391576950502,134.1229263300933,-0.36664200779019185,71.21948360125833,92.91082346169325,-0.1567234627859938
0,4.027814834807431,6.430042546631068,130.37279515616814,-0.38257798178400676,64.11690469748008,95.14078161051603,-0.9834034302408593
0,5.9382154301572125,10.32557455367676,176.58481213868407,1.3958351416277344,93.63795093227898,117.22980361129578,-0.04602983982481146
0,5.519057051114508,8.298956960974591,144.5014348306515,-0.475437654590843,64.83271010677649,108.24402441177821,-0.3334371488040575
0,6.714479403945487,10.752309272654344,169.6418812139839,1.5091396221811342,82.72613699605897,118.05274648644908,-1.2594944894858469
1,7.077395658455639,10.735151891950984,156.9853896430296,0.5762067020910754,73.13498895543883,106.14368352814503,0.7556599110381375
0,2.7724825429712254,5.0395291407023635,127.52828823677747,0.3874315313370074,72.11943191299054,110.01421845543669,0.28333924472600297
1,5.206802930651948,7.748029616617129,151.20399193159167,0.11177655586493006,76.00322957219353,114.83834947190942,-0.5752766457159397
0,5.673399687731837,8.555411290012312,137.80853176875925,0.4551566904456701,78.7237147130516,97.85707642840069,1.0622997310181477
0,7.073356217334736,9.256950419239654,153.25302314072553,0.018678155297432917,78.14464310572261,105.37576004110403,0.13911772558632413
0,5.239533965743433,7.5238487708691135,136.84803753972815,1.119146091606634,84.72601277064574,102.85661399318153,0.8736989709976112
0,4.6252448709947345,6.842432016885309,99.86453088803621,0.1074580140474046,75.41349951156626,74.2072914129885,0.045837924154372246
1,7.0779382038745835,10.060305098165351,161.00126689290346,1.610109695422739,95.31220298912129,106.79995126141715,-0.9398689891165278
0,4.268044026472387,7.507540008712359,143.54643537515764,1.1088193602656764,83.46813675183986,111.0770031913687,-1.2148969713809912
1,6.484054865796707,9.573336615850332,163.73015867918545,0.532514350841501,78.80075787625012,118.61781087491842,0.5771121538253046
1,6.620341239978291,10.475534474974078,143.8187307584014,0.4766013897296941,87.83986717191884,96.71262882609314,2.1078965821174154
1,7.572434842008665,12.504522118125566,176.01347203850418,1.4287020775653672,83.1762156494721,111.16553037076864,-1.0597228629761775
1,7.7652091389413345,10.312906737971687,145.95893523552158,0.08606426479461153,74.73546287305876,93.69779713891464,1.1420318287214766
0,5.255222136401217,9.133023095718636,141.89148905665851,0.2121191351709771,79.98847114904932,103.31123610194892,-0.7810245586762755
1,4.908373745838159,5.118511840614242,100.28336209178853,-1.8472350839817937,63.306281855041924,72.65480636763584,0.9704002113829582
1,7.0729824619967125,9.520465252263188,152.91597392436807,0.27273243111250683,75.38118619208734,103.23320877029138,-1.6528794409907923
0,4.7021758839409085,8.524565352186762,156.19174379570765,0.3164926370427592,72.0237526819497,114.34871261489164,0.3244401010892935
0,6.1049077686764,8.341072365540587,113.31778958431768,-1.4583711278273324,63.52273445788725,72.95092846180903,-1.2586907035186035
0,5.476616838763227,10.10063412213139,189.8109839393946,1.8257849195672888,91.97043748780195,135.11087326765247,1.4310622660734436
1,7.615878400774637,12.282477412266006,160.8464816035381,0.19486957531406737,78.7609585708445,99.97501666089322,-0.2966882648628491
0,2.277195591618423,3.9338091831389885,114.33534466911212,-0.9658208942237967,62.6979377607581,103.83188178773777,0.9945332594744444
1,4.784450060325326,5.81361909792231,112.6059928919547,-0.5796495597301999,72.82749275491956,81.03127826420705,-0.21463983463094996
0,2.391771980529741,4.703581436027679,113.36898623322772,-1.3065466855210965,63.77572183450794,91.82453908891489,-0.9281213109559323
0,5.954085182134218,9.624981358145403,185.2507859920448,1.551388345017019,86.52100051555865,130.8099776078912,0.017549398854017698
1,8.770797054221815,12.85931146475486,182.45798479078942,2.2502158881646963,84.65175488631235,112.38977130756444,-1.1981454386077188
1,5.660962209906628,8.658807534098125,118.11902913302163,0.17588849301881598,72.062562653218,77.05156748523908,-0.13881064308451813
0,3.737620239980133,6.812203261974871,123.17877738919658,-1.3431025543687767,63.387412589242935,85.40969655091578,-0.5882920550387533
0,4.9888171769557506,7.32405919682099,128.34162121147875,-0.4583848121635957,76.33772852294672,91.03230689402325,-0.9198211313739119
1,9.263503868540049,12.96746683274086,175.97097113742754,0.8599304586283985,93.82887609525368,106.44316422860028,-0.9524764538766392
1,8.215586871329888,13.738162870182308,152.6258841985534,0.3521368123294335,85.90334345689581,94.92364403347506,2.1222604209767684
0,6.77080165856723,9.391317939164768,158.42973345356424,0.13386279996381978,78.38968578592127,106.30507090304035,1.3629587612245795
0,7.101472253503796,12.448010519746727,167.52315709758838,1.1617279069862974,85.20225589804517,120.13117120230281,-0.9421312994190013
1,6.725783468561318,9.808532036850147,142.04711845168413,-1.1956446679859325,70.1191407995333,85.10133718738733,-0.3133305724123391
1,7.645419142837495,9.935849909966507,144.705652516882,0.06017973685329546,80.26280717471117,91.15819206925713,-0.6685758119999242
1,5.093130120810041,7.792566789935218,142.1858619685482,0.20899166404152952,74.73159227146071,101.58796784204286,-0.21512400197822798
0,3.4703447586363154,4.003773935155888,106.29665832798084,-0.6988328439397784,63.75009268627266,86.64473434986698,-1.1497085335587882
1,5.284741746820146,9.190575968037072,147.6536618858106,-0.1535328333983228,77.04877961126446,99.47797050013692,0.27912692151450774
1,7.018038243111194,10.765858905330195,169.76462737403122,0.6284023051518611,78.16872546948667,115.22224430268747,-0.6377655766002087
1,5.617286955104033,8.275326009984077,151.2731183204031,0.10295886209146227,81.31204665524997,114.00618564740897,1.0750043292270417
0,6.443655464456872,10.58450072254313,182.23183251734068,0.5390509962744117,80.98071964023849,124.21448405048022,-0.1907195781700768
0,3.293248285776437,8.550401931396733,135.70496080533113,0.610883394661434,84.44893805513138,105.12289812628978,0.4846711699990583
0,6.442323882245317,8.691825998904044,153.44251202942468,0.04587509210142887,80.83368153706365,108.55114409496178,1.8849497399755102
0,1.8122847129681685,3.3390873816754003,111.151583200816,-0.159672288812555,74.48321343659507,95.80471939400853,-1.0375333399698479
1,7.336436246642525,12.02435254164337,177.20402292274247,1.2559383815495049,86.23736128092669,113.04794276679027,0.8804500754224356
0,4.252858642156145,6.5433969366247515,121.48047893788565,-0.3578000161177637,70.69965400079467,91.28058330752187,0.8848542376783813
0,5.363406521973927,7.3285862553155665,113.80665307000707,-0.8807677618402537,61.10438307279741,81.42032799419637,-0.7907900007674477
1,8.547319444733791,12.986816114017614,152.42042218533868,0.24685223117146277,82.25799801114238,93.88998461253098,-1.2569329330295986
1,6.3289880275864405,9.96424335153107,134.54796978448462,0.21189003109738316,74.71177571952998,91.04729001498919,1.2832827393783097
0,3.8013049811203854,5.780888714566552,97.11937196770404,-1.6121157567648234,67.61077862431512,73.54674589747599,0.18674909167278597
1,6.1425256748743005,9.527296780556709,130.64782500742967,0.19862441049970322,85.34043050992858,95.8826973449075,-0.70623649802155
0,3.964116833822886,7.846671855065137,139.68090151590337,0.7751874580349986,75.9117911897309,110.18126531635697,-0.3321817653219811
0,6.348041269588589,9.717429814556194,156.70110234968584,0.9341138725728834,88.2182210159697,113.06265633862756,-0.12183683110501281
1,7.032143748760924,10.935353698122512,153.33877772639272,-0.4998193893207937,71.33951866418833,100.84304694949438,0.4736097623831618
0,4.267917917474432,7.792885069247342,135.81025530083232,0.10706760987271341,78.24832238226398,107.02563712038624,-0.99628223870284
0,7.755514153346546,12.846084219078962,158.35791730555616,0.8635887172962294,78.240988786654,105.94510484908211,-1.337536130311389
1,3.545321418329623,5.870400166228917,133.17755087420684,-0.9626016876348208,63.70687370082705,103.82347093873818,0.6442536263387629
0,6.238516522680853,8.247926406469588,157.1290370431283,0.9599959078727489,76.18215031028173,123.08228273151484,-0.4377194998012917
1,5.896793822495704,8.311510663387505,130.27267103143964,-0.8697061689057052,69.151989083244,91.85244940219825,0.9243528310088136
0,3.3701842390243244,5.228436381716026,104.45540895932191,-2.349230468661268,57.21830989501645,78.3916239904724,1.2222399013651257
1,10.63873535240685,15.594151610657716,206.26715013055386,1.7211572422750137,86.84989714265281,126.33292654636993,0.645427008583286
0,5.641786581129939,8.151551842578089,133.80144097395444,-0.5487384046670475,71.24214033220062,98.28418401623159,0.6026194384486275
1,7.227118675714373,11.722158146353841,159.01722006349053,0.9989256039713043,77.48485856064727,97.61957091604569,-2.088674910335151
1,9.34003201835063,14.500890656699267,169.71227175118707,0.9712994982224981,82.60893335894053,101.76021213091441,1.065822625969924
0,5.135880026802629,8.89754090938612,130.15970178559826,-0.8749901590649363,70.93298432304248,92.75862268911169,0.7887347429212038
0,5.989938944637709,9.178700825119257,162.3778452818106,1.4678175117008583,90.65700211401196,115.63817709412236,-0.7436234089723536
1,5.575022579402125,8.309506919933282,144.63503161258782,0.001997658191737812,77.19564994046107,103.46103479440085,-0.6709749260661804
1,4.912323875980753,8.686789501245151,112.16300061774939,-1.493906297663836,68.14035149062785,67.91061414071021,0.08636044822461232
1,6.120825646132271,9.713966137048308,146.56877783570474,-0.8367700837971608,75.79162094732499,105.80567626930907,-0.5286909443200968
1,7.1462655750307364,10.306320716242144,144.89763221701315,0.019823444387927262,82.88989538984767,91.95578446494264,-0.01574061842081872
0,3.921740921760933,6.684199750213251,122.38739297263797,-0.6202225710015834,67.78589187052386,98.61979511803702,-1.212287576205599
1,4.669902994335583,7.036049527890986,127.72135376718485,-0.03337981837712339,74.42107172612819,97.96417462262623,-1.489334615227758
0,4.35660933158376,7.7769427765880685,118.91103309134276,-0.46392060713319216,64.71029287591212,78.38295888956185,-1.3013750814299
0,4.691760896268455,6.708696494945832,135.41246421353713,-1.563764877378495,59.875827098289236,107.12228633263467,2.3689589369364814
0,5.7784723599559245,9.357921981712009,161.67776795197344,1.3184652283903229,88.26768048024482,124.23116296747244,-1.3007406492696998
1,6.486297051981086,9.325437075046857,171.91665494268253,0.11867388241924176,72.91282083037792,126.26371536719853,1.9511409998289366
0,4.920512481551831,9.413906408015972,146.63656547325616,1.332932231676136,84.52147681545176,108.0669687844465,-1.062987560834263
1,6.7201809212618455,8.944448569449952,142.22603234232903,0.40082783383438886,78.44701191023115,108.36018165903886,0.5587597392121597
1,5.718423946601674,8.42909521932525,113.1991328517348,-0.7967019606718143,73.68108156646106,78.12955716679804,0.9434442631515314
1,9.278643004139262,13.996414953526596,174.44610500173565,0.22986189268473606,79.00963766953899,109.41421110713871,0.02999865966617939
1,8.131709017152,12.285160600282607,187.1526479095154,0.9892258764736395,83.51314212723852,126.04950301230478,-0.14940126111124416
1,6.484968122700662,9.62043549576021,143.5408347142523,-0.6425176673979818,73.93573244268224,94.54212686183837,1.4336324342381195
0,5.395588849244294,6.417618832134073,145.63820706121302,-0.1271522224972537,72.28815442875258,115.66931644332632,0.31020973467434454
0,4.872394294240177,6.692950136785377,139.6943738367267,-0.03563988070735839,81.24014392675272,104.1046645113114,1.0798757108378139
1,4.949134938494725,8.564243247267314,126.85539320669041,0.2000104150933527,80.97496657193972,91.16478635198982,-0.263385414740461
1,3.1171601658262316,5.116978816941849,115.19414110987752,-1.1837175413939105,69.59489159191526,90.21584047758529,-0.7283969579944733
1,6.437684940563147,10.452424992325758,134.70652894962686,-1.4272257826523318,63.21327471385925,81.82808647947333,-0.4172613317697777
0,4.241692343477444,6.43521293002368,151.87280725207864,0.15852878589096275,81.62265412737055,110.8434016882843,3.9768488191614475
1,6.171545615438488,9.915890855685038,136.9053421614849,-0.41911857785332896,76.77361837574165,97.38899238755872,0.42800252906263897
0,5.9589243225715816,8.690236356157243,138.75631879966448,0.5887650594051481,81.652651244853,100.63421470071575,0.24980149681830752
1,5.462048596428245,7.496027131407375,131.98954249296892,-1.0216975546224842,68.78089921541344,93.9435701982429,-1.2955078194684782
0,6.683746237776673,10.06164391652042,169.03698801988588,0.7096814930163122,83.07433393272761,122.66059827249866,-0.26060587209101416
1,5.922565853842189,7.778533420610407,139.05086921085814,0.8317027449559801,83.84288995725038,91.65290380703712,-0.21585829018522076
1,7.933560818001694,11.99028493719972,166.57895883693288,1.4202189486188272,84.61958164299982,107.97663638143202,2.081628253508921
1,6.643504272797641,9.337049139735363,157.3220258864511,0.7000889391318885,77.84862983083038,111.55041154393089,0.34535435712405
1,8.55061797162916,11.930853643779617,162.8282278656645,0.33679212244950396,82.37929770057065,111.73518938550704,-1.1487160602165822
1,6.414183137571429,9.025021947644333,137.40221921146056,-0.3204845965756576,73.993553745791,88.84655474413616,0.24683938853126702
1,6.666563663621158,9.228297353050285,117.16762007906692,-1.0579110514092542,68.4362564242885,70.70379625791603,1.0913597147673906
1,7.896644142510242,11.799154825628598,174.14760196941828,0.9354320862730255,75.08272809819246,112.9383843724625,0.14260665756357935
0,4.231328196372303,6.994141868660837,109.27907794724716,0.012409662439830988,76.29550635272771,81.43911124497059,0.057402516467808085
0,2.962946269223349,5.227234529250046,121.62929752397923,-1.516242104140176,59.52450802332369,98.09435329795323,-0.5515517057804787
0,6.884686318493451,10.279342932552904,166.3643822437853,0.7416856254848698,79.9152587179712,120.07703937578877,0.09073191225293514
0,3.8051332282319765,7.276264903598652,142.85995637733654,1.0904772441270765,88.50806453484083,108.9060904906666,1.1517122290117365
1,4.772473663749263,7.0488771564935915,109.70828825587493,-1.0735894511005988,65.71529598150742,86.13276959098734,0.5993486984895264
0,4.962416193090565,7.5486640734366075,138.95250104866273,-0.07897980773444556,70.83157797682964,109.21796152074242,-0.5666720120139461
1,4.468622175282225,7.062747297761259,131.90451144751387,-0.7080996755106498,65.3058894066124,97.58670957427712,0.06547798241155589
0,5.354765677451473,9.00423529325538,154.74077238193334,0.95138036094995,89.17489552563147,107.33605730292447,-0.2039559312753479
0,3.8329949400870635,6.313013969282064,129.71443604697126,-0.781341037339563,74.16960284492811,105.35421763760304,-1.3561653078439826
1,6.490367871850301,8.93822166383313,159.67269707196627,1.277759383483145,83.20836437102277,108.75480768769535,0.8816081087286319
0,4.681011886705323,7.497055359408614,143.19206189193744,0.1753111244235682,75.9251180733838,105.88888349949441,0.019481541217446142
0,4.826447044593644,6.533830563519227,129.33376827958512,-0.22919958883698346,72.12438471801661,100.00190117288967,-0.5115640487457752
0,6.129503564228041,8.509543320917611,141.44749110763848,-0.8385669373331335,75.02516162437118,101.59846484135511,-1.6999855758876992
1,8.143583429887125,12.517584707007753,172.3582481382636,0.38312281856892383,79.15329101349046,119.47097626957782,0.06496145178983433
0,4.291834270013899,5.961748164172534,120.98226639102461,-1.1021411771384446,69.0572429192613,99.52850061423048,2.8061305113750183
1,4.997670869340021,7.4098745061281415,117.17772857232744,-0.013226693532711371,76.92594631385622,84.38663077187549,-0.91357819801594
1,6.63609124697147,10.130010278663999,132.45938484009628,-0.31046414697011165,74.86762274548438,75.00649451936874,-0.7028000432855515
1,6.064551132272831,9.877816612705416,153.05746438535397,0.6633110736327725,83.22489605955404,109.92344442321243,-1.4533162070138543
1,7.024799101268684,9.42215503929211,171.6816314622265,1.4507273425072043,86.48679806059974,121.51896516727163,0.23672368307973501
1,6.319419479837731,9.564605085960787,142.8119724625954,-0.7153593585132174,67.4313750054879,99.0089496919507,1.7037169476018914
0,6.100011300640416,9.670718472615071,148.88303211713662,1.2180297224286263,79.164754552925,105.86316637867093,-0.27882896387175093
1,6.2277242597153935,10.953739843322442,136.91407190644608,0.6424899413351451,74.13753000350395,83.52413316570566,1.222881209862934
0,5.52518313534925,8.210269503995729,142.38094037476054,0.5145516526231093,80.90223447284436,101.48670153105297,-0.9859333410427262
0,5.047967371506576,8.80098292617827,134.5168690202167,0.21639648647082946,77.4423886958546,101.21587277857907,0.4722438033039012
0,6.4390142888861845,9.274210245109026,144.00870422669968,-0.010300097633584282,74.11087354834774,100.02218188518748,0.20592425352165428
1,8.534923601985492,13.611874084346425,187.84420488554247,1.7939627980529274,87.40805761504518,113.25310969543594,-1.8276845261124868
0,4.779906786989981,8.381795750895167,136.6092864079947,-0.20999718937917042,72.35594039329362,107.18022047406164,0.6090307206593819
0,3.14792242903481,4.34737488437069,87.04203141201025,-3.1644234613866375,40.24505811948641,72.07501145520112,0.7817563148459606
1,8.04434796416376,11.842187566586132,150.98569059459138,0.3366406373325301,85.34603545689886,97.58922557458162,1.1470742593343892
0,6.030630671757543,9.007800067952296,150.48892052077147,0.30948320637127985,80.01800528309938,109.55333471129586,0.6233952673625862
0,6.6647088292046135,11.174163985040584,146.79770681614707,0.9453475690058671,83.08283077119914,92.31473423785378,0.21210953884745948
1,4.093278071630456,7.469452449797244,119.45895552052912,-0.6604868305542189,69.44717485875344,91.96260242295872,2.175503251918134
0,4.275166667599991,6.801480410916869,159.44301876419604,1.0774165900972403,84.59342955118832,125.66016178043489,-2.2681848401119953
1,5.338596891716664,9.708979799254129,140.36248093953523,-0.2036611081403828,72.77147420241559,99.53101270240234,1.5598122142523065
0,6.907877113834082,9.856498686797034,160.5094476233374,1.052391999473642,81.85230344996855,104.91411654879099,0.21637326670143825
0,6.273481052116478,9.650691865846321,166.80370794066175,1.6035092239949316,87.75177136378007,124.23447992369456,0.06489358326403225
0,3.885894434474488,5.547034406592508,126.50585222741,-0.974058441039028,63.63432695109357,95.57640291133829,0.6167176771907432
1,6.068347388007102,7.24493703417096,154.35060377679164,0.03667348151258466,77.76316231829912,117.92998269017963,-2.714673227824642
1,8.424512321106171,13.208707846400497,183.70921702329548,1.3711614662616676,91.5768417890186,114.97131979893679,-0.5362288954503901
1,9.113591997788035,13.486361009421618,187.10183725478183,1.6271894087134162,85.72129162079393,114.23863797704529,-1.0328646590592543
1,2.709994251572468,4.40104284901404,125.90730652179026,-0.5900162165943538,70.55781779369282,97.24560810499737,-0.5102615865834554
1,6.185439258061628,8.311451716492963,134.891455657136,-0.25695893136361503,65.3904243663806,96.12060642494988,0.5006269773634933
1,8.049271611180076,12.943840463682426,163.7090786457481,0.8567273704599581,79.73395397233,98.11458336977627,1.6910062317580403
0,2.7731469182893362,4.516624233731571,120.37202920568937,-0.9263342885299246,62.93957193889994,88.04378294223349,-1.2290915742179873
1,6.521777631334636,8.950988338829822,136.0712224661105,-0.5046131380235669,67.91217962036865,83.74794541687356,-1.384712295560339
0,5.052457621502743,6.422862636082515,145.02982831076733,0.343868972878555,83.12921316438144,108.08933997476173,1.0963412625499807
1,4.6331193658418615,6.148772319191593,125.56561547593489,-0.10026477872847943,69.24337999284879,103.47367508664074,0.4524811278730144
0,5.574230440768474,8.676517992233524,139.0850236822429,0.35012592257183556,76.54453176247596,101.66059657093783,0.44318824479854974
0,4.349292805635412,6.7928862622858395,122.580254130065,-0.7115732161656244,74.12527022400253,88.44957255652663,0.40657267201348574
0,4.0202951497572315,6.621659760529769,122.81605178949033,-0.47901869742283437,70.75402486547122,95.62770422278808,-0.0002433372161823693
0,6.949580665604777,9.061033546297631,158.13653737017006,0.7375708801583266,79.61257425388243,103.4853756672656,-0.10617231290459198
1,4.548584842716531,7.878824912708838,119.84810798450435,-0.7859897690193314,71.8932262796983,85.82726546824831,0.7806484402218249
0,2.7972795501877696,5.220314001999348,132.0596365720176,-0.33099221419857083,67.01876427026004,112.4596317777527,0.2578339211057756
1,7.14709841368486,9.334423690418975,160.3644053358076,-0.059374527560910315,78.67730229985162,111.50373646492487,0.7902456669229573
1,8.873138424875886,12.103092436059836,159.02593414367956,-0.5191463700250188,75.53007064254189,103.18742439801017,-1.6431791150573787
1,7.359025637113903,10.661943036375813,130.29911383690782,-0.20990949161059513,72.34170532139191,90.51170204273704,1.8417907853156656
0,4.0218607465381195,7.672315795963136,150.6693242604248,-0.26880654618537114,72.51061764686611,109.07022248699556,0.6599381542959428
1,7.314728800047633,9.524726039327268,163.07172146690704,1.1329586362514927,86.5407694013696,105.67360962711409,3.737325519243941
0,4.785930132593891,8.38063609760669,142.85626532242534,-0.07024623240588998,80.68022687824148,107.33580734344577,-1.0941956842297025
1,6.897328954930034,10.976871037992884,134.9897321598342,0.871300363993992,73.96980184635255,90.65131097129482,0.45978244510336375
0,4.649273092543474,7.456157533468892,150.21797298698988,1.3102056759338172,82.5030251862697,117.53947314725791,0.36502470498555833
0,5.97185123035379,9.252026999368354,172.07259277053768,2.1261291613129534,94.00428102538571,122.60991135560558,0.7661986622911353
1,8.148473112127622,11.408952434972347,152.46827350713536,0.041816683446395254,67.29814632694175,96.71091236925182,-1.9463936408996128
1,7.93453862061036,12.951228600464043,184.83909825864325,1.1918521874754398,83.49105624671138,119.86863755565699,-1.2479073280220194
1,8.652124997602895,13.731930660963256,189.4391992711678,1.0649505344271493,78.3605360741013,120.65267272569879,-2.222379602350196
1,5.579887873671931,9.868092567913765,137.82310096765542,-0.557475795101457,72.52568178462812,91.31598788595448,0.8066769854332164
1,7.5339619230320105,10.949057482042443,148.1444773883791,0.1632618015473999,78.83191609897973,101.5950146412268,-0.06588540006277505
0,4.399221953894292,5.417022246061192,116.63878397443226,-0.7584807048410821,65.79871635220934,92.13074397582432,-1.525458037591721
0,5.454307287391891,7.474875567215125,134.2945800205665,-0.4621749071535102,74.01949451578922,93.53179036378135,-2.3124435413337565
0,3.4421388958264933,5.334556841939161,99.53361695311283,-1.3275820500270044,57.521261769129076,69.94531593619206,-0.2913276993530276
0,5.544061198908506,9.215311103210128,139.19346812048522,1.6832195489461552,80.96904648452883,98.6615680108732,-1.1779773331151149
1,6.759495905650173,10.358569202859684,158.4658608755133,-0.2545473462753411,69.11410224297028,111.8410093956843,-0.05988145396851052
1,5.069111553336809,8.813768110444759,144.31787098631798,0.46333970753195053,73.92188482502559,107.8495151618553,0.6689801721412372
1,5.744415709668169,8.639374135086637,138.94812584544476,-0.6282850629944744,69.43873860497845,101.55358315716943,0.779241974736193
0,5.62336433165279,8.31278731916966,164.02803743512126,0.4454726399562306,78.77071303070862,116.14706634369695,0.8820370627088112
1,7.143253764745712,9.274437474310279,122.68257661662754,-1.36277894641305,67.16729717914117,78.48306721630135,0.1787085209069166
