sleep_hours,alertness_score,productivity_index
0.05056170714293955,-0.06963650641633144,-0.04009799428223166
0.499951333237829,-1.2889313168124836,-1.8748389093674418
-0.9959089311068651,-3.0893872110906733,-2.7811531993220737
0.6935985082913116,0.06818474630061111,0.8762928542721282
-0.41830152002691007,0.32285803949386493,0.4569100535146324
-1.5845772351121241,-1.0668888375326944,-1.844040575349415
-0.6477067671218505,-0.9712202554978125,-3.4809721186257345
0.5985751739673772,-0.5527370066352788,-0.3965751144218441
0.3322500326099644,1.5079138467578441,1.977854479442221
-1.1474766329454797,-1.7306563578570233,-1.5224010474994039
0.6186696890268814,-0.16776619419200023,-1.8545103631304793
-0.08798692834027545,-0.496460617662294,-1.2961143692006627
0.42507239648702144,0.25065283587493276,-1.5429377566321827
0.33225314537233536,2.09430800421494,2.1344892805741096
-1.1568162609191428,-1.4129140748375768,-2.2621754112826045
0.3509971530825316,-0.10803607071316701,0.11434424511851865
-0.606887283097402,-1.1794370966764665,-1.8633909516612723
1.5469793290157272,0.30385115136542207,-1.1851251223203447
0.7233416087478579,2.0976688131819747,0.661849546263551
0.046135567230164806,-0.9046417091708753,-0.3638135792380849
-0.9829916534185322,-1.0657908209563385,-0.5437260571830008
0.054432738865157676,-0.917247971791929,-1.4340473795088258
0.15989293507262803,-0.5977155512772215,-2.125676507674081
-1.2089481591289206,-3.6187345883340685,-4.589056102376177
2.2233602169111686,2.7415498046325206,3.060453296877232
0.39429521471439166,2.668377785813702,2.1166094972298595
1.6923577152381537,3.8185219931495036,2.8376886521234055
-1.1128121538537732,-0.9261085798262876,-0.12998089641975996
1.6357475418015288,3.3696698412452974,3.5183847196858316
-1.3609655918364936,-2.4058754763320573,-3.3948527213939035
-0.6512258333298,-1.916056298156804,-3.555286002086522
0.5424513084033299,1.8037389512812183,3.2666755490378074
0.04800624719068911,-0.605356908306118,-0.08883046380265502
-2.358073633011557,-0.7080787221501299,-1.6844409922511305
-1.105584043819401,0.06671819239390975,0.2065089134834669
0.8378363539201328,-0.12832200408071914,-0.4863145739935667
2.087870868283119,2.1457071066106463,0.6063827506897179
0.9148409578006828,0.7437561726981341,0.5969409195466095
-0.2762033542650379,0.43175360935717305,-0.09270438215357163
0.7965118987249309,0.5762367360153771,0.6873431033435111
-1.1437985718462247,-1.403052183202361,-2.407443015790077
0.509919782970217,-0.8967670706903288,-0.6496511953074484
-1.347460295091466,-0.004939270749418467,0.10072237308344696
-0.009360100629907888,0.8697064129405251,1.4335783837314653
-0.13070463858816003,-0.08195987503089441,-0.7657511758153693
0.8020866136293581,-0.630936042137284,0.6216997892131964
-0.3029639671284725,-0.20202624032787397,-0.40882111851615965
1.2020025898120372,4.425672106884582,6.574555453201718
-0.1967452784783376,0.17447196774834978,0.4382045737270833
0.8365287021306153,2.241088255037536,2.2599470267863206
0.7866022827541579,-1.2037805588334436,-1.9627504658142612
-1.8408758667985543,-2.5125645298705797,-1.4776602584256164
0.03754748651057455,-0.1880206982598425,1.6443334306204613
0.035928051415857754,1.1246071499419183,1.6523559689973992
-0.7787399245569351,-1.9169312192983425,-2.172578436729499
0.17941071435718353,1.061643929461606,1.1523992097367013
-1.455534327195565,-0.6612056671643216,0.7915411336924982
0.556185222950422,0.7579047593354862,0.36711537783264586
0.5097788545383667,0.43591838398902144,0.4926457169506201
0.30044554294822756,0.8077535983190214,0.2659445616325792
2.476584161449852,1.938616612205458,2.5519417495558985
0.35234339654808555,-1.1931655000147185,-0.826576283724967
0.067471000550668,-1.6408110066211692,-1.2788841610254233
-0.7322646997692349,-0.7396059230972463,-0.49174986777885166
0.2971412102800129,0.041981038632524614,-0.24460523265547013
-0.9617768011022458,-1.3228235390350238,-0.9460027134905696
1.2718186173259054,0.930242131756859,0.6446617662403784
-0.6476445329744827,-0.919650343221018,-2.5168015868030733
0.1584695369715993,2.0105834424534765,2.8173779356908026
1.990083016332528,2.0319200487740474,1.0987869271065671
1.1641875606586463,0.4371171334599947,1.297030355580484
0.24266015856716014,-0.9839735824224972,-0.658485268432486
1.3799200970497907,0.6425929202622724,1.369228354475107
-0.05455870545290261,0.4344096079300451,0.28265344766517975
0.7952339492930321,0.6727206784801124,-1.340000753322582
0.019089961907993495,-0.4311100081999816,-0.6514428422333502
-0.9054381367344626,-1.3626876728119766,-2.8876257728021746
0.43027133125845984,-0.9880212000162109,0.0701676546225648
0.9346500630468874,0.1517551088677075,0.6763199573624653
-0.34610187222524125,-0.8925989638323735,-2.799278265288981
-1.0971218835498175,-1.8064480523467006,-1.2230347125835255
-0.5281960691477324,-0.4596980286895608,-0.5681271243008581
-2.379775273987008,-2.0473220240546697,-4.5308874612373184
-0.6076836914911097,-1.477918374427053,-2.202168521700655
-1.0752900903037375,-1.058648534740154,-1.6602390836886243
2.0224050665922606,2.728168856962947,3.045513808350071
-0.564875296812896,-1.3637742121832033,-1.296278377751451
-1.5429290505926692,-1.3921354305958444,-3.4338676713589877
0.8708417789331119,1.9335366570813939,2.8219309468936395
-0.17521052684875305,-1.9119956144492556,-2.6344597141444623
0.04860300668938603,0.3934636985750262,0.7557216491317499
0.1886462032351803,0.5539497124206392,-0.2844691275801864
0.20931348847461803,0.48610999056216403,1.2058560013523227
-0.37444491650627654,-2.0531303100124276,-2.1150217643698817
0.954698597250924,2.0664586316278895,0.9495057787141363
0.5232476625104543,0.4124650833460499,-0.8138478200989165
-0.495818519936454,-1.482278378447293,-0.8707884579758179
-0.1714646096186858,-1.8520936802616914,-1.3805864513596902
-0.9443685994103146,-0.7932888316773701,-1.2973622928574715
0.2808646754181217,0.0838333233998223,0.6249031546544062
0.7382471112975459,-0.5605855926487423,0.8145201186071497
0.6507532310220859,2.337481731039739,2.1553661757190006
0.6147406295738974,-0.5700647426873133,-1.902502572645038
-0.1265685946742578,0.4412523930566762,1.6399940843169358
1.5788742470738537,0.8596471473062939,0.3040933141580553
-0.2071816771862039,-0.51284334865515,-0.7196375340669395
0.030067081738773815,0.6361093875659963,-0.8489064103894913
-0.33617983963528897,-0.7201802513457163,-0.20560485128977724
0.08126377095000947,0.58390163109833,0.8881093617814155
-0.2405241774403785,-0.313159363287624,-0.9663204074623395
2.0321793255564504,3.903885651200646,4.204529768968404
0.42584671305274363,1.209209323510967,0.8189997513748366
-1.6829648888583426,-1.546992363800993,-2.207141027014703
-0.43388637923051115,-1.2514602948246116,-2.893064779700839
-1.4162275302358232,-2.1188224184980426,-1.1912651853333476
0.8798989957682123,1.259290241957318,1.3980532592940074
1.374593232372779,3.350628386860762,5.012296450309453
-0.45104290941193875,0.9670528053637442,2.158874812025436
0.6135326281126559,0.9298304212337143,0.5198078460619475
-0.21015656295939672,0.9298698007597106,1.5604691065432945
0.408058165728342,0.6690637329349608,-0.18249436492895532
1.7323985051241397,2.3348540564803777,2.4593601834849528
-0.3494479576644289,-0.31883270600265456,1.3465517929669135
-1.2331368225253148,-1.7449261627227592,-1.4915918352423352
0.7182743889567151,1.4098651417171006,1.8661885673625296
0.5165596324474883,3.7539097127828884,2.7856921840321776
0.6738014915009346,0.5727377840242158,0.32846287943069824
1.026454968872454,2.4299766989433014,2.237749368112387
-0.681148429067322,0.12463510777254427,0.6843549926182179
-1.9660147211066379,-2.258573857761554,-3.1109939352501
1.0409063667950138,2.074614587910653,1.3885045698446514
-0.4086503122624289,-0.8725847249470156,1.0227124511756611
-1.2074004608317588,-1.2510702272625136,0.4704298942852809
-1.168290282099549,0.10772000641359325,1.092600206131936
1.1283733315399176,2.991328640885291,2.5330227488897004
0.1808333132933886,0.2600958039418825,-0.4377086055718017
0.30290203466058163,0.2506219317200264,0.004958313870771891
0.8503868709329685,-0.2481058809508827,1.123940471255882
-0.6769009451226653,-0.006918600905181371,0.8465352749589021
-1.1251145907071787,-1.846269505929094,-1.0560879309874056
-0.8529512801266511,-1.8298356342676687,-1.2314702906779407
-1.1045746143949728,-1.0590675247077734,0.16464907778285576
-0.2910957984262273,-0.3424539828317629,-0.5339587850583551
-0.8909757321929944,-2.468867711148114,-1.8004143231333647
0.03863521297931748,1.2584237312615547,-0.238623249686434
-0.48084914255057976,-2.231926196077076,-3.3862163819812805
-0.07997948912369487,-1.7218192367779346,-2.119250659517114
0.6497903361043563,1.7289555892476758,2.3534571579417864
1.4012768937731703,1.3782132457797762,1.0233236430213255
1.5559379151111754,0.14200694933946667,0.900104242908951
0.11492217981461954,1.1558243781992044,1.8106384773450013
0.2123702873739759,1.1251900904164642,1.9752992612788118
-0.5083802283826558,-0.8236863346982857,-1.210113686298212
1.0059819923079054,1.1001673909909977,1.9967154336412127
1.5317908627010566,1.9982810406301983,1.766424448204099
-0.5936018037153825,0.07992159183869829,0.4809649515223213
0.7641056650847913,0.755834874243016,-1.598490046000804
-0.32956653889950804,-1.5378536870437425,-0.9420320830394047
-0.17111499491513626,-0.33543834641689074,-0.3335113524035286
0.18428475762614724,-0.32506748801744023,0.39880413890310773
-0.4011768175804327,-2.1463052149990265,-2.231968837193906
0.8951043772209051,0.5368257913968537,1.2340214378324634
-1.4958523645400124,-2.8886302269641604,-2.143361616785739
-0.6953969087564817,-0.769366088492225,-1.4504595902322506
-0.11941144147427377,1.012552944595154,0.7915994724810829
-1.0448237038820016,-0.8005600565350693,-3.007310071250851
0.3606379837657692,3.219067141133198,3.346585372191434
-1.5149042991986297,-1.406787505102745,-1.6265940292208578
0.05517757040402111,0.1840667719998585,1.3738760996416393
-1.4402648770248947,-2.6673766531693195,-2.364300169740503
-0.14524673702192165,0.6561497241406063,0.3400099745320455
0.5080733000638405,0.9410661200567771,-0.34091244727124304
2.203564018730217,0.9732269153378517,1.670189332167531
1.0776343302296136,0.6150450324416028,0.28377040420283767
1.6172412099860323,2.561504735603103,2.5375985197108157
0.0679721933773016,-0.403660247094123,-0.6365141298240519
2.1157358407718037,2.9320692338379697,2.329423924575212
-0.24125867389219266,-0.09257612258170386,0.2902348218964732
-0.2521975074872346,1.7421320736589563,2.9328974878091136
-1.2820828282546444,-3.0479978190427186,-3.7196869641971624
0.22225174651863316,0.07990001524876825,0.2065933412108563
1.0536004039064024,-0.0949790379312212,0.3591919364949686
-0.6338581435034277,-1.6733872139493493,-2.0626398747823673
-0.3706021899672946,1.4999209525968347,2.5322882620892253
-0.4635449705682646,0.3638194541067652,0.9927370499225384
-0.33145255509521593,0.1950566025764922,0.3416842265986292
-0.5903833863542031,-0.7709449400535235,-0.8918059220306546
-1.3500397240230495,-1.5901052304422048,-2.2045367095213617
1.3809681298362364,3.699077125340408,2.6729542457684126
-1.971753076402296,-3.408657587701455,-2.72425078300968
-0.927082194592078,0.18366582429051181,-0.11857454196916561
0.3437414502444053,1.5293191959890555,2.137470934561918
1.011561741825199,0.3034585937823179,-0.8610794654050221
-0.2086008137046158,-0.0097579316930958,-0.49073765808085823
-0.2832462909256119,-1.0388953888531554,0.7878341710115639
0.04947654298066868,0.12031622876935966,1.2298914161256636
-0.2613120423442343,0.585249301362911,0.7441790988678683
0.8767424821475354,1.3690099881370146,2.404948034275886
-0.48287868607678786,0.6771514475581003,1.2375095277571098
-0.9854184610505135,-0.4015294902586336,0.6273451655744254
-0.4726628155357138,-2.7985946808308126,-3.1427783324920386
0.0962679439289491,0.9567633392837716,-1.1814145691724558
1.2292133951136988,0.21064131036111844,-0.18440589518371975
1.5998775141511075,-1.0120637835811286,-1.0152537152185406
-0.3994142762716403,-0.8038115246821913,-0.8804181153870043
-1.4641835614607555,-2.2740267392709232,-1.1005603300367792
-1.3838662798176629,0.44400123206322895,-0.19941179801055198
2.125322152815616,3.6109520921359475,3.8457804658993484
-0.4028697810483954,0.4026486585330322,-0.7765738863264939
0.4579062166073701,0.6351099636731506,1.667991561328801
1.9172848529392297,3.240344112273027,2.088380087314009
-0.6801162405590278,-1.4483404604891428,-0.0016952988357343823
-0.19457399322893792,0.9198514065082151,1.6755629095477262
-0.580595171588887,-1.127627457762764,-2.4635291625227103
-1.0959160033229234,-1.4441945104056244,-0.7534686054439704
0.7997555367606815,1.277241877005904,3.0749251504868553
1.0656997694604582,0.5936805592131243,0.43178592396742044
-1.8737384374677049,0.7727641974299697,1.6023063951176972
0.9817106626077918,1.4241108234717954,1.434536878686766
-0.23596711644264684,-0.6666320723168602,-0.2667610079068522
0.18362631874731677,-0.6902104711358927,0.18570326273203974
0.1978690014898948,-0.38721270405781466,1.2979073148182763
-1.306538672323684,-1.5840686095284873,0.9931799573632063
-0.3108709155936917,0.21032017452512358,-1.0204458691709926
-0.9909132208147385,-2.6546013262130916,-3.5084122536780398
1.9152515727676838,1.860032400422145,1.7233561295552688
2.1858481508016583,4.487009301176944,4.862695897994141
0.08403339269975764,0.4475661374422272,-0.1404633226042855
-1.1789560204707124,-1.3654985550430838,0.021121504607387154
1.1560560628692689,1.0323987812685331,-0.09247614636419343
-0.19000183447865926,-0.4257814259993505,-2.0605072235230564
1.7454445064179225,2.271117635683883,2.5593037398744145
1.9687193886609664,3.800888631625114,2.0308955527093424
1.672906428529285,3.398851673475291,3.8682996718612364
-0.3952594511531999,-0.9866197852947043,-1.050906071110651
-0.9980747882005427,-2.0448736980465045,-3.7138024844284248
-0.6630500081023505,-0.2676104247230454,-0.8389108916999348
-0.09634523745028506,-0.6537503365416489,-0.2627500265937436
-0.9238073349289707,-0.09441965266472696,0.9556435254533691
1.1933685110687036,2.5840598514504896,3.4589705696835145
0.6574641594463078,0.06873692013823651,-0.4137751814143912
-0.03396528512429178,-2.1356294768076367,-2.1667606611509083
-0.4003929858812219,-1.850536197138403,-2.8457132399750216
0.649314479705606,0.6849406502397167,2.694643401588969
1.378419554847238,0.46831227278240095,0.07654696736700867
-1.92979534480279,-2.000425074229849,-1.1686791891627
0.23387359056926554,0.4895093678328984,1.5526962355747818
-0.30046530679382694,-0.32053167014683837,-1.2133948768143148
-0.7442297007400367,-1.047357134335686,-0.4482085512570677
-0.3412559945570482,-1.1151418554523833,-0.15130553334594898
0.13451712482584394,0.7550159819409461,2.1749400915119974
1.8695655198948518,0.30694495071885797,1.0885606443652511
0.05705716334610017,0.5005879247319253,2.3731429490663256
-0.42976675474571086,1.788975001627424,2.9924821593947666
-1.2271901478945269,-0.17654376069435562,-0.735988733944818
0.773999258696345,0.9389827539207698,1.5416781813482583
-0.7518707579395738,-1.1877683344218293,-2.299089056249655
-0.11374508043615052,0.252414104759584,-1.7033798269127962
0.7130867998080886,0.7170464254191733,2.5757486378248693
0.05237060233433367,1.7228658559905201,1.9439576550190178
-0.38622864109822963,-1.0303243296666935,-1.2971925519175627
-0.17271986273617881,-0.3944910579670253,-0.10699249510065961
0.8983490183938353,-0.11510532215168046,0.7013345644567691
-0.019636220812203332,0.5599282132232773,-0.8745938733217123
0.2426731978095983,-1.299831212332978,-0.13030933313150395
0.4228484666967025,1.3277375571110857,1.6226397085022506
-0.3345393543894861,0.1426268210469674,0.6102368089938877
0.3279391131716732,-0.8896204489590183,0.04290145913301224
-0.27680915818467416,0.07267862599143071,0.3602342726123231
1.1338433230995002,1.0965371454441684,0.4120418498081707
0.5018102535036364,0.049974100398477495,-0.8819915299892191
-1.7303379403668953,-3.4205618989519317,-1.9069985587164362
-0.2073539378948809,-1.8846882960611795,-1.4934513781683907
1.1091745750475943,-0.1316172376646525,-0.5149668873478525
-0.21286590357542745,-1.9484429402873442,-2.594420832430572
-0.42251742245979684,-0.47912093806557077,0.13531689341268704
0.9936837813309481,0.1652091915748486,1.6486218534955115
-1.0826261775137358,0.812103463800911,1.5379761505995897
0.06503489364580199,0.43551041101585025,0.3859251309482165
0.5901631705123199,1.8490294365950861,1.5445591145409907
0.8519276259670268,0.3244356658405503,2.555322844692351
-1.0333501695464427,0.3148954007513953,-2.381334029268662
-1.2462120868552706,-1.9458373557893975,-2.558673965656256
1.4945570010033784,2.7785012990918747,2.4637702442748846
-0.7784218204335385,-0.5924789746575719,-1.6331018611455974
-0.0898844120010162,0.5931846676422937,0.7087684685575245
2.431224001858044,1.7481061313732895,3.1583774082057756
-0.46524873269584993,-1.5101210170231942,-1.226605923777504
-2.2020645785769135,-1.7069739726608146,-3.29260105400001
2.7868035924262387,3.793589564839742,2.3728054632364435
1.0125793374150847,0.6202358023691606,0.4186459869956187
0.35879082685753727,1.0185401992006444,1.7053351740296114
2.777134678574679,3.425835987671874,4.289314726181298
-0.07526575436784813,-0.6774528359688679,-1.494730377878247
1.445932861713138,3.7778768936759235,4.4033889661808345
0.012459977955908008,-2.288046757812207,-2.90401681880784
-0.27564461716743893,-0.6224567734275885,-2.6461582354679063
0.6325144631085122,1.6224940162343473,2.096217663913961
0.8843878174503853,1.4746732032061618,1.2425243601747364
1.2823673684818464,3.508435152683417,4.636271895516195
1.1945162596384655,2.0203207014934876,0.7203647205931263
-0.4987207248525505,-0.08754167365000332,0.153286387182511
-0.08073961355004149,-0.732782339948886,-0.6443155625304684
1.9378714030365307,3.9531746099930065,3.3208764857831583
0.6088372193051501,0.129171289124559,-1.24493476246949
0.0975389955199564,-0.23087254317344225,0.3110701548479183
1.3474291193769772,1.2680692870702515,1.1514515805055774
1.4001607999087358,2.323142619254121,3.807147696962093
1.2899787196652026,0.9592192035328554,0.040899101531860826
-0.5461849881158446,-0.7201069342121096,0.2356894835834994
-0.38478663889436254,-0.9764511887985124,-3.113513839228081
0.7521343610390115,-0.8489090382162379,0.16050146436850432
1.1923650263847168,0.7510689132022935,0.023289605771744548
-1.1950620591460468,0.6217790442256541,0.7976196420323356
-0.4550235150065243,-0.9411049427557276,-0.5329159044699818
-0.22968968686828925,-0.1070216249909241,0.23052603330521654
1.0072471141177441,3.797251242613251,2.806829925494519
-1.0830026430219033,-2.0801524434560763,-1.4716346934243307
2.704963428545874,3.9565635797330407,4.466019183735067
0.09005405825364345,1.3255227670615426,1.3597270584504537
0.6200833122731744,-0.21015269170475426,0.045718324625267426
2.229865003742397,4.231810414690262,3.2838165265053547
0.6291720981110822,1.6584278600804918,1.5368948120730859
0.7551415376335527,-0.28778741217539305,-0.2982120272322894
-0.17191765456386537,-0.13086725439281904,-1.632740500206937
0.47529738371938646,-0.6492023762698974,-1.1383018936823706
-1.0494869312052113,1.5534911479057985,2.244808866690693
-0.06954631955768222,2.0454350789131803,1.9202514339951053
0.04412066920673148,0.07399141991209734,0.10807788881381228
-0.9829709705172731,-1.8572892527577567,-3.1028934314176504
1.0135500644262037,1.6687180023700083,2.5261545847563927
0.4595817793715172,-0.5912175192616702,-1.2300383895043567
-1.8529345547656604,-2.4625750193164357,-2.808351936614443
0.7970231337704041,-0.15895407909448278,-1.4135454790678517
-0.9177410447904097,-1.3586551899257766,-1.0142042244438174
0.5900888266498163,1.1265990991197614,0.9336401064259572
-0.7934120925514541,-0.6235127529729118,-1.7502092214002167
-0.34997653508726734,0.3084329663373537,1.1340791160184
0.42747242025174376,0.005369245052506133,0.029546824527806926
1.9479535413085318,3.2194899782654343,2.9626741951339266
-1.5022674487944816,-1.7084911492621893,-0.6829708090989857
-0.3370951485402847,-0.048504049155147555,-0.48649222688923976
-0.33211090646456204,1.1050422688205896,0.3436436468542724
1.1024630867548275,1.3678605196566145,3.381759430204735
-0.2357250026956554,-1.2463471116523879,-1.146809105593592
0.42588321657931505,1.1998067476933802,2.33657426258241
1.3417600707703412,0.5771150250537369,1.4118829814398375
0.7754678761316596,1.0177556413445183,-0.5314106946716337
-0.40668098340625386,-0.5381008130135386,-0.8027174743160604
-0.4230562404154202,-2.609623671907159,-2.5643203184601036
-0.2565378813042631,-1.741556045363029,-2.3415989346926667
0.16536045077124326,-0.727242098134686,-0.467879422169462
-0.8468086306615648,-0.673675951405984,0.4904607767428195
-0.0439453344446489,0.8542945390715255,0.29632367443820096
0.5868325959229046,0.7763828120849301,0.7385370483572596
-0.45731791762145013,1.7787114218773046,1.6675601444706067
-0.46723319177552763,0.25914520933965235,0.31342772880038733
0.2953631664521686,-1.1884744813846657,-1.7210626695886608
0.8091036574800972,1.607485895946411,2.3334902513726243
-1.3296225653645286,-2.5961162064599987,-4.022432094910499
-0.9757507553867028,-1.9575026206081754,-2.84786760604962
1.2925171335078192,1.2648612852168193,0.07739627724300657
-0.015102165126223826,-0.2573712127309939,-0.0683853300160788
-1.0921716157456347,-0.9735578378280514,-0.1846984003634482
0.12714869832207104,0.9159141478633912,1.8608776637443014
1.5892857857053935,3.0185540676041445,4.156814325127746
-0.6105709733746657,-1.2925949984729637,-2.541845165740599
-0.9536574533589076,-1.0496810763428484,-1.104962930415938
-0.24386478106095172,0.8870171450773212,1.738382500793461
1.5970939712582093,0.8165623959290156,0.6894647276859296
-0.6518402270074704,0.2267920023620188,0.8073003257306194
0.533652814312786,1.3770881135046098,2.0489251653534786
1.0079886448632331,0.8557344744200945,0.776150248802798
0.622221839355048,1.9673549829016528,1.3746833933283231
-0.33942943577207396,0.011642912890304169,-0.4414026676766387
0.6521255747094669,1.500892158222122,2.8933871146351273
0.16885282012414457,1.8075007956634965,1.987398665419624
0.8122180887010094,0.8909968040178071,0.39896206875403645
0.39256061145994575,-0.6555383974409217,-1.329629250441623
0.14384316699854657,-0.27694044692141406,0.7324622711858821
-1.7302226951536592,-3.1612183716488214,-4.291745572864591
0.6454157264599267,1.7880125159710185,2.306559174350011
-0.11350210921986074,-0.5050001017542481,1.6215077603763923
-2.071416678832329,-2.925260950936862,-2.8718925679555616
-0.04252246383447469,-0.6865329956268972,-1.7319065638385092
0.29630498290305995,1.4634340039446498,-0.31410910036288575
-0.11804865894780676,0.15891636907319254,0.9812558553842918
-2.43670919062986,-2.1548926732135083,-3.285077483989841
-0.7230814825246279,-0.6383933623497245,-0.36821589426334994
-0.9616139379134133,-1.894731623230483,-0.1019285584935794
-0.3162997855615627,-1.3001201327061669,-0.8515542420762638
-2.292913052648524,-1.5552181123730326,-1.7161123074158526
0.2822066625101752,0.04873814284448702,-0.08625847713377108
0.5335672931819714,1.3084334250513088,2.1854416563921317
0.5746125677084446,-0.45821174735624925,-1.0585257038184
-0.052982094045495934,-0.3723166178842465,-0.6476348212325511
-0.09778952719436447,-0.6883708301295647,0.24618757417107517
1.0061499815311958,0.33883766393914905,1.616184669064586
0.45432286088089974,1.0986819948171285,0.6488652373250157
-0.41447376726068574,0.3556527513410862,1.483286742103049
0.3005999498903998,0.09000431898845856,0.38462049300542217
0.6950926219303829,2.915717321261752,1.4693528711716162
1.2005087989202707,1.3978943969524846,1.5665340047728766
0.4716608240541078,-1.059193734141389,-0.9834231089864434
-0.7764132523841571,-0.4271570954073317,-0.5439806025479968
-0.48244328711780143,-1.8840535672101968,-1.7379714040361907
0.22538835218849737,-0.12644018817043517,1.5242866157015744
0.3116975861008667,0.628220495428977,0.5710702878115756
1.02103787364917,2.3620070392078176,2.9216234403406056
-1.8638308118766338,-1.6926707504995937,-0.06485705139899123
-0.7037023318973118,-1.5792747523993604,-2.008449986248727
-1.135040015031587,-0.09631273668586005,-1.6965106368437315
1.0833652811010224,1.5402940929607047,0.318396647984895
0.7739906832947563,2.197089828999947,0.7587144294229196
0.3407628701395841,1.7062364405036312,2.6437486520112534
0.8141008749779001,0.9840904216471961,2.516442243702751
-0.5533728545021042,-1.3950863821655237,-1.5954082462322072
0.5337351041399221,1.329442950497938,2.991057143240881
0.07382212641270419,0.15019093071163392,-0.23526237785567106
0.10614916886092611,0.04458729014062636,0.7881737723557913
-0.1099332370241979,-0.0006910040176282828,0.5379991298913631
0.9618533287560721,0.29485311183806207,-0.4342717657986924
1.0706263158389788,0.25703778840358793,0.10430785998399056
-1.4052844496938572,-2.226626009649782,-1.4307804719642843
-0.509556179931923,-0.4693800176944446,-1.8153700686037628
0.09477072372450644,-0.21142012265147486,-0.28807823888464273
0.5818474810254954,1.3119327583312022,0.49819711427882785
-1.5853008648304303,-1.1760020390096297,-2.0077959052487913
-0.9057392814294867,-0.6727129731335726,-0.07124355989217612
-0.29557474623471613,-1.3745649024599125,-2.329408845729798
1.7464247794463765,0.6199736986928572,1.8712229815752566
-0.8516607244179112,-2.0108339061964697,-1.6952653863284748
-0.37983557119850514,-1.6504416576850063,-2.3147199577406212
-0.021906570563673188,0.770368586351834,-0.5644414575793341
-0.09407386658348912,0.6551142957145846,1.3573669572836664
0.16185411154759097,-1.4700322807097612,-1.1506526977101936
-0.020893788765318215,-0.4628560207552401,-1.560853060393369
-0.17918604464068405,-0.3885641896121891,0.10959345140172122
0.28874641487297714,-0.5556925624975539,-0.898405724739521
0.28074750319129893,0.003127727040612316,1.5797370861332145
0.382281043934476,-0.42712550488369233,0.133274247680282
0.40469337877166406,0.02204800885337488,-0.7805748897661462
-1.1496488450272062,-1.4188781860343673,-1.519196738996965
0.1813571290386325,0.5286360776150116,1.9896797559772068
0.15887064265155437,-0.645779205757028,0.5676531338183468
0.7829755620058901,1.620928803353212,1.1892021894033293
0.6934836181282612,-0.04957263722959038,-1.5257511662156122
1.5476848998383668,1.4634492050055727,2.5681642731663343
-0.78065432550239,-1.179170934256411,-1.932485459650907
-0.12037253993468713,-1.105125979255598,0.9489213795217561
0.22419724687305345,0.6881886253945536,-0.5379252546497241
-0.6139448331464631,-1.4315252974023491,-1.8614481323076917
-0.25582830200146434,-1.2770276894637784,0.3158125478955722
-0.35427569742561515,1.1995217664656095,1.4510401368414318
-0.4609470720836896,-0.8599434482133537,0.21300061445255558
2.2695720001145987,2.268110722776213,3.5069951526058096
-0.06220609279688903,-2.406746213479721,-4.379563655668428
1.4742853278949553,1.566206031252754,0.7933404439696975
-0.8327234407283723,0.48070617248526193,1.1618743345034954
0.2941980119475269,-0.045528886793666457,0.4247687688481248
-0.6114027637580833,-1.0847191210024487,-1.62156995721078
0.3522577301154437,1.152362367091915,0.10806839196081652
1.6697289855668835,2.819400730112474,2.9589138198700757
1.945302968935181,3.4656438087574957,4.224875166572747
0.8270633498743339,1.6451111944336123,2.3065800327931454
0.4752458091945331,0.2960221388228213,-0.8519315968635592
0.02932016177148572,-0.6967571317857516,-1.2815064563206282
0.4111141414883263,1.0367764183755563,2.099170437069164
1.3872066355591908,2.1639552592347453,3.1340620489422144
-1.5798239487630419,-1.4169608019488449,-1.0108035747542163
-0.27397208456524197,-1.0140012487163055,-1.4927043601667167
-0.9330431725830466,-1.6225162276284437,-0.7869902218417242
1.026084011547147,2.7433386786930365,2.4574353108495894
-1.1968814732853388,-1.833763513244643,-3.675652103614614
0.8587410566701655,1.625834977759658,0.07962046953199153
-1.1101104959517392,-1.3361226742164678,-3.333833052295546
-1.0338148227402708,-2.9351929374935084,-2.8052559078369694
1.5153867308189553,2.359692628983646,3.330072458103176
1.0395038590371537,0.1905213897826068,0.7060730952651141
-0.855929481553125,0.5625480966824594,0.93441347912091
-1.6872790377688405,-2.426868524460748,-3.4396219225534486
-0.9003956534432475,-1.7424963992438438,-1.1036074450704205
0.6134703140053833,0.5172931495404376,-0.5696292646016412
0.0009652753924580381,-0.07761268392047123,-0.7551379707843334
-0.9007809450843867,-1.520017794663443,-0.8892342674044325
0.5618361945117918,0.29857387108141986,0.7704830882076528
1.387025762490197,2.692778611650343,1.3881467604523352
-1.0869361269432036,-1.1835986075986091,-1.3144836562927618
-0.05174972268390758,0.652097891133702,0.249742072729513
-0.7666542795806259,-0.8590630991148609,-1.1449190918448735
1.1093812025963752,1.9120438208352561,1.1632851002729097
0.13851621085481963,-0.5008531378306204,-1.008397965040293
-0.6189855817862056,0.7654457071478045,0.43765944896719505
-1.6045134882516914,-2.849565577998348,-1.765544662128475
0.7139751722892855,-0.8914335034893205,0.41066973627293424
-0.2556043656947294,-1.681591666815483,-1.7040771965777934
0.1594475159385388,-0.8287346006895681,-0.41199488035727255
-0.15607334469438092,-0.5042361681094647,0.14807678454864337
0.424876682136576,2.1616983887602133,1.4217651659635615
-1.6921731367672335,-3.291637764614126,-2.500254114048467
-0.7843621851053145,-0.27504776345630233,-0.1230674936627513
0.3565179179105028,-0.5422582059781847,-1.8864055169861955
1.8158527920436751,3.4798173904197895,3.720897074934212
0.3382529320399896,0.9319459071562415,1.09026373676592
-0.049425838710282013,1.7393770617244861,1.1963461593562745
-0.6096682235107617,-1.032741980014511,-2.1023473730446227
-0.6399263847590819,-0.018339978354278474,-0.9567786412167
-0.19433061007392996,0.5893321266194272,-0.182200163909503
-0.7600406635603353,-1.3693761733083425,1.5022116724184043
0.14593006777821502,0.05232990420670268,-1.1086570673686604
0.034246512943507036,-0.6214589175393552,-0.956894032567652
1.9956598121821696,1.5787653779731894,1.7987561059142227
-0.06712705339244575,-0.7262076065556174,0.21976968102641226
1.1209738847719692,0.13597209966255908,-0.850315435683614
-0.39180020847288194,0.3140978166816234,-1.4007226105610995
0.9705206881716942,1.0160226650522433,0.8078360605584217
2.444823086232608,1.9929778029147216,-0.0013615963725766012
-0.5338543098580697,-0.6622045170389657,-2.3210650408586337
-1.1104262019784206,-1.0835987649809886,-0.034123680842695236
1.0910373925705656,0.9172188801166137,1.0437629775577268
0.09552479500913262,1.1001116276182898,2.6516360696692667
-0.21653537409300555,-0.5556820292241542,-1.7828923420782405
0.4831593719819708,0.6662229654886642,0.23945294200313283
0.33050598949588583,2.5207841286598094,2.974160567085318
1.271155660107467,0.9235331853431031,2.100338750597276
0.4591192080383859,0.534176916705524,0.7956253700546252
-0.5191764326085292,-0.38931522432299537,-0.6515228930341608
-1.0518875755961068,-2.5533945195623815,-3.7156937263438286
-1.6626601825501341,-2.465995822737924,-1.9666746417553727
-1.0225415264606874,-0.49600929557362483,-2.2068283075312443
1.140979124908711,2.926978087901757,3.568739921833754
-1.3796978762993093,-2.3867315404249565,-2.16967991392051
0.09728485393133135,0.538821048040706,0.9294546757277382
1.2591619564317007,1.1809527274115774,1.247285584612107
0.6249844861937044,0.26244947770018145,2.1021049669242946
1.5576111153864423,0.6185054155248408,1.9269409780183215
0.7728610643117604,1.274655143484206,2.846700099383918
1.5932407177532977,-0.21654001595454075,-1.2048200733995715
-0.5273546052888468,-0.0413879476784802,0.5442022569074895
-0.7789222446822577,-0.7484673859480585,-1.8697154044503508
1.978134710987657,2.628653712516404,2.746112367233277
0.3838262716652869,0.20431454911484065,0.3331873008138383
0.13048028976996712,-1.1786911518985028,-0.8568103967531205
-0.5206816099519477,-2.219114568354537,-1.5684884447487601
1.6276942059751844,2.024278399154802,2.7588390485100143
0.5218322948395334,1.0957041154724836,1.2643586923925159
0.5353675160032736,0.7641165970219437,1.4657147450707755
-0.5994780490174559,-1.6811003923060617,-2.5944818766304016
0.12403593784575272,0.983635213451749,1.6472488789200344
-0.38322996510585283,1.807655435091907,3.3673419141566514
-0.06002428178823241,-0.5340297796593887,-1.4011825824689983
0.3575802402769211,-0.568412675903729,0.33858680016045495
-0.46743632382562217,-0.9840912272045941,-1.5233338533126175
-0.7967426732900498,0.7861952068735762,1.5146376601946694
0.8178985393852761,0.14033853484866832,-0.7852952821419308
-0.9698556696821921,-1.6819013803209089,-0.7870592052626554
1.42000152435993,1.5057822566985466,1.0348740033082473
1.5544733764599754,1.53385322821802,2.5761730197353208
-1.3446876701140005,-0.9663201086976111,-0.7377057638071886
1.6323375762669556,1.4738458653097628,1.566809496193872
-0.7805850828361691,-2.168334237537308,-1.6363274389334772
1.33619734871865,1.7353575460115584,1.0390658792589553
-0.5384140961295009,-0.6392686044725895,-1.462028853497491
0.7925747594364616,2.924158357392709,2.815097819812314
-1.0039735116325381,-0.011154643320593127,0.23294712299771722
0.6659894403266875,2.5835311731284185,2.441405833470615
0.11433269765971163,0.18268793329814917,0.04937960469088759
1.6058608187601828,2.335950483775534,1.36294592330459
0.7838922005010723,1.422491234418762,2.0816631752724866
-0.8506563333558376,-1.0158219581617896,-0.8729507049720087
0.35139161407432407,-1.1814803125268334,-1.702007365684654
-0.6325048507393651,-0.19085035420264174,0.006998101817858676
0.22010767542735157,0.472847655858768,1.204070367911466
1.5646260289286504,3.5222673277490264,3.6053882072569863
1.5979229025098243,2.997288741096513,3.568579742354041
0.20472849953137662,-0.2598584077457453,0.7823999529652106
-0.7645802502582318,-0.5586966158168786,0.30379479541428167
0.11897869717664553,-0.949991199070073,-0.9344844321989095
2.1075084334025167,3.7104741208832563,1.2359150594828394
-0.08628001100309012,-0.2825198575475506,0.26406111468146753
-1.4010971475040597,-3.005805222540679,-4.611807473465755
-1.3311425968284238,-3.7710032582678386,-4.045088771984382
-1.140773174536444,-0.586372335715781,-0.8336076016255772
1.1152852307502605,1.9352843804433921,2.9313078486249973
-0.2961956288651956,-1.2865373046977189,-0.9255779005547724
-0.6972023934662228,1.4651065178176124,1.0276770441772722
0.39114058963837806,-0.1240629495251313,-0.31519839725268806
0.9993421367680478,2.77928222733072,3.4135453279974275
-0.10929938184771235,-0.8502295181206792,-2.337070565371416
-0.7563862226995739,-0.6728748313191928,1.2152439321772184
0.24979326825507786,-0.276414078398495,-1.1661991794081914
0.8496305505351538,3.095264505716754,2.1134359992967604
-1.6034130620365195,-0.9451730070021029,-2.0563343646385035
-1.3533530030674759,-1.3645871601169004,0.7646306587585818
2.016346590733518,2.8028127432090004,1.6767180571391578
0.46620027755972016,0.7110642849802211,0.7338865026996444
0.3956077322729006,0.6697147338438811,-0.7812433371140541
-1.346984960158047,-2.9790571392415943,-2.0018809070325547
-0.9411014342096367,-0.6903661040036156,-1.1604081694030723
-0.22481838917717298,1.1102255487162536,0.6846009118654754
1.277523073933294,0.8262208557094772,0.1227638881976062
0.12568454254697964,-1.1549037274563454,-0.8796276342863645
-1.575633647564078,-3.3020588241289532,-2.609663425157888
1.561664660536652,0.8991134415965061,1.7819654956544562
1.6071320857432825,2.9003356471466444,3.175225205374308
0.9001368303849391,1.5045612798773396,0.4498096051083955
-1.0598380343362364,-2.6232268779490946,-2.523672991320881
-0.610046809872808,0.679375139494312,-0.8000651384158494
-0.23621059261266011,-0.6486266912764966,-1.6650907669871984
0.1558353131861733,0.8080888194805448,0.9150135891252924
1.8122870582855821,1.8175922918072156,1.779721984155765
-1.3128728199927018,-2.6336430890600466,-2.9191434536740117
-0.6803566054338689,-0.6867358198569519,-1.4850760512186638
0.010833796049367062,-0.39468379443293694,-1.8264336271056547
-0.5420939305405568,-0.4247207755657805,-1.1405069148734817
-0.4850306697806549,-0.5470098549496127,-0.6261126799032961
-1.4537273443910368,-2.944066308732827,-3.7096824754330973
0.057352815280760756,0.5028364687790604,0.5097505441061004
-0.30946210843337113,-0.8220792707686577,-1.256188807499826
0.18620391321301225,0.7003104509481897,0.2413378898887531
0.9272180397267983,1.9933770510948825,1.9848732108947762
-0.2548088984919233,0.15302235832620203,-1.132155050691478
-0.11403371447221569,0.7678200940813201,-0.17469297091209546
0.27357713433306985,2.023223197288429,0.7571504911131959
-0.43857333093691764,-0.8507269679711515,0.9037813630126246
0.20438216135816042,-0.4118293365964487,0.014872749199437374
-1.7244238802545897,-3.1272727291140052,-2.948691699226717
-0.846128146379848,-0.007540142587590948,-2.4316831795544704
0.513403036554727,-0.28449521885767004,-0.9587169731254613
0.20389677765383846,0.8716912580792364,2.466571918067342
0.8190673354253766,2.4028589493828765,2.438276706147847
-1.3147467233856085,-2.4531307058800706,-3.2653888641545974
-0.5244716800862889,0.8059059075273112,1.3906731304327486
-0.075142319452025,-1.1063407832162504,0.9541933194538017
-0.09224421743472118,0.6138381129758655,0.2443034609551376
-0.21688878590987576,-0.247072694343039,-0.17152331511413477
1.4074005340288065,0.14696313836907726,-0.3969593437401361
-0.45521206898935335,-0.6171141202824489,-0.8557294541643004
-0.3171901358447689,1.1404263573088949,-0.5013901505335896
0.5045661954304629,0.40526246563824153,-1.509057561788921
0.46765858077071903,-0.6716668444814224,-0.4511896052032258
0.13138840652560418,1.0895532864243997,0.018936256649546568
1.643988731659489,2.912018105767002,2.0510483716793066
0.5593236464048397,-0.45622577938041753,-1.193392779588726
-0.23224288555719894,-0.16779049215371428,-0.8915488446654536
-0.9542258590258825,-2.4683261497642954,-3.2589775780858274
1.2113314154150474,-0.012403263659120478,-1.1761561957397721
-0.6172671933658833,-0.04835526164735193,0.6662342197980777
0.38384960504506066,1.186646961569789,0.5194940530721532
-0.5219309833116428,0.9166455369324527,1.1160261021083366
2.0836787069262734,3.2490533143183784,5.030404177282085
0.7180588536162327,0.6460646178094521,-0.48229719774398727
-1.7418150603705318,-0.9876449901787479,0.43842209896593665
0.28168711685981035,-0.548680610836089,-1.1199028522271197
-1.3689631401373725,-2.074930748401654,-1.6722949281228883
-0.5605979272379181,-0.563766651984324,-0.9752403788002316
0.7924700406385388,0.4805761641100441,1.5855649804265954
-1.2846076835598597,-1.727171063688726,0.8799911080648779
0.31885186797273535,-0.46468714410211287,-0.25449363406199077
-0.08098205538143789,0.8233825431832139,1.2694989337549138
0.7366715662036258,2.3501045912626317,2.236735846079693
-0.9699056129594575,-0.0414344152534849,1.7344063443060835
0.6022040564500855,2.6132782226436544,0.25167789365171167
-0.36663185160979955,0.5405522464487158,-0.04675278029432828
1.0064034188508868,2.036028619104788,1.965060084396969
0.030159224193633618,-1.2794052765863997,-1.2734216602471087
0.6367747072537653,0.9409772769344775,2.4752188071162706
1.3126116070690321,0.11810842374478936,0.8789657459031454
1.0675523210885538,2.3700518598989886,1.5205900570850537
-0.04595192610284888,0.16022295336714937,1.3457880764818806
0.6811884392011465,0.7034321862674383,-0.18623215406905114
-0.018226213736740167,-0.43551806781716274,-3.017595679155221
0.40215817931029363,-0.19599006354879023,-0.41311061454015297
1.5860445425292757,1.7997738284373046,0.47665007778042034
-0.8696591979050269,-1.3597415113428792,-1.3982429316365683
-1.1929851461650836,-1.087435148203886,-1.5019800044892642
0.4519471993841978,-0.7485298052279339,-1.6188309893523336
-0.5812609019427172,-1.1442007771868496,-0.9483013734438615
1.194263425766569,2.9231305216135652,2.9907273252723066
0.8230568517320245,-0.9943486628513721,-1.0306090214113728
0.59546713012678,0.24816042819740358,0.43876260057570027
-0.042686971993466924,-1.3297996166625499,-1.265588571867246
-0.4840749159766061,-0.21329960969227585,-0.9164393598049709
-0.8969404346422826,-0.34345262091654105,0.1880179601481542
-0.5708121235814563,-1.07792409328564,-2.213860291570397
-0.05601390404319847,-0.803725842719091,-1.2597436634474282
-0.9717115839640218,-1.4407628657047544,-0.7923889544050102
0.9838646221695374,2.0862591863136357,0.9745594711499188
0.6024001496664185,-0.06305344004858504,0.2584907722063717
-1.3219188032448532,-1.881904863690871,-1.3002334047386226
-2.695147181467073,-2.1661555383187543,-1.7374868189475021
1.0627618110230876,0.2034274138618566,-0.20171832761240965
-1.2277067701861546,-2.796693141891903,-1.983476581078094
-2.8832180698684735,-2.7664883032421272,-2.478862277871771
-1.665691634542113,-0.7139338069426142,-3.64735462520407
0.18258587861491793,0.9625587462636283,0.31440722189125114
1.319388039636877,3.9050623783207428,3.7147775515493233
0.8991949072168565,0.04666087585536216,-1.2839488962859729
1.4407502275286195,1.1150320882708415,0.22073229870031075
1.7501421782069488,2.49549730391876,3.368690314509233
1.8394007930977265,-0.08324994815717801,-0.48212404110308404
-0.9545408300433927,-1.6466787048475857,-1.4358922447050941
-0.19547833479816953,1.8092735687482522,3.5925063333563916
-0.6211874073892227,0.5048365174350397,-0.7755410789489424
0.05385692275246548,-0.9879268398773113,-1.4329911305204732
-0.34816406445844106,1.7611206236055315,0.5470549280758088
0.26194730277298645,1.8223197196608936,0.6802034020019927
1.8152207545520012,2.4502420600955928,3.036648414761985
-0.7019602486278537,-1.3855181844527755,-1.070973076641961
0.7356721033464433,1.6040124117861558,-0.12158426627144792
-0.962539043324581,0.28836693559446913,1.5569248197029528
-1.2814212511119922,-1.4173630053283992,-0.9315466566315658
1.0055575202382139,0.4124966769424494,0.8703788415056563
-0.1357362976675541,0.3916081002253762,0.7329391310331519
0.07072032426792871,0.5206920829518238,0.701245148783939
1.4373160330422372,0.22972938920170538,0.25117929864963273
-1.3186367629293223,-2.9613816222226896,-3.20365080044889
0.07636707601446745,-0.9111202469691106,-0.20400861419537386
1.455652869367011,2.500912822055965,4.558039315393396
-1.0209189757926256,-2.4064976452237774,-3.282078902189844
0.25925155647469006,0.06478839885591572,0.43583485122984555
0.9231510404367717,1.3584528166776035,1.7954745285318063
0.924850288776221,0.0925564128487848,0.5160621728289382
0.6721319867726342,-0.2339667651978753,-1.6183737882644893
0.9722650456268238,0.2800428734887199,0.10714200778566454
0.48437244939660623,0.2646674202054721,0.34490632805526017
0.7854147060438921,-0.06074787559545247,-0.40781848272070503
0.3869092189463696,2.2480310628184355,2.896463645114889
-0.8890422348277462,-0.6008503053959868,0.7695531367855357
0.11763737590874834,1.1526794307155854,1.159040145762743
-0.10429106898790141,-1.1827760820118622,-1.1359313010326713
1.1328302329498265,0.30913720333214756,-0.37072203460278896
0.5119634150456946,-0.6547061523761416,-0.45393077060663883
0.5209776538205689,-0.37173450680919173,-1.0244927216102164
0.19615958056899552,0.8370724190270749,1.9100398541989219
0.6640917843296915,1.9035396514387979,1.324553344136727
-0.5285263297946782,0.42865925263605575,-0.07574806126678191
0.2874235895954282,1.1753061515828687,2.2475357813847534
-0.6644827212601594,-2.938576173658034,-2.420942676505958
-0.3334200561000697,-0.8744982323800083,1.2231365436592838
-1.0920267272131694,-0.9700926641446665,-0.7692715801103043
2.214999073470702,3.3561176479545085,2.55517201924083
0.6143072184720918,0.5141909612228983,1.2405781887995218
-0.9292818000022279,-0.7956489755635772,-1.7900515148044374
-0.3536609329572243,-0.5597843935581505,-1.0669165888186738
0.35142323312414137,0.18297567216244182,-0.30457822886789326
-0.42647909698075387,-0.005930923944244992,-0.6618969001853752
0.748051189039895,0.03887820273083986,-1.7145404701803115
0.45122724268143044,-0.10409785466248367,0.4539391405319827
1.1481976444062776,1.6683666408755085,1.761637451182149
-2.787909104109523,-3.1070607601779288,-2.375680528671051
0.7606957730536809,0.9451189837390265,0.40758272204683965
0.245938255785349,1.094801737965843,2.024466200389562
1.0071175481714503,0.6495798416751284,-0.2358059523203696
-0.5442657521031941,-0.42946693029370986,0.9866603963824884
-0.7147750365018731,0.23428456213135584,1.4499664459720174
-1.1102928044063203,-2.0584932754331615,-4.170144761560269
0.47852808174954314,0.17760529390245333,2.0253361868105175
0.17288086131557132,1.4702643568458298,2.3597445466020806
-1.672199760326382,-2.352962597652091,-2.260691316412332
-0.5479670858819742,-0.007681859555602744,-0.09235502664528092
-0.014631807428176498,-0.879855145998196,-1.4198517711022205
-1.1717912824155414,-2.093437772288316,-0.288347376732047
-0.3554009533669856,-1.6846461712813439,-0.37300159598871274
-0.09439341897835471,-1.478201296952115,-2.7295067915616755
-0.5558849963124611,0.4463917414132331,0.41312469106095495
-1.6016775572133966,-2.0459561544951796,-1.5832192182698555
1.1437344587956348,0.6854684046514257,1.1815037965851998
0.25333842151857255,1.2116250925644876,-0.002644702757223616
0.34984436637969063,0.6109773907396286,0.7819553776093632
-0.5625745867362073,-0.25994832528988837,0.4877309120140411
0.1812926469661753,0.3149117838092348,-0.7481379462272224
-0.6638150498431284,-0.024684723396451447,0.13493382427764666
-0.11260272693051704,-1.5592603344763187,-3.0193716265171764
0.14362097545099745,-1.3149902532275513,-1.2980868838387238
0.5863735176579647,0.2671115386349825,1.0110433815183697
-0.571501058252539,-0.595533727901904,0.24829276053527727
-0.7540831580779702,-0.8939700382928306,-0.510316889875595
1.2442611551727658,0.8011968488764678,1.2018623390244092
-1.3630359354120527,-1.1877837265558455,-0.8578887481339044
0.20106207549658958,0.5184076499468874,2.847526631324581
-0.09790699227469941,-0.22944763088181555,0.5788738391507205
0.6854446108630787,0.6747216229270698,1.0743359214218249
-0.4177283675393807,0.7239653474413051,2.7740955544271184
-1.0120632358683972,-1.4974065721469274,-2.6399577480481575
0.12378513300179962,-1.1297234925194566,-0.3036990752700873
-1.3312060372602472,-2.7139601531002286,-2.1335817821837457
-1.0365430759034622,-0.27771907020342956,-0.8095219452033784
-0.01983917686520925,-0.3028785477642433,-0.3391574131373889
0.12009593960635229,0.3958187876020573,-1.941760848499481
-1.439132299223152,-1.3653075896703035,-0.2620495828253584
1.2532880902459165,1.4741303688492544,0.057431739275161764
-0.036824108546393244,-0.7950064563532986,-1.2078698185968313
1.2269040334683585,1.3430172559795084,1.0780371618472833
1.097134254453739,1.9487334274149872,4.073476104172921
0.05943278266248396,-0.8565811208729122,0.2380319818077239
-0.39449817352731376,-0.46271249819442356,0.9081344394505937
-1.3930505724021531,-1.6285307108896354,-2.251824893243099
0.9930218476296309,-0.058030524574344655,-0.5362254097584485
1.5300236922765893,1.5153530174867966,3.2118499007918078
0.16955499356526604,0.5763758999917131,-0.06048772867615171
0.06433401660888474,0.11503769724338248,-0.052150112774198676
-0.8844118301274243,-1.906224559680727,-2.4378645056851
-0.9946304096173758,0.07497068532406126,1.985274526663227
-0.0992154735829861,-0.7321715678708003,-1.3086147263976171
1.2096029194467008,2.2560016086123946,2.357441707664758
-0.26185381194139784,0.2176780531912364,-0.14804757380957168
0.875714749503212,1.090582213011836,0.40730656912651275
0.4033038821766793,1.8478875424976384,0.07989726519088403
-0.09753782049161443,2.324944591772548,2.2057019869707974
-0.8117138519149578,-0.013989524346772253,-0.2877250548769918
-0.35470116523267875,0.10737459227363894,1.8494858670850687
-1.1701301251396727,-1.131089566637691,-0.9410836326366392
0.8556289605902255,1.1470156161429814,3.7892733845027875
0.5116749377133588,-0.7717170937720289,0.6737446722785537
-0.9433978584608181,-0.3101038317995505,-0.0919266568029164
-0.6505859925832722,-1.5686582239543905,-1.0521877478250863
-1.2785587721664873,-3.9212398769055286,-2.783835583500406
0.1699859417810876,0.3061572443453825,1.6007664842123832
0.6128499154275626,0.37126785670175794,-0.06041301906095964
-0.8601550042453513,-2.4846597084399966,-1.923706615892279
-0.41012273401449256,0.3094212385317667,-0.4480475797349633
0.3951544435612441,0.6867468871724497,1.440518600983585
-1.6081017686960817,-0.8408067464022764,-0.9377626206071091
0.25567797814588905,-0.05732786868455375,-0.45828248416463135
1.5735324875979912,1.5782059938745414,1.7007402210529594
1.6316578485723738,2.2667851590532493,0.7932023176531344
-0.1022872865809143,0.8221838351311901,1.289425070043104
-0.017795430752056435,0.18372258576271486,-1.2308254755082386
0.7696152961299342,2.6106563854051172,1.5753006871566577
0.693948058705783,0.5014083171205295,-0.6676676046731214
1.4862377716819424,1.502514477816846,1.6031352043569158
0.2911043418871686,-0.28559590707693877,1.7271769523554767
0.3821562166743971,-0.3435424289025271,0.9552324402614238
0.3782229628209855,-0.7242529734179508,-0.21538303769800482
1.7212431116384244,0.6342486535787388,-0.6550723651324515
-0.8591283002737978,-1.396184052144832,-0.8689903342158439
1.3372964809398995,2.064706519926629,2.4822907497867908
0.33256042585625517,1.965888158025334,2.1338185316484655
0.3905524885411114,0.4553578739369883,1.2078633561636738
-0.704456682498311,-2.5001537890960357,-1.9394119310978062
0.07552449805445127,0.9160308956275572,1.9700353448641974
-0.7593524585991981,-1.7138506068374588,-1.907265253120945
-2.425452887451106,-2.154829986686014,-2.3437669168913984
0.3523801160189683,0.6179660659147619,-0.45639684330985375
-1.1976882590371274,-1.943210956454216,-2.2083771805469414
0.17037713928333037,-0.15875682064255914,-1.6294877758668582
-1.1615674216028782,-1.9328274749967351,-2.000456372518181
-0.24093793163826724,0.35350550289889093,-0.45484682400136656
-0.276120816766872,-1.0622937233641059,-2.4677063240638484
-1.5754580240894265,-2.185856793500135,-3.863193228890948
0.12894855965893764,-0.4541347711812129,-1.3082763077373225
-0.4686994206339531,-1.187537565214047,-0.8496682935967633
-2.22351956992552,-1.9291029439287664,-0.9149096135913175
1.8985735622257212,3.4756241112212107,4.658152313739604
0.5982048263440682,0.3833970973402341,1.4040847363013298
0.4708983595310787,0.7299742333498525,0.5598486385050009
0.15206845896844476,1.1465513959934701,2.174632576270901
0.9445112545636659,1.9219580174855975,2.2186431807545346
-0.35922256547757575,-0.9195608719318547,-0.31606329091452745
0.8289755194792559,1.8216170341761524,1.406153878220606
1.0498619167459247,1.3609714892237343,0.17642301574864305
-0.3692330386012657,-1.7008951565112267,-1.7913771906998526
0.16629133217331732,-0.17639264224170625,-0.79575192535836
0.27055283719495843,-0.6152414131907293,-1.671640069957926
-1.324693312857554,-1.0343020171179647,-1.5358301253771294
0.471681078350934,1.3156760083325634,1.313511535864016
0.055287492776946404,1.0198852386801298,2.11749043002386
1.319017324723189,1.3651353527364818,1.8449177189822645
0.2791311458543595,-0.189392038832071,0.22567838254224692
-0.7416884145173246,-1.168178929377196,-0.7160035903831528
0.23773256006152219,0.3289451617463589,0.8197079394607086
-0.3980447916185467,-1.154966559510771,-0.10870239675930438
-2.1998304276992484,-2.2909580760918904,-2.4933699469494446
-0.11299623612788583,0.7869644692556998,2.1654980891838314
-1.1684111512307105,-3.144738330829909,-3.255065105320578
1.3265410793758337,2.4393548364577415,2.628167114025107
0.3910319871709576,1.3266753942085647,-1.2768153310288066
0.932960261496822,-0.12771124533040834,1.4945900510531511
0.4214180764982105,4.722019566158063,3.372192218942535
-0.12587169397351594,0.7125578260650649,0.7661468265521877
0.7467052768087107,1.2245754164376916,2.095711767290595
-1.432723214030527,-3.2545347982002246,-2.4590411955866767
0.8439639535719823,1.2044619011900999,1.105863215344875
-0.06365296499691467,-0.018151208871555947,0.2458259362903921
-1.8745493394803012,-1.7177043230091327,-0.7574328491633929
-0.0970429474062389,-0.5933176558941289,-1.218187462927994
0.6479600838732289,-0.25665602530916065,1.11929046375394
-0.40510859823947803,-1.589924398748268,-0.8813736562371663
1.4081717912317944,1.9186369430066679,0.8077423264897756
1.3210609954076995,0.819943928239403,1.705499563437836
-0.527784074868948,-0.3753972176507713,-0.18227801339930932
-0.6823138683132159,0.8014153924633765,1.9623048032654355
-0.15358017377209038,-1.8275888753625313,-0.39563320045374617
-0.39921915441982936,-0.7575341897093288,0.0739115155529193
0.7685871541359265,3.077690259025301,3.4705419758817255
1.1351196732971638,1.808704816483498,0.8067397663458131
0.7092334719552609,2.603455203249614,1.8691662296118614
0.7385198590980588,1.0398376492841943,0.47111945021909374
0.015747599768335917,1.5896103598254947,2.17648093060712
-0.05705148634393183,0.9691059761924323,2.5116875645334757
-0.6052735969523175,0.3958379507226585,-0.5871929369445145
2.360360091730701,1.6903877430616023,-0.6005986640300147
0.9695028149492141,2.537695259964776,2.113968456846931
0.6536086844204227,0.8522989633229195,0.6839566629382046
-0.5768295530753547,-1.1441208216743846,-0.4783221382264905
-1.4178846875909612,-0.8767166503748054,-0.4520826833279055
-0.6731022454455523,-1.3705867210340361,0.5198767151807566
-0.35661942131689334,-1.5640744104549993,-1.4336739166631303
-0.2894806390358801,-0.23781406965130275,-2.1910054726578707
0.6920444793888738,1.880321889119081,1.2069710803505265
-0.3130660603217486,-0.718043157181904,-0.4796727852870817
0.6913804417292414,1.4732467859394265,-0.5575459314831832
0.549507580518817,2.0734077045380674,1.328098031176152
0.738577205098415,0.8593756731711761,0.6186897040190599
-0.04402162757641276,-0.15101355574168854,-1.0156779867815695
0.830061591268798,0.29367976074172364,0.3126974419243734
0.2143206867275197,-0.31110448369799365,0.9126950499907147
0.2549083382470207,0.2005694633456006,-1.95227532577598
-0.09449646344757869,-2.6147666600713664,-3.1338767549783677
-0.05740971808864003,0.1106353432191636,1.6967569449798605
0.2871515560292822,2.159693440135032,1.0084802644992774
0.7304883199946681,0.9824902966308415,-0.26443380880662515
-0.6310878919480495,-0.7189981465164126,-1.7352994426562396
-0.22766120042864507,-0.9532878747818796,0.2615001735476372
0.11799483162611292,0.7866797254191309,-0.6481971171674001
1.1605571049087093,1.072045543147006,2.0001824886562476
0.0776303121008477,1.952528724397024,2.396877265089148
0.6957389602952277,1.313811511398984,1.4104899988573298
0.971492685497457,1.7525363184411131,2.842912539988185
0.09711302696867392,0.4911715274807547,1.1948949754434819
1.6068852224624783,1.5334950668332805,3.3570846572730995
-0.88310561849352,-3.612287589210621,-3.689598448027739
-1.2624410058807591,-1.9690623961586515,-1.6512827000664887
-1.0540886875357858,-0.5581585351925945,-1.1861382082850347
-0.7508589914088902,-2.834595097240628,-1.6209012420574243
-0.513196001061684,-0.1702486111901711,-0.35194693438755553
-0.21385932490515996,0.17412711217505844,0.5145500236137562
0.4110201100365887,1.0756741109463133,0.6787023858601259
-0.4096957556447619,-0.3019965964946293,-1.1921674279070804
-0.47856669282120023,-0.32582508128958565,-0.6831985011807783
0.6232005901990989,0.3791928645429081,0.003771782551755476
-0.12280631884045733,1.016643796789611,2.2002540070012944
0.2683786069544498,-1.0540187166089692,-1.2113932948992059
-0.36893232904419143,-1.58803508332806,-1.006232295007933
-1.2237409508899897,-2.455634795167575,-2.265633156393891
-0.012066952929662852,-0.9326991180623612,-2.423640045814784
-0.07729790179289214,0.592785884050959,-0.517284480974463
0.40370792491411855,0.20618820224865803,-0.04127826327804365
0.039158427056798804,0.8827076585079519,1.3828938291575164
-0.7739153857152562,-2.2420012495350536,-1.2626681835785782
1.488228861096323,1.3234156471159408,1.4904112455421692
-1.1825025765417962,-2.229473054447188,-0.9034624142525498
-1.8219841460095416,-2.1453084403733476,-2.899017786448109
-0.6253120368566508,-0.5608979991428553,0.22191036228803118
-0.5119880306574599,-0.4056263715183548,-3.6202818684233344
0.50250580279931,-0.07608899769149768,-0.2691210483607943
-0.5597173471173115,0.5789413763041237,0.2901617141644197
0.005644582778397856,-0.341142922747106,-0.482004704415413
0.237998769143372,1.0805206370708424,1.7235241324884318
0.6812584440050448,2.506661922846898,1.5027072933372287
-1.6013606525800361,-0.5973838802660636,0.3485828418895168
0.23586564997125947,-1.0246717999073303,-1.3521812568628557
-1.2147375487932537,0.2867263081298952,-0.9051174190927718
1.0913925936855118,1.118625649245363,1.0757414665877156
-0.7578221906182041,-0.23429633205117117,-0.06047581210178457
-0.6849161796060632,-0.7117204507453695,0.23256309673879305
0.5036948474101623,0.5946447719192158,1.8434666608862083
-0.033989600290371985,0.04141139797701018,-2.218473726134166
-0.10286261281397018,0.3891764574313673,-0.06307524327055669
0.686242230031502,1.6718118098345496,0.9401295335511588
-0.4943073887215279,-1.5390992203745053,0.13599711582401675
-0.6096464120088189,-2.4304614759966356,-2.464078630097658
0.9964742924628691,0.7214014083051585,0.23588186235546243
-0.5480264659305671,-2.024218260175766,-3.2265187689578783
0.17775332276450478,-0.7574209933780617,-1.2597484036309936
-1.213846513924025,-0.3261522781190995,-0.4691220947047293
-0.02707772328868483,0.5397905884283049,0.6015286741141234
-0.3179426079994809,-1.190161168554731,-1.1026869236305106
0.3749688143739751,-0.2241017585526291,0.5905045660138324
2.1934980768040657,2.028948811657966,2.3575192408388737
-1.9010392797093332,-2.7771336520590477,-2.465390578780897
-0.9655885194706627,-1.431375221312954,-1.340221516624439
-0.32785993509477906,-0.32711788973778116,0.22714793514898995
0.13467677910804113,1.0567886674157674,1.2299200724859205
-1.4426255736135671,-2.0107812953446818,-2.2633340420344075
-0.04942835739236339,-1.9311096497768194,-2.322997327730242
-0.8237834031742757,-1.0010829614812708,-4.126352301019978
0.06483180624873179,-0.15330991332369387,-0.5543168775612706
-0.9325428741336709,-1.6772275206434404,-2.5953643346591333
2.754802849313941,4.066544572297304,3.6607555768015296
0.2072611060613499,-1.70942798450438,-2.177966689841611
0.6981936267117345,-0.34758453329878924,-1.6129737369702977
-2.3049099295751843,-3.635322901081949,-4.090989627824145
-0.8044893782951917,0.5394833874120839,-0.6070113690846626
-0.16745268959099519,-1.1919320135405054,-1.9859136895926328
1.6809790541187335,1.5342277895501524,0.9034256285728075
-0.8285289922740035,-0.6359768109602297,1.1419207692639664
0.3693849768474974,0.47558202291059215,-0.2606773511448396
-0.8941204953844145,-3.3293718406268695,-5.511322072751281
