study_hours,comprehension_level,test_score
1.6243453636632417,1.1462401291635018,1.8650047731379893
-0.6117564136500754,-2.9219136435671733,-3.2675005147576575
-0.5281717522634557,0.08544693480461463,-0.3455754843279779
-1.0729686221561705,-1.182407226744943,-2.029683674942344
0.8654076293246785,-0.8187505044504598,-3.01244567452584
-2.3015386968802827,-2.712653023099184,-2.6472370416298854
1.74481176421648,0.5310194699075969,0.28311448032942615
-0.7612069008951028,-0.00021643837438001245,0.15232176407223935
0.31903909605709857,0.8168693733690842,1.48151809708374
-0.2493703754774101,1.315254082100323,0.7919021278250249
1.462107937044974,1.8176111619488975,3.1981290800112463
-2.060140709497654,-2.9997619529157977,-3.4866037616249286
-0.3224172040135075,-1.6671430396829974,-0.5035763999583238
-0.38405435466841564,0.8234818707943984,1.15711591280955
1.1337694423354374,2.473701754964494,3.2870668012773954
-1.0998912673140309,-1.1176611119965882,-1.614570472791525
-0.17242820755043575,0.4208604221447628,1.9814464994184113
-0.8778584179213718,-2.20717801811661,-4.752106403541759
0.04221374671559283,-1.9101507609593131,-2.825012874271729
0.5828152137158222,-0.707771505570186,-1.1543798006322683
-1.1006191772129212,-1.2376828673733533,-3.0156401759533065
1.1447237098396141,0.39440258246365334,-0.3214195528025233
0.9015907205927955,0.4911585130229693,-1.582732494837451
0.5024943389018682,-0.08901896157761563,0.0835644833814975
0.9008559492644118,1.3999859043611924,0.27475554115716116
-0.6837278591743331,0.8805646639878781,1.426538070505814
-0.12289022551864817,-0.06211471765448322,-0.33631935714669486
-0.9357694342590688,1.281381940033206,0.7049448152550601
-0.2678880796260159,-0.8487151740016589,-2.572240818799142
0.530355466738186,-0.10081902054839043,-0.803830669109808
-0.691660751725309,-0.1655939386372972,0.11191109385071382
-0.39675352685597737,-0.672201583495456,-0.9320890940611186
-0.6871727001195994,0.6273140956809621,1.4190207141032514
-0.8452056414987196,-1.3172723283968648,-2.369057062598726
-0.671246130836819,0.7856970804391846,2.5488300180924996
-0.01266459891890136,0.18404333715865595,-0.017101411774141012
-1.1173103486352778,1.6716045018085575,1.1607299731060272
0.23441569781709215,-0.2765823473945319,0.9782604145180227
1.6598021771098705,1.1251478339804342,2.7077438787394854
0.7420441605773356,0.7392871457483562,0.796975257808595
-0.19183555236161492,-2.3344964089712414,-3.2856978074320033
-0.8876289640848363,-0.10783804372933137,0.7806689864604374
-0.7471582937508376,-0.1168805217355014,-1.0343935942459952
1.6924546010277466,1.4632820447276327,2.6911299954659613
0.05080775477602897,-1.5037495775658751,-3.1916800130398393
-0.6369956465693534,-2.05615755722414,-2.5507823415723423
0.19091548466746602,0.7393509063348173,0.898976594794998
2.100255136478842,2.855382796740429,4.634558817229063
0.12015895248162915,1.6905917938075246,0.1994905188191325
0.6172031097074192,-0.401679036183984,-0.24757812145290414
0.3001703199558275,-0.7906617717941216,-1.069504592928959
-0.35224984649351865,-0.5537386768793653,-0.6615781250971499
-1.1425181980221402,-2.8897447002915486,-4.351799186151653
-0.3493427224128775,-0.8684053539740464,-2.343981255259462
-0.2088942333747781,0.6846742508154935,0.3584720392279202
0.5866231911821976,2.1039010543151733,2.2830174805079455
0.8389834138745049,0.9503421847342679,2.6155940999899454
0.9311020813035573,2.385435313598115,2.973904019849188
0.2855873252542588,0.639342798202478,0.7629351031722094
0.8851411642707281,0.8994768465555025,1.7777185084809952
-0.7543979409966528,-0.7749595402748556,-2.541806089237617
1.2528681552332879,1.1892315699586258,2.149644331101378
0.5129298204180088,0.155490909090518,1.1019652322160969
-0.29809283510271567,-0.37938502047233075,0.45188184298782086
0.48851814653749703,-0.27107731770967486,-0.6582868435315877
-0.07557171302105573,0.19857453137515912,-0.99696055828016
1.131629387451427,0.9197519249789281,0.11877380438011242
1.5198168164221988,-0.26372658147835293,-0.06901802882730512
2.1855754065331614,1.5077598234745428,2.346076633406753
-1.3964963354881377,-1.9728684607850087,-1.090892377427913
-1.4441138054295894,-3.2034915030844466,-2.3227557586868373
-0.5044658629464512,0.08031095898416235,0.9676214316702749
0.16003706944783047,1.6867179100806455,2.0579902904881773
0.8761689211162249,3.0706653259578838,3.9497183478596614
0.31563494724160523,1.8149274872862475,1.9426006149887152
-2.022201215824003,-2.4885625252672634,-1.931406578149227
-0.3062040126283718,0.9302817826053564,1.710609688462566
0.8279746426072462,1.7822787176419357,2.354594133530929
0.2300947353643834,-1.803753743103115,-3.4201050297636053
0.7620111803120247,1.47089745964107,2.8117383365270836
-0.22232814261035927,0.449314521303238,-0.9877089400598277
-0.20075806892999745,0.0022017951627938404,1.2344243415758949
0.1865613909882843,0.4378658284674327,1.510068498137654
0.4100516472082563,0.38634870051068904,-1.1234503794733965
0.19829972012676975,1.790575624756444,2.1002264136648625
0.11900864580745882,-0.30658191718592,-1.60929256055181
-0.6706622862890306,-0.7364692222525039,-1.0283823865757733
0.3775637863209194,0.3094400127629194,0.926497988834601
0.12182127099143693,0.37312109194322146,0.31110721062508756
1.1294839079119197,-0.8596626746616957,-2.3954632342144704
1.198917879901507,2.347108113470171,3.077357013353476
0.18515641748394385,0.37432489083031173,0.7086775755627954
-0.3752849500901142,0.2688966357526873,0.2954411523427294
-0.6387304074542224,-0.3136683342155875,-1.4215409758515154
0.4234943540641129,0.15235421196740617,-0.16695660767040874
0.07734006834855942,-0.2933694588181141,-0.08351618216336232
-0.3438536755710756,-0.17896879811733984,-0.36981237904247133
0.04359685683424694,0.1869298264008266,2.336937910987328
-0.6200008439481293,0.6592610802596471,1.047192733763541
0.6980320340722189,0.9044833735424491,0.878618714192569
-0.4471285647859982,-0.49119152119485926,-0.10683187390967352
1.2245077048054989,2.966171274786799,2.4539731765164303
0.4034916417908,-0.9566328428808821,-0.7272042116039825
0.593578523237067,-0.8653463573138471,0.5783785987468155
-1.0949118457410418,-0.5213274244800056,-1.5093642279493493
0.1693824330586681,-0.07686733904368587,0.20659421221601326
0.7405564510962748,-1.1821508273478138,-0.651467896372555
-0.9537006018079346,-1.07519014282416,-2.983576879461096
-0.26621850600362207,-0.9236305754836805,0.5305322401384489
0.03261454669335856,1.1572202377796488,0.3436660962673648
-1.3731173202467557,-1.7197456266276494,-2.398748809589747
0.31515939204229176,1.3027421625011057,1.9439627726394435
0.8461606475850334,1.1367102182782105,1.1314493778528558
-0.8595159408319863,-0.8939436647104689,-0.26979573053610106
0.35054597866410736,0.3016086115194348,0.5128557507986793
-1.3122834112374318,-0.6211679893560593,-0.17565029622260186
-0.038695509266051115,-2.3389949210411403,-2.7318204815460017
-1.6157723547032947,-0.9655494761932686,0.3133422431359394
1.121417708235664,0.5180145557876926,-1.3938805420479619
0.4089005379368278,2.125039796737574,2.9141420026988265
-0.024616955875778355,-0.7109625214627849,-1.153770153556084
-0.7751616191691596,0.5224346246698939,-0.3321110673768424
1.2737559301587766,-1.4959198802787566,-2.606713866907348
1.9671017492547347,2.3883064143880763,2.2939877190862354
-1.857981864446752,-1.2102827376341265,-0.8739287484281496
1.2361640304528203,0.741914733476521,-0.00583275607465894
1.6276507531489064,1.1812312920327888,1.2542939740779289
0.3380116965744758,0.009848766637229445,0.2870673900804666
-1.199268032335186,-0.5364112162848731,-1.799485110641137
0.8633453175440216,0.5564276894048987,1.78006187987252
-0.18092030207815046,-1.9324739500803625,0.10262056384119589
-0.6039206277932573,-0.6689473590149345,-1.4767541380244018
-1.2300581356669618,1.2506752290923162,2.4202574593289956
0.5505374959762154,0.48727620163927365,0.2750519615474127
0.7928068659193477,0.9250334392041837,1.6434075834719777
-0.6235307296797916,-0.9368790912314569,-1.3059601049640295
0.5205763370733708,0.5905155358204253,2.917280272965619
-1.1443413896231427,-0.7375275537369035,-1.2093648801011185
0.8018610318713447,0.38028690604056414,1.2502746963914906
0.04656729842414554,0.9005172376767312,1.68798683782977
-0.18656977190734877,-1.0723337746102084,-2.3707606664168965
-0.10174587252914521,-0.21159190622499177,-2.4141797005192913
0.8688861570058679,1.200162677896792,2.019282429226186
0.7504116398650081,0.3333251325500919,1.2445085986369926
0.5294653243527092,-0.8003073910930774,-1.4970742875189638
0.13770120999738608,0.6684251865655462,0.16873555634100068
0.07782112791270591,-0.9199040556985043,-0.12708161127606854
0.6183802619985245,0.04739604784544216,0.90970868232733
0.23249455917873788,-0.6421519418452836,0.18529431715013978
0.6825514068644851,0.4353127114504897,0.7837772892808073
-0.31011677351806,-0.6774793920274612,-1.6012517315552468
-2.434837764107139,-2.4224600783651193,-4.124925473732743
1.038824601859414,1.5120386088015827,-0.17869021517037598
2.1869796469742577,3.512192618996054,4.156949384890927
0.44136444356858207,-0.004422659164147358,1.913861567796555
-0.10015523328349978,0.4425309874713223,1.0089317410039214
-0.13644474389603303,-0.464569285608968,-0.6372233862705534
-0.11905418777480989,0.0036988958126483312,-1.5163075416577254
0.0174094083000046,1.141678871590233,0.7020845793373716
-1.1220187287468883,-0.8473217439704621,-1.011847317141008
-0.5170944579202279,-1.2292229175409286,-1.6972869767271197
-0.997026827650263,-1.52754807440785,-0.9247179991201702
0.2487991613877705,-0.41770709595095024,-0.6598552850347876
-0.29664115237086275,-0.25061714320418715,0.39456542339433065
0.4952113239779604,1.2541805112734492,1.390798353396763
-0.17470315974250095,-1.4985593688959302,-1.988038409118833
0.986335187821242,-0.248221019097991,0.9612683066821712
0.21353390133544178,-0.7537140905076942,-1.6564343428201742
2.1906997289697334,0.0031543614465647796,-0.2792676341855776
-1.8963609228910925,-0.1911660548243923,-1.5221366684137778
-0.646916688254908,-0.5539119943680211,-0.5679550386448886
0.901486891648711,2.6219688330427946,4.215863600685143
2.528325706806398,0.5983268902641168,1.399394178450546
-0.24863477771546005,1.0952744910868062,2.048341199223075
0.043668993178389105,-0.6667133376212523,0.252986370877171
-0.22631424251360518,-0.5884210791852684,-0.08088710805501331
1.3314571125875918,0.07620123297853587,0.8497009117234432
-0.2873078634760189,-1.1797101502684741,-1.011928103244553
0.6800698398781045,-0.7796895393260704,-1.9110159925624268
-0.3198015988986712,-0.03950832149846295,0.47868511386907314
-1.2725587552459943,-2.332248036723618,-1.8528112692442371
0.31354772046343216,0.009036311047872947,-0.8810660819612612
0.5031848134353261,0.3933463065048612,0.7080055488380312
1.2932258825322618,1.7011913914319199,3.124242741289418
-0.11044702641731631,0.012034101265694541,-0.35903553386974574
-0.6173620637123609,-0.1725638175073012,-1.5281831546646305
0.5627610966190263,0.9646204378615433,1.219078497296811
0.24073709223773224,0.17533880853046857,1.8040921297582484
0.28066507712263905,0.5878799802723763,-0.20748944295030924
-0.07311270374727777,-1.0382103544428019,-1.3512424957369453
1.1603385699937696,0.1528004212910935,-0.5676704416290349
0.36949271637572373,2.193104980239929,2.2727586822308674
1.9046587083409812,1.5119927522962273,2.04916258380638
1.1110566985605046,0.17834468418144878,1.6908272296439226
0.6590497961002102,1.9071197379511147,1.571899659572979
-1.6274383406162574,-1.4587932830077743,-2.459206933837657
0.602319280295629,-0.16463560254749077,-1.0700651634450846
0.42028220364705954,-1.1127657856043973,-2.4291093882130985
0.8109516728035557,1.4282532042950562,0.17920378494194877
1.0444420947072588,-0.2507472314450847,-1.1521588767446298
-0.40087819178892664,-0.8597351334511785,-1.1374954296180253
0.8240056184504077,1.3033044827032616,1.6048307657723186
-0.5623054310190898,-0.26621077055715126,0.8529962628521619
1.9548780750090344,1.4774755861654194,0.9513702188257082
-1.3319516665172482,-1.2795491147753268,-2.315397061722634
-1.7606885603987834,-0.262623494184705,-1.0719854335445034
-1.6507212658241002,0.9096971351423988,1.2873824812256833
-0.8905555841630485,-1.2612052964828242,-1.6719187724393996
-1.119115398559728,-0.3263882283450664,0.3855429210971414
1.956078903703642,3.493663428317031,3.4032553071643696
-0.32649949807818424,0.8178574564881822,1.894687800379847
-1.342675789377436,-1.7609722572803381,-1.1706535657224664
1.114382976779792,0.4608257543498845,0.29052320315158636
-0.5865239388215925,-1.0671876935575124,-1.9031626858780402
-1.2368533765413974,-1.9029261108878912,-2.1023422435866492
0.8758389276492995,0.0767659894507774,-0.6994145781386504
0.6233621765780327,0.7605652202027664,2.9048829999207784
-0.4349566829552277,-0.934994351518986,-0.9811059187116117
1.4075400002412286,2.002231862843341,3.195119003975724
0.12910157971072544,0.2265367273413733,-0.9952632276925545
1.6169495988573002,0.8964339962296982,-0.6750367893145226
0.5027408819999043,1.2882826258069149,2.2332053561519523
1.5588055406198593,1.566016258216348,2.395106228815534
0.10940269642542817,0.3523897829261133,-0.3377370174018869
-1.2197443969790327,0.06424293695125383,-0.4896841254611486
2.4493686490613973,2.532760367774158,2.3593686405525363
-0.5457741679825677,-0.5455178012240969,-0.4267944466083029
-0.19883786288889674,0.7784845525566289,1.8580335910734527
-0.7003985049212547,-0.25100100173234224,-1.8460614120195873
-0.20339444896455844,2.7545932037014613,3.7842569756086997
0.24266944108179458,1.2928240539125555,0.6772211438236252
0.20183017887400403,1.3146767644739255,1.0466801530664975
0.6610202875986929,1.8198096017074432,2.0233363139729046
1.792158208975567,1.51356617843674,0.4548253739757322
-0.12046457178850745,1.2165237540989222,4.303767074658005
-1.2331207354464266,-0.9631395607874839,1.2692100015884593
-1.1823181265096336,-1.7770279043931096,-1.3801636262476493
-0.6657545181991266,-1.096590072969458,-0.6598929061448148
-1.674195807618932,-0.8114060917626066,-2.0172975027010915
0.8250298244389859,-0.9010960311074983,1.2960336385546851
-0.4982135636310781,-0.19021792945061078,-0.2099442504693274
-0.3109849783028509,-0.9771380680896531,-1.29596119170655
-0.0018914828380037015,0.7167031962914504,2.0640374146327005
-1.396620424595432,-1.8634700503336927,-1.9753639948146187
-0.861316360776042,1.1832501736544927,0.6432965971768654
0.6747115256879723,1.3075873495412407,1.3501833889519799
0.6185391307862932,-0.7740276545447652,-1.3049189647066066
-0.44317193070063776,1.4042218055233238,1.74972185999766
1.8105349141254563,1.2211754219400204,2.019868045202469
-1.3057269225577375,-1.772057647765991,-1.5937102734763546
-0.34498721015497946,-1.2997890844501823,-0.2585450095539701
-0.23083974313546946,0.3830929451472773,0.45560846996146537
-2.79308500014654,-0.7299461334525605,0.08213315812298783
1.9375288136160798,0.9715960783612184,2.872577135515604
0.36633201454005826,-0.7045552302060061,-2.0714888840449843
-1.0445893819077916,-1.975371593559017,-1.6578753487803104
2.0511734428574444,3.13734406564617,2.692480768582901
0.5856620001723825,2.1392588218488306,1.060034995510447
0.4295261400219645,-0.0048502281017262505,1.5788417658653633
-0.6069983982000461,0.052106368880850296,1.1980116114530432
0.1062227240352178,0.08207272895263283,0.6218602186559631
-1.5256803162293577,-1.2811745552627287,-2.0143408639596276
0.7950260944248447,1.6000435077572943,3.4236134334190496
-0.37443831884322065,0.14140534560586698,-1.1974813103117987
0.13404819655462313,0.4367285240051757,0.5914671486251042
1.2020548621997058,0.6690649543998565,1.288055498942374
0.28474811084905793,1.0433988483901242,2.539205551271265
0.2624674454632686,-0.07203194604034568,-1.612866034621978
0.27649930482218366,0.27112193192560335,-2.7387950377943766
-0.7332716038953129,-0.367139789340814,-0.3251974339227109
0.8360047194342688,-0.5323518797060348,-0.32139510030287527
1.5433591108044837,0.9355923218824429,1.2963910589360141
0.7588056600979309,0.29444151441327304,-0.5239170440156844
0.8849088144648833,0.8091301380702262,0.9267953658440986
-0.8772815189181883,-1.8136433059100718,-3.7164510384335645
-0.8677872228729256,-1.8807814792433493,-1.8363443834069062
-1.44087602429184,0.47076128385961424,1.4575019364619881
1.232253070828436,2.1422460630563958,1.8386633910624874
-0.2541798676073683,0.6856954626162078,-1.1811072126856472
1.3998439424809859,2.9446939405747754,3.403851018434593
-0.7819116826868007,-0.20593410859988093,-0.4456212497205567
-0.437508982828581,-0.44108592119004447,-0.6099100997542963
0.0954250871912577,0.558515818186466,1.9737944332813615
0.9214500686595114,-1.1421269365225593,-1.231956844708539
0.060750195799506745,-1.0494829887814259,0.8247432611531893
0.21112475500771674,0.9275368670276218,1.4937876937430346
0.01652756730561561,0.04583753700116896,-1.0322286262658573
0.17718772027596041,-1.1358861588604665,-0.22944993235410105
-1.1164700178847444,-0.23463914274800013,-0.3719113389089391
0.0809271009732786,1.0636433297719037,0.7876011383945787
-0.18657899351146628,0.5186163665551621,0.9017409910878607
-0.0568244808858473,-0.07575636414748985,0.02387617442364548
0.4923365559366488,-0.4421802353030656,-2.0892104751807823
-0.6806781410088858,-0.43694757463859357,-1.3738558659811226
-0.0845080274046298,0.35931790690198034,1.5831880582970275
-0.2973618827735036,-0.5964783038841075,-0.5398460722010857
0.41730200497486253,0.9368775141065889,1.7632389706211162
0.7847706510155895,0.9422484545649426,2.150850789993283
-0.9554252623736892,-0.4312256594274524,1.275142280319564
0.5859104311026156,-1.563811443939495,-2.5156702329241867
2.0657833202188343,2.7337196491961597,2.577068520509404
-1.471156925832625,0.5474661792857871,-0.26755017940538595
-0.8301718953151139,-1.0666051408217074,-1.8803767105418538
-0.8805775998441709,-2.1813610610608176,-3.530220040402528
-0.27909772154329027,0.41565114218517635,0.4837806381243963
1.622849085954001,0.8326195363293679,0.8909106746741773
0.013352676347176594,-0.9563302299304686,-0.5663580041956534
-0.6946935952872263,0.6619613796455719,-0.39629757798619025
0.6218035043055724,-0.8859365490417059,-1.7169483821633111
-0.5998045310708474,0.2375849971803794,0.644563062267743
1.1234121620219353,-0.3490043912882721,0.27984270803848493
0.30526704024401075,1.7064816149706825,-0.26883937245340306
1.3887793963702684,1.6275759831385859,1.3510205574110452
-0.6613442431530187,-0.7864703910292449,-1.1973848588290719
3.0308571123720305,2.574055648012512,1.0477125982778102
0.8245846250334574,1.2417550875101084,1.9388064617852918
0.6545801525867004,1.3535584995004721,2.828397725659376
-0.05118844760766421,0.7868406702061003,-0.9988906080556015
-0.7255971191344275,-0.03374742939111597,-1.605425683241963
-0.8677686776235903,-1.1715966043315333,-0.453733798457427
-0.13597732610058932,0.5552976866469016,1.801696452095317
-0.7972697854931297,-1.9491402104039972,-3.6117438899499517
0.28267571224842025,1.2302336744002271,0.48865969657621056
-0.8260974318473202,0.2121278918376751,0.913972276940891
0.6210827008390084,1.8909472031716368,2.0261129121124104
0.9561217041246964,0.1761177561312367,-0.30997512341653966
-0.7058405074022839,-0.3784607074522235,1.1399845306907737
1.1926860677546935,1.8124348550859626,2.472720864564125
-0.23794193575218264,0.12750433050050985,-1.6664436456038565
1.1552878860882252,0.4975630248321274,0.8503895355213458
0.4381663472912375,0.6578641448800482,-0.6158206861539419
1.1223283216570923,0.9658946919940863,1.9011302101089305
-0.9970197955296825,0.19808810498675855,1.21969938370327
-0.10679398677922511,-0.7138977421781708,-0.41811529252476437
1.4514292605909354,1.5006312140417357,2.7285773097896646
-0.6180368476815788,-0.201498352464692,1.7224814342980783
-2.037201225680795,-0.8724328562475732,-0.32023946146160565
-1.9425891814764555,-1.6269635903930406,-2.3243162493104035
-2.506440652676061,-1.8778378865687606,-3.346709372651513
-2.114163921916826,-1.7622808124343194,-1.8902862402274128
-0.41163916318848254,-0.29524546799693424,-1.3893327318670758
1.2785280828417218,1.0311816290308606,-0.2013273182534432
-0.4422292795131728,-0.6805279749922954,-1.278483074931801
0.3235273536014321,3.0861216769407958,1.925027887197284
-0.10999149016360682,-0.9319046800686885,-2.4187593990084055
0.008548945436024693,-1.1665707499832745,-0.8987285089823269
-0.16819883974471597,-0.9301856845848977,-1.5914780948665
-0.1741803443079907,-0.8493968244394451,-1.3259105700299374
0.46116409997701746,0.3803678511370303,0.4305253227062765
-1.1759826714413153,0.4901466606895847,-1.3660158228979489
1.0101271773347245,2.496485524862785,3.1820063753535557
0.9200179332477632,0.9733387105614042,1.1641765096072076
-0.19505734087590118,-2.6542585869603834,-3.2303167740627785
0.8053934242321815,1.028674092460404,1.5772552215477678
-0.7013444262571769,-1.8717301066311354,-4.411003697363565
-0.5372230238753384,-0.9304799942877783,0.7952535188958827
0.15626385027008327,-1.0247117079250754,-1.5330051642871583
-0.1902210250848615,0.273445759543148,-1.10607880553733
-0.44873803267162277,-0.9855978707343502,-1.0711875663414068
-0.6724480387865963,0.2341612464114221,-0.9901742273956955
-0.5574947217860433,0.03130661896304948,0.10396064260134973
0.9391687441964878,0.5112654286043994,1.1541207464163177
-1.9433234056683528,-1.4740983539325943,-3.087814852152333
0.352494364369333,1.1994152578977069,2.2847247386011285
-0.2364369518129867,-0.5612814773265118,-0.5424455731168426
0.7278134999996488,1.4978696854929525,2.1465273068061967
0.5150736136393657,0.3927428842239124,0.8753595662164135
-2.7825344676529227,-1.956630121317477,-1.8355219987752935
0.5846466104774262,1.2669581595174608,2.6407115909960863
0.32427424344842104,1.590951918337665,2.769596749783792
0.02186283662655242,0.5383024681789805,1.13287331528856
-0.46867381627789134,-0.31656716905931637,-1.144220229140777
0.8532812219556223,1.403310912326667,1.970304197261207
-0.4130293097110322,-1.8758710851886193,-2.8088792566321974
1.8347176266496867,3.1067357044737096,2.27933057169688
0.5643828554943137,-0.8739849812995351,-1.0901588527704684
2.1378280674394823,2.613971887169542,2.22395616785269
-0.7855339969202355,-1.1925911280815713,-0.2959679679113467
-1.7559256402328518,-0.8974889276469088,-1.1146959073767173
0.7147895974858154,0.45526425393190667,0.5915796734389989
0.8527040617252863,0.9857530084490058,1.9581097287318672
0.03536009705475734,-0.772498961922961,-1.3451226762243507
-1.5387932457446432,-3.3916626008953825,-4.326589979484887
-0.4478951847161186,0.04833950157564326,1.2226785641897073
0.6179855339203347,-0.10611591148801408,-1.5110176953535353
-0.18417632565374534,-0.7959768281245732,-1.822127412181635
-0.11598518547239624,-0.8181112851599661,-1.1154274144313039
-0.1754589686617526,1.8440440739557196,2.997642079807182
-0.9339146556265013,-1.3293241626275338,-1.3453965212041417
-0.5330203260835993,-0.09960328174782435,-1.2770407758219497
-1.426555420520532,-2.3016875302858626,-3.68179900686751
1.7679599483110264,2.9374646725768057,5.219417626890104
-0.4753728751379821,-0.9365662687266529,-0.807610241081591
0.47761018181755727,-2.218553663659049,-3.2807056188047072
-1.0218859446413093,1.8944411181821081,1.7890518212456032
0.7945282396010823,-0.46252604087635285,3.185217654652966
-1.8731609776353015,-0.18959644782674046,1.112756172937217
0.9206151180549562,1.469564654986411,0.12700357503843174
-0.03536792487871091,0.6238852959120597,0.28988737955241745
2.1106050536007097,1.4569992125097386,2.4712217384119386
-1.3065340728440185,-0.8560285064501163,-1.302715290704865
0.076380480159592,1.285040393044571,2.6811017671539017
0.3672318138838647,-0.007145265092307673,1.7556752609278004
1.2328991923762371,1.2376289859872673,1.4927151782220354
-0.4228569613907754,0.5900046458124468,1.0027450898368793
0.08646440652428741,0.15256036245533927,0.014410148202449624
-2.1424667290773685,-2.138956578360353,-1.683948827925896
-0.830168864022708,0.7875438170997678,2.444977744021808
0.45161595055524156,0.7029813593170802,1.7779730051623461
1.1041743263032135,0.7581667964555423,-0.17317744996515383
-0.28173626906561283,-1.0012838392243568,-0.4471775372451223
2.0563555231982935,0.639487196602661,0.18863070259363646
1.7602492264490932,2.3019834865403155,4.510742150003095
-0.06065249177480989,0.9007460928135331,1.5571791270832236
-2.4135030011737877,-4.1015134600161005,-3.8636874177029146
-1.7775663758059874,-2.037544740070545,-2.466113074168489
-0.7778588266274128,0.3426010755676956,0.3787833784411569
1.1158411079241686,3.31697950560385,4.411153039486426
0.3102722877837673,2.3985716378199085,2.847484653322582
-2.094247816222812,-0.7335320777361244,0.6986754116582087
-0.22876582887016242,1.190319792029981,0.28618744952441366
1.6133613745631155,0.7632696426834916,1.6013400189057712
-0.3748046873026527,0.47469077368685736,-0.017030868015758593
-0.7499696172756662,-1.8371403947519118,-1.3435222312962214
2.054624102518116,1.0818229357456337,-0.49892856945945363
0.05340953679834792,0.36369871270744386,1.7225647037011205
-0.4791570987860799,1.7846113910212922,1.8321648908269061
0.3501671588282789,1.0280970564004552,4.331519907951886e-05
0.017164726374088564,0.28755887176583966,1.0617549563785844
-0.42914227823509377,-0.5133973852739235,-0.8078537057197729
1.208456328551963,-0.35567790850067926,-0.14967465862503937
1.1157018027844863,1.4954244445149332,3.0224180315932028
0.8408615581411037,0.32359554992965134,-0.7028758968386151
-0.1028872175735376,0.15673493157161503,-0.5482952170580484
1.146900376399483,0.028189387145071132,0.11423439496389276
-0.04970257915867584,0.0814928903766377,0.6653068669707511
0.46664326722884075,-1.1637142531564892,-2.1000720796442782
1.033686867939501,1.3308557135413035,0.8038815411549122
0.8088443602656821,1.9668014001844711,3.1314969724682395
1.7897546832062712,2.3457545614441333,3.798544115948679
0.4512840160401709,2.4748509719515805,4.367094424851862
-1.6840599858682372,-1.0226944727655165,-1.5223686933031308
-1.1601701049822761,-0.42277264247326674,-3.0895619686202487
1.350106818681726,1.594950292801225,2.4373306361309606
-0.3312831699326283,-1.1447563375583274,-0.6137755025404091
0.3865391451330911,2.4624647853694253,1.488134592623172
-0.8514556565308268,0.30741355918393753,0.4592765174657949
1.000881423680301,0.5578787174700575,0.9447627405102694
-0.38483224883279044,-1.2106975415700143,-1.1124820876306598
1.4581082386095199,1.7479958741290718,1.632900580130279
-0.5322340208981775,0.43176033687185256,0.6015455990094156
1.1181333967176956,1.032391585283984,1.8392643984559718
0.6743961048208689,0.7255914009700486,-0.9054637609778885
-0.7223919054141509,-0.7660303577622873,-0.008153994980728663
1.0989963327471792,0.87644967046977,0.6859029505817054
-0.901634490475998,0.6138337353378328,1.5011026016021662
-0.8224671889042517,0.7426441346812886,0.18855268418639415
0.7217112921126926,-0.9228078498046378,-2.819134284826018
-0.625342001465988,-0.36139472663661937,0.747465056461382
-0.5938430672545096,-1.6791758034733104,-0.3738747784604546
-0.3439007092103924,-1.610816019066922,-3.7935099600979756
-1.0001691898725158,-0.21418256537850622,-1.5492956998229472
1.0449944096738975,-0.005573810237371024,0.08748458556173747
0.6085146984848496,-2.6665456914031687,-4.249215151310518
-0.06932869669048287,0.5896896957761919,1.467879381954834
-0.10839206717353982,1.1954281763504884,0.6374499126737585
0.45015551276717897,2.3989015497923036,2.3611013338198292
1.7653351005190716,1.0159747885726145,1.430604715278756
0.8709698025322423,2.142221150038691,0.3924402827209099
-0.5084571342754007,-3.027777343228319,-3.9532553990020003
0.7774192052488628,-0.4214642427045959,1.508891782754037
-0.11877117210308928,0.4239524337258743,1.0956276658275887
-0.19899818380372442,0.31233572104430535,-0.6243066476280964
1.8664713751521251,2.8135950128535203,4.422329136273917
-0.41893789767812306,0.621539171489564,2.8090324445718173
-0.47918491512740585,-0.46491795175362444,0.716766935073026
-1.9521052872452325,-0.03243636639475178,-0.6235344769551365
-1.4023291454531368,-0.43538067623086385,-1.1800529512865343
0.4511229387345986,2.0779870840440022,2.123107646485794
-0.6949209011852391,-1.360213713671405,-2.681309822649318
0.515413801783241,0.7125847177467812,0.8843174525626447
-1.1148710523659369,-1.3214925157930748,-2.591480339550274
-0.7673098263317347,0.19206544627320232,-0.6447608516170735
0.6745707069560037,0.32010439847063743,0.7049440499739696
1.460892380463078,0.9168617071203791,0.5366119903600776
0.5924728014240198,-0.8525114066375719,-1.227398502330726
1.197830841721251,1.2664688072134,3.667940812091331
1.7045941713724069,2.4791647111927335,3.343217142464959
1.0400891531540952,1.8402669334335386,3.3986435535609267
-0.918440038300026,-3.7507840158493195,-4.063022686838391
-0.10534471250754213,-1.7039214638266895,-1.441726739028323
0.630195670684911,2.5092970620945203,1.6619812675496473
-0.4148469012882354,-0.5195038701418145,-1.170376557209094
0.45194603732122307,0.2126156007125032,-0.007115152749567477
-1.5791562853944654,-0.09798958717636497,-0.5642141550634061
-0.8286279788564058,-0.4662570881182201,-0.7624170103255491
0.528879745585174,-0.20948634592143045,-0.09148187182631123
-2.2370865111124707,-1.9995161574168951,-2.622031798348113
-1.1077125022845524,1.010990685558239,1.9027816395877424
-0.01771831791014226,-1.3955658074499837,-1.9224764750475134
-1.719394474619523,-0.07429074196645735,0.9948030878399619
0.057120996082092076,-0.2666953183257628,-0.33312979333608894
-0.7995474906917599,-0.9108667076736694,-1.6877163069279826
-0.2915945955008327,1.6296374133728053,0.7041741391783576
-0.25898285340053234,-0.8500598776400579,-1.78945547759723
0.1892931975586576,0.9864929234080744,0.9294807923682301
-0.5637887345823027,-0.8140844384605341,0.2251580248539471
0.08968640732259017,-1.3603179002908354,-2.904255058763627
-0.6011568006493835,-0.6469453102141711,0.2638183669979055
0.5560735100773853,1.6137851823897797,1.844778025509674
1.693809113288081,1.1691551130082196,0.5715410552593422
0.19686977925029145,0.7069176503804114,-0.4707900495519757
0.1698692553475717,0.32444871955821997,0.9383335886580892
-1.1640079711612021,-0.8843750189315206,-2.9674828684049053
0.6933662256603845,0.13719515779414326,-0.2968787811716629
-0.7580673285562323,-0.4746715623274623,-1.009967806072907
-0.8088471964721285,-2.679971209177501,-3.379090457225851
0.5574394528580334,-0.0023700933385273903,0.5783408323044879
0.18103874435787085,-1.6591126298296055,-2.6055760807124364
1.1071754509490623,1.1554392075690205,1.5068694770906546
1.4428769284963092,1.5089620291929673,0.5929083842723832
-0.5396815622024924,-1.2278104992573229,-1.4156805065310933
0.12837699015594436,0.9040092005821876,1.6931664173901773
1.7604151835753223,1.8041626979964058,1.813303361472109
0.9665392502290573,1.0668034874315027,1.6488298779136876
0.7130490503032691,0.2090353797074757,0.35547477898942414
1.3062060651354486,1.517757855793099,1.4770202776714203
-0.604602969164376,0.5705246603042664,0.6238121178296063
0.6365834094146309,-0.15117646322844902,-0.3764326325132238
1.4092533893640082,0.3105582856310164,-1.601577819880732
1.6209122856217475,2.485740585555788,1.4837258408885856
-0.8061848173822241,-2.963376331593185,-3.123199370533529
-0.2516742076314244,-2.8186294604930744,-5.470702394276065
0.3827151737243639,-1.5085549485877718,-0.6518841433068834
-0.2889973430098159,-0.04945684457832242,-1.46931935146595
-0.3918162398080484,-0.1610787845275343,-0.1627692535419198
0.684001328181953,1.0437061009038413,1.7245832369857754
-0.35340998286701436,-0.20675069587088954,-0.8848358592356909
-1.7879128911997157,0.10704949477122483,1.2910479405015038
0.36184731583956825,1.8652612985338186,0.8674600094521998
-0.4244927905709274,0.8194164064062142,1.8900660650159549
-0.7315309817303334,-1.741025056871802,-1.9406735189622362
-1.5657381506559054,-0.8890126345342803,-1.2180009833217271
1.0138224669717055,-0.05514470712357766,0.9455222972185976
-2.2271126318500145,-2.2824004710735384,-2.199626742561118
-1.6993336047222958,-2.3828290852646843,-4.063872338892519
-0.27584606256114336,-0.209964423421183,1.1598532982733678
1.2289555856506973,1.527288552108111,2.8367426658524075
1.3097059056826534,1.1264567743868088,1.4555558103528419
-1.1549826349293644,-2.117354798306419,-2.3911382291949845
-0.17763219598355098,-1.6681409447694437,-0.6655324157198246
-1.5104563750875688,-1.9704499053151867,-0.7063676321216792
1.0112070637749084,0.031327293643980125,0.6502512390782753
-1.4765626605201803,-0.3969769613090598,-1.638993787956895
-0.14319574500723764,-0.4338374547541092,-0.40035479919892125
1.0329837789497511,0.6377206842546824,1.585284726632382
-0.22241402852990858,-0.33486628980675154,-1.2363378832239105
1.4701603438257402,2.2729764229167335,1.5217047956741396
-0.870008223190852,0.9401085436072709,1.1339086440340185
0.36919046954687373,0.7224109128116782,0.979256941028764
0.8532821858237332,0.4343199154720632,0.8990136898644363
-0.13971173044107246,1.2907321419327824,2.779177915135776
1.3863142642463189,1.547292804414588,-0.32567403421166063
0.5481295846881931,0.017406782684740718,0.12074958724523588
-1.6374495930083417,-0.2993859631091338,-0.5649408794890989
3.9586027040379634,3.374112109241871,4.0646837767434665
0.6486436440906672,-0.9151158136795506,-0.9307057216342044
0.10734329382358966,0.7127809410291679,1.8810866770416426
-1.3988128186664763,-0.8192250531578906,-0.4241373280750864
0.08176781880561644,-1.7912271671795734,-2.195172523837532
-0.45994283084068716,-2.5189974198765075,-2.933679373792226
0.6443536660303223,0.6517839381945302,0.8874981177585874
0.37167029121186534,0.9806924875487615,1.043865203198372
1.853009485069379,2.0909876381831993,3.831198950318501
0.14225137252631778,-1.2471786758835017,-3.408852697029949
0.5135054799885475,0.06379443487925252,-1.3249428662550096
0.3724568515114425,0.9645554002377426,2.7551034431310044
-0.14848980305939366,-1.6545440512394063,-1.4117995172333235
-0.1834001973200239,-0.061437175676872874,0.5569170617132456
1.1010002026684818,1.09412943153244,2.471142170579446
0.7800271353386294,1.5477776773348686,-0.16102183889296406
-0.62944160405378,-2.9574452135742915,-2.1097988537552164
-1.1134361029729902,-0.745761555377286,-2.0613780155839843
-0.06741002494685439,1.96419383238288,1.3742936288073107
1.1614399816743937,0.3079446465484402,1.4057763516188282
-0.027529386267978004,-0.33826283664660267,-1.5616313580918082
1.7464350892279725,2.351140301600726,3.3522895747074504
-0.7750702870734348,-1.3831988307414247,-0.23250920995287228
0.14164053766580517,1.2702673147306691,0.8747272295177025
-2.516303860965749,-1.4725099275279874,-2.3560920643168997
-0.5956678809102903,-2.050607729861966,-1.7887007078523878
-0.30912131864186215,-0.146703637233764,0.7202772821883535
0.5109377744920892,-1.0502317393933065,-0.9185528659484998
1.7106618386711354,2.3210772893684033,1.203924742051181
0.03494358936374005,-1.6527196012803196,-0.37305949854632225
1.4539175816088175,-0.6486196494320844,-0.15584864853062097
0.6616810764659825,-0.6079595501013266,-3.0864163678924212
0.9863521802120643,-0.013990921983826121,-0.9165765994714612
-0.466154856825928,0.9420169020572837,0.07038602139666561
1.3849913436486387,1.089735539744864,0.5299850291306495
-1.072964278711645,-0.5673668805989249,-0.4247878705881894
0.49515861120031657,1.4710266375053567,1.049999824234972
-0.952062100706259,-1.4594595806917376,-0.5264044825021332
-0.5181455523987548,-0.9928421589387892,-0.08267266506061932
-1.4614036047221062,-2.016575421627397,-2.345639823849489
-0.5163479086460222,0.3718263204705552,-0.6070353889413449
0.35111689651096534,1.9141697267878097,2.29639066707041
-0.06877046307863847,0.2037261238493537,0.6512310743693883
-1.3477649412536636,-1.7014919467144478,-0.8793329491003392
1.470739856691369,0.6562308582164004,0.3231829275150044
0.33722093830845856,-0.8425375395596412,-0.931323085721293
1.0080654330757632,1.5375977160191738,0.8483774879175646
0.7852269196346882,-0.4347472266646003,-0.9826790450728304
-0.6648677669672133,-0.7865272790393729,0.22450543150316316
-1.9450469586120391,-2.724998911688864,-1.6737952147176223
-0.9154243682317061,-2.6318025942068157,-3.5031372334524464
1.2251558492732308,-1.5598307238870894,-2.135935811552876
-1.053546073700315,-1.732798369281289,-2.840020208638773
0.8160436843240609,0.8709134452454179,-0.4845018450801648
-0.6124069731288238,-0.8077411448178404,-0.5965288913931199
0.3931092448539835,0.09091250842796658,0.5817853271736863
-1.8239198526251938,-2.530515762486856,-2.4321718344714696
1.167075165999964,0.001978570640334798,0.028506264299017904
-0.03966870009048212,-1.0994373029667406,-0.7901134592959491
0.8858257989659072,0.9198943003327654,1.269255060362975
0.18986164938309566,2.1995441566500347,3.883912050008971
0.7980637952989431,0.5020785264826557,0.9770703437350878
-0.10193203926360005,-1.4508260366242045,-0.28965612818850817
0.7433565435138623,1.867308566105584,3.3131321498916013
-1.5095726842240433,-2.2062245621684395,-2.2884529307278854
-1.0807106924455065,-0.30703591257908436,-1.610743606761758
0.7254740044815357,0.13772379391507544,0.6825408636680208
-0.039178256209496685,0.04974060083032856,0.38045070165199185
-0.22875417122021255,3.2496600948193892,5.818211640184375
-0.17961229465135792,-0.8912161043006868,-0.32711775140533594
0.5017251093451655,-0.18530035222132357,-1.3536316309568597
-0.593343754242419,-0.09943955229135926,-0.9121911974492716
0.5103075967452559,0.3862993135649323,1.4274960999868376
-0.9157918490686792,-1.1387043804504318,-1.5595575188410664
-0.40725204301996576,-1.0142091775845654,-2.4199410250728057
0.9849516717192109,1.3784552035756743,2.144907625792402
1.0712524278458908,1.9343785099030941,2.8149034490272244
-1.0971543602553622,-1.82980755985311,-2.314310821932911
0.8386347472283774,-0.46552530353499366,0.3029658730997269
-1.039182322034903,0.9985603804192345,1.0940385310922467
0.7330232317190783,-0.8387375868871171,0.8583302386484495
-1.8988120593192948,-0.8037161983506624,-2.0619692406674375
-1.1171106924391125,-0.45456118073248825,0.36244867003383996
-0.5089722778228615,-1.510147371182661,-0.8211906743854447
-0.16648595488595935,0.6263048290863267,2.018432359301774
1.4236144293489872,0.03567519720610357,-0.08244400225402576
0.9039991740035269,-0.3663517592602201,-0.852616449204893
1.5754679085723808,-0.12917591161261122,1.5856639701003847
1.2066078980355681,1.799569523680212,2.706052531076632
-0.2828635516348445,-0.6756366888602687,-1.3958993064010135
-0.2663268843187201,0.8721898129149676,1.8789795909355922
1.0689716222012626,0.04503726711730116,1.6411272424796588
0.040371431022839264,0.6469597309436272,1.4427327332581634
-0.15699367249331792,1.2818156566632335,0.8121987326434249
-1.3352027230151915,-1.1541756915052908,-0.40558584384640095
-0.10646012155553987,-1.2106208434946306,-2.990279853409035
-2.7909964066938464,-2.5753680676674557,-2.313622396870154
-0.45611755514868535,0.891843426762384,2.048539654717687
-0.9798902516618007,-0.04481836508681725,-0.27575093781478555
0.6925743475393558,0.1680713845027395,0.4788121619644402
-0.4786723564156615,-2.1273102596864213,-2.4024920045502434
-0.3290515493410809,0.45229554558385365,0.0069589926866284735
1.3471054646704976,2.7085906258167727,2.392708430777222
-1.0490677451686161,0.8093398809161916,0.692526509439962
0.31665889515665435,0.686117315759862,0.20132862457257317
-1.895266947476466,-1.7072427293807806,-0.5348505267274579
0.08972911744465112,-0.7143379762844467,-2.2124770358389707
0.41026574539684446,-0.24438922099315796,1.5059447457507056
0.8598709717969121,-0.9618535265771424,-1.3896351899292878
-0.8986831933186461,1.4156050042577473,0.9276874917810802
0.3196569419445935,0.22876116427264487,-0.2697325136463533
0.31815419967868935,2.638928498210828,2.125751350529206
-0.01923163409763723,-0.08988272265129693,-2.1400265909212304
0.15001627872780374,-1.4983049086277327,-0.9819767365411131
0.4635343217316655,2.232392559662822,2.52522374665396
0.39788042488185116,-0.5415226839620246,-1.4882775113869324
-0.9960108890883996,-1.2347169222862078,-2.7874932601753004
-1.1958615103244818,0.691861881736022,0.26740521364764236
2.505980285318673,3.4635574390212103,2.904769523285389
1.9197922864280879,-0.49037258669138906,0.710124517744311
-1.3916938760540336,-1.1123003309014001,-3.231038327506072
0.4502177420378455,-0.7293608114712002,-1.8334457895377216
0.6274370827531105,1.041087888273049,0.36628373556079985
0.7513372351604846,2.4132468797234043,3.371073648437246
0.14039543644735017,-0.4051734733040948,-0.23243336045391122
-0.9268719392086243,0.7517252492871542,0.7572771846679867
-0.18242040636309756,-1.0745806004698304,-1.4617217094009398
-0.49112513779081807,1.779370405588803,2.533316274587317
0.1343731160397544,-0.7181553980987287,-1.657225412460461
-0.26837130412057664,-0.6780350111327925,-0.3299772799944163
-0.13167562628701832,0.191616866727695,-1.0928221796925501
1.018552474767882,-0.5857524668543452,-0.16259744395499687
1.2305581999547246,2.534055413175042,2.53360929312238
-1.181103172771823,-2.014899442346569,-1.2895007885794223
-0.45993010443458127,0.24600748053215693,-0.9281415949541445
-0.7907999537751678,-1.9217700024950548,-2.7596271219077435
1.2237222119601092,1.0887607156804386,0.4856074873797438
-0.05936790254849916,-0.058020497459814135,0.8705943081667151
1.4489894041582356,0.770950616337382,-0.48615272723403324
-0.4775808546567209,0.10715451003111576,1.0127332071527044
0.025999994185658175,-1.0960322618877236,-0.8520214913886771
-1.3486964467972422,0.4429086092297032,1.0974635365082368
1.3025355364861801,1.244475786102923,0.8052116360975498
-0.36261208757725877,-3.0815337079836396,-3.2224999322989447
-1.4851564513254543,0.8174364148276176,2.7316455026421034
-0.5924612851532695,-0.02125540588625241,-0.7168150254460627
-2.304907937770138,-0.29036112865400376,-0.09524380626744444
-0.03181717269879145,-0.20239029538440506,-0.505949607398767
0.11248774241419583,-2.172625132414247,-3.7074965550427894
0.28807816700515054,-0.18925533630871805,-1.05193399752678
1.498108183577034,-0.02758341437808909,0.4917508479963645
-0.30097615395533844,-0.2792633854490504,-0.380498619235303
0.8074559170052702,0.16323787123866768,-2.2570344173141366
0.3122386890129999,0.45880323128043615,1.0828520572580427
-0.1933216404740039,-1.9190653930099209,-2.620467799442031
-2.076802021923554,-1.6076592131117633,-1.0114439438601108
0.9475011673456759,0.2984191007041727,-0.28553124605701813
-0.5039739491423175,0.23032971146473924,2.58332292772886
0.017955891650826426,-1.6779378355297239,-2.962274654644774
-1.2704607763854796,-1.4414395968639702,-0.9635013255493428
0.2829955338110016,1.8847957668567275,1.1862951036914176
0.10803081731234535,-1.094638243887921,-1.1186102778755909
0.02941761897076564,0.7615877805359157,-0.23360472103111285
-0.13479312929572362,1.2226716117582779,2.7220546876218963
1.0492182907525678,0.8292848642455262,0.9740380176981565
0.9662208625783415,1.7614873322818134,3.608553981266813
0.7259168525208212,1.6221731163937998,1.8493218943709524
3.3210787561703645,4.226618514848486,3.4475832546522955
-0.6002253303773148,-0.8480124656677387,-1.860732288894126
-0.37951751553387963,-0.4159130958144436,-0.8912646902915481
-1.014803690858671,-0.007720101666463419,1.3722352935850402
0.43598619629640983,-0.39685509263310614,2.253236024285367
-0.6874873930601744,-0.5019392077816757,-0.7164841173409312
-2.698361741666047,-2.857260055382692,-3.110695205509769
-1.2133381258287046,-3.2997116230899692,-2.7095417214892485
0.07225189915588459,0.392716663091767,-0.6700483261465402
1.0097873349475586,2.5102599148659888,2.6967086884374583
-1.5569415578650314,-1.617617927301985,-1.2715488168506783
-0.6124421282843443,-0.4056563117171847,-0.13365431958530616
-0.13935180545092124,-0.5645863957386705,-0.7618262075823932
-0.7285374894247015,-1.3237933341461199,-2.5659527109981424
0.5311637934562251,0.5610354986504541,0.7774325742531638
0.004000841975375483,1.076131771577094,2.0042354253485337
0.3212659144838316,2.4728560674349835,2.249006324019878
-0.7252149257453662,0.24630461647214186,0.37004263468961496
1.5365363280210986,0.26786525985542475,2.4111792288759997
-0.00037500875835609604,-1.4273156357183119,-1.2354421031717677
1.2935496206633084,2.341670282298095,3.403127905133724
-0.43899766366627757,-0.03448313939434805,-1.0775683336651185
0.5900394641608302,-0.13843167211375335,-0.716993656140096
-0.6793837829972343,-1.599679162803596,-2.2370811659556975
-0.9509092510507696,-1.5684497675356797,-2.720817128817351
-0.7043503315234588,0.6699446440804958,-0.4051668857449241
-0.04586668606976747,-0.059052720878662535,-1.6366381099682377
-0.21873345896770915,-1.5754567442985676,-2.098427930960855
1.5392070096550627,2.1039445974557753,3.3575522604686405
-1.1487042296369459,-0.6088607875778564,-0.1138523815127842
-1.0903383324548148,-1.1634028367581901,-0.7198018934739541
1.700188146645526,1.96786576578871,3.2735257770974773
0.6087836589081088,-0.3406570301465158,-1.2676115869180227
-1.8814108671660597,-0.5412240962908892,-1.3327396339628002
0.4972690986459772,-1.0270456227375848,-1.4680403992318363
0.23733269933959658,-0.7135765668878187,-1.7475495191772425
-2.1444440467284505,-3.092438278388632,-3.4612549191928297
-0.3695624253374333,-0.7122090001438479,-1.5178066314684597
-0.017454951836177974,-0.7714149948721013,0.18825474803428532
0.7314025171250657,0.222476094932628,-0.6108802286096964
0.9544956665476875,0.7683643650144625,1.4845790215422583
0.09574677111013467,0.6308499567968688,2.4357803476502746
1.0334508032642373,0.9732927153764637,-0.047274159679374206
-0.1462732746113538,0.13484108356442032,-0.3895138441673782
-0.857496824739772,0.9183264833245234,0.3338333036152974
-0.934181843147949,-1.0138360354244507,-2.2768770613346465
0.542645294566316,-1.0242197037109115,-0.9683751635428806
-1.9581690855990108,-0.6151534559992627,-0.23786462771244488
0.6778075711198115,2.378115602435778,2.1209312857034983
-1.1065730673918852,-0.6979697597738516,-1.350046337242919
-0.3592240957107388,0.5521549462176234,0.904996687887347
0.5053819027529176,-0.251311164944012,0.012388345022556757
1.2179409008013473,1.160028074399963,0.2806607569721342
-1.9406809643648932,-0.9155194526970564,1.2030111595443858
-0.806178211953457,-0.266366992766937,-0.5530814401515307
0.04906169237310281,-0.5004482989147029,-0.5124182542356572
-0.596086334587662,1.1537607244689065,0.7564438567038881
0.8616231013412039,0.862114565176622,0.7758420421142564
-2.0863905654565262,-0.7389142468248344,-1.7909857349333242
0.3618016405710469,0.6952202990853872,2.462503066920265
0.425920176502816,1.2144103638692578,-0.3898950742387577
0.049080397141630476,0.9725176142993016,0.9820717726879468
1.1022367325853422,0.6656342366687424,1.4598755474751668
-1.229574253546429,-0.14998058997461783,-1.777190952227298
1.108616757989675,3.047349133251017,4.117834923644406
-0.7029204029101687,1.4366556915689737,3.0404932325915177
0.7255505180787332,1.3444818345110974,1.9097478731932431
-0.32420421948521105,1.4278918475670332,1.7134777293016874
0.8143431291489254,-0.6564968403445467,-0.8220070085060655
0.7804699297583744,2.096772250535268,2.2346273800916374
-1.4640535735805917,-1.0963667609758063,-0.7354624684583705
-0.1544911938105286,-1.9105283588282047,-3.1561606271118925
-0.09243231854158614,0.09126473169598513,0.4363307400127094
-0.2378752654568325,0.7859960857158015,0.6046695777173783
-0.7556627651019651,-1.3005578833777274,-2.1422923103183513
1.8514378945735097,3.4182818962831183,2.9455626832455852
0.20909667657552103,1.516505019523127,2.494334242767154
1.5550159943330888,-0.031101069203692155,-0.6279666618129358
-0.5691486535119704,0.5537713398625739,1.7420455900356826
-1.061796761310848,-0.7374647215521504,-0.9130030847849019
0.13224777891978462,-0.4458820206751836,-0.5381506627677772
-0.5632366041174566,-0.7672209258794254,-2.01853782028663
2.3901459623335115,1.467121767150893,0.7604304006343883
0.24542284918911964,-1.0199327432308434,-0.6769210622315533
1.1525991350106037,0.4737562012859008,0.4723197483040695
-0.22423577212349852,0.5133002939357154,0.6747027833339392
-0.32606130576013626,1.1650929828894416,2.049126085108973
-0.030911417604135967,1.433609202669184,2.2421758796503504
0.35571726157601685,-0.2887869199963145,-0.7023766077643687
0.8495868450948219,0.5624217989462985,3.5692923503624674
-0.1221540151116833,-0.9570945290072226,1.98653390527924
-0.6808515740173174,0.4853212293528567,1.0226985843406537
-1.0678765764865552,-2.502454179796847,-4.442139374800288
-0.07667936270573186,-1.4246200472097224,-2.6031541979910653
0.5729627259567562,-0.1774765178183041,0.36876746758758683
0.45794707630974174,0.6178311055189953,0.1647904400019169
-0.017817549053938987,-0.33540201929644564,-0.4841846915650667
-0.600138799235613,-0.44704713365903015,-2.533202099308882
0.14676526338688947,0.1649468328746122,0.634117715350399
0.5718048788649898,0.6907236301480337,2.037310960359168
-0.03681765651702741,-1.0639171064135706,-2.491073891172727
0.11236848879221897,-0.24946497954749647,-0.6428580010573359
-0.1505043256504516,0.4572088752513514,0.1896300430821154
0.9154992680625726,1.0126285701657252,-1.2697411243560957
-0.4382002673386686,0.7427464191463955,0.4156456257184376
0.1855356209665554,-0.5977957786400447,-1.2865194901135946
0.3944280300121126,1.221803837428294,0.07260763794162384
0.7255225582535588,2.0470427868755614,1.58191082356118
1.4958847658844756,1.054117520877935,1.5117942961391937
0.6754538092042119,0.8062931917316213,1.30894087715332
0.5992132354592584,0.7045600226670576,1.1703405794387538
-1.4702370890213132,-0.6405190818472316,-1.3445750943702501
0.6064039443038369,0.8730442703433874,0.22274860491369286
2.293717612357178,3.304461797692138,4.110742132680915
-0.8300109855676734,-0.15064385284095783,-0.5739147819688314
-1.0195198494057163,0.04888582399798824,1.0950799993833882
-0.2146538422260227,0.15980365671988966,1.3560730351875079
1.0212481260989013,-0.22477178114216734,-0.7423392636224522
0.5247504922968238,0.8531607459419484,-0.609694063526921
-0.47712420646933207,-0.6116553878213534,-0.5506267022499843
-0.03599018172719132,-0.6638795645289496,-1.4655509770603934
1.0370389817739079,-0.06473945838976602,0.7446097202511776
0.672619748121479,0.4676987179225056,1.261337979237372
2.428876969522979,1.3356374736856216,0.5521556092446709
1.0056866803112163,2.8442216099555977,4.461296491308139
0.3535672160026291,1.8796256708237553,3.647828145247317
0.6147262758274484,0.22485072501221448,0.6560447529134459
-0.34898419091555255,0.4299698191406091,1.1261098196191983
-0.977773001532967,0.3747440958318574,-0.07123513018805366
0.17195713216759081,-0.03527366616140043,-0.9014887975617255
0.4905610438096389,2.240682203015613,3.9437055150443987
-1.395283025065327,-0.19411605191170034,0.00816985475311477
-0.5223564651356952,-0.5195942858697047,-0.7151883426777003
-0.36925590182896817,-2.094703851014561,-2.5825696407142544
0.2656424025142851,-0.7534412862210629,-0.151368078158426
-0.2604660588653798,0.11031969568816119,-0.08326763138329613
0.445096710344572,-0.08218658074517404,-0.5970517979796884
0.09811224622199123,0.05773653537916944,-0.2354597633564577
1.0603275091568074,0.06094846535713383,-0.08935904259480475
-1.7111676596244927,-1.1220113965608374,-1.8328850279412228
1.6571246380429256,0.867397672429586,1.1291595175807916
1.4176740129993604,-0.41856666437226275,-0.9938786241232692
0.05031708614713537,-0.30138958238100144,-0.8165953414793741
0.6503232142523461,-0.05176731581121741,1.9244184187536861
0.6065484004132948,-1.0664189188611821,-1.272442218647569
-0.7372896277599319,0.8333454841178216,2.7080007618601885
0.16466506584920662,0.05568108652433547,-0.9379473041111037
0.7781741790995664,0.29567326456410786,1.109624651758024
0.30981675860748836,0.9982282183784876,1.2091918691791574
1.0513207678487513,0.7584613753173254,2.6011636686990536
0.09499611006916124,0.843290514542746,0.5467622703237356
0.08075098862302005,-1.4160538283818511,0.09305839529462845
-0.7678037460245601,-1.6508988643814508,-2.569724735756096
-0.3645380497066375,0.25359715121953497,0.31194402967630397
-0.45971768103806804,1.124123216064803,0.1928619260722646
1.7054835177554424,1.3943983403760298,1.6387268568299824
0.24050555214736213,0.4088387060671564,0.2837833436423495
-0.9994265013581795,-1.6229851052799025,-3.056967949052579
0.3985983881614373,0.2889428336939,-1.4992651517119564
-0.1920036966310444,-0.8625396709454114,-0.13864066278532605
-3.053764380426305,-2.603249620130733,-2.6287619659400168
0.4798523711538174,1.10616202055777,0.6310559075340059
-1.5526987831768355,-3.240922970714803,-3.995901201327149
0.578464420256242,0.6757972625998498,0.08575286945605498
-0.96126359903051,-1.5735524645778503,-2.0263376138395084
-1.458324460393154,-1.8132417836959092,-1.9258474516863904
0.49434165098237876,1.5336460900669806,2.1934909651504912
-1.4941937652746844,-0.8999153475611082,-1.5808752906893615
-0.44669920347712,0.5762702654271898,0.48171994152544617
0.20437739492116297,-1.60027279981436,-1.4042104753105855
0.612232523128053,0.07956919923077643,-0.5638434119197739
0.7448845364406519,0.14224050442952185,-0.38486851014198276
-0.036281288553702225,-0.6184547020940692,-0.660295433915548
-0.8323953476886892,-0.2256817737707274,0.22394412006913222
1.923815425970925,2.4349738219476933,2.4980188350971058
-0.6059813205385978,-1.591563926312332,-1.1133459129217083
1.8035889814864974,0.48020862080920346,0.5061862289749797
-0.4525249732840256,-1.6139774110345473,-2.60951542354562
1.1612856933418074,2.0766352292802175,2.5863776823824645
1.069965538950133,0.3412375090917853,-1.0472052831179233
-1.0455342473768945,-0.9378081791022311,-2.961268856213537
0.35528450700622954,-0.04798307380543565,0.2814454410440469
0.7553920291908554,-0.35934296154835343,-2.2075348936252177
0.7009821215232441,0.93404667086904,0.3189089218411868
-0.198937450283896,0.22387690953008899,1.2673228803354935
0.3019600454061449,1.1828936208744547,1.7511664093107941
-0.3946896809955576,-0.5411718271545243,-1.4993730606482387
-1.1718133792211223,-1.2345381246007852,-1.496436178182872
0.9840122369402405,0.2016880427744795,-1.1918700767536237
-0.5596814219185569,1.0403964292382306,0.10928540101024953
1.3797581916062172,2.1113735386830994,2.3658301498491716
0.6024509012396099,0.44157551310807214,1.1173401671562804
-0.8926466735128841,-0.06514373279025709,-0.11190200034895939
-0.16119831954123737,-0.7148024030066048,-0.9420571507135511
-0.28638491539517374,1.8253668296691692,1.5400958653326544
-0.8708876496519611,-1.2882763699882953,-1.471413401455843
0.5014295898933301,0.021454716464417267,0.8217634752311352
-0.47861407386118443,-0.7539227769837548,0.1990406910810516
1.6316915136307972,3.006588176247714,3.9506792225181044
0.8608912410184296,0.8363154288015511,1.1255567035025094
-0.8801890645415797,0.3802673117996159,0.8114934519632773
-0.01900052154731654,-0.12529737555651488,0.3750033573412203
-0.22676019216958399,-1.394383124912303,-2.1550361239604894
-1.5645078538111965,-0.4761261091769373,-0.9404632469688152
0.9312556787681191,0.11854799668444571,-0.5211873780013355
0.9498088152113293,-0.5586754592354841,-1.2992099775526427
0.9255012147023857,0.3243254276017257,2.272220049444932
-0.4569878575935375,0.26606681491604434,1.1042179001945118
1.0689859716189178,2.6194738361076926,2.45862889765562
-0.20975293542255413,-1.555280282832978,-1.8240195601585283
0.9351477795910749,-1.4509397672959392,-1.4336385181048714
1.8125278151175406,2.380179249485732,2.766256666861617
0.14010988130475283,0.4121391639931402,-0.4691873971187645
-1.4191487771444868,-1.6987919322890763,-0.5920216763583475
-0.31690119652834625,0.16484095941092153,-0.990615453739052
0.6409858663835063,1.2422317668877918,2.3590185014255467
1.2198743790306215,2.8879682497615935,3.5195988560583866
-1.133792035393578,-1.0373755605968686,-2.05832247761246
-0.19054829766145195,1.1273615335014806,1.1913297256528081
0.23333912626012182,-0.2650846405869908,-2.1686007014854054
0.43499832426284113,-0.1616700812034742,0.0809684719963343
0.9104236030030839,1.1521123125969719,2.1109993816865247
-0.9484396564537968,-1.8737192293585396,-2.7785240295949185
-0.4234782972255359,-1.6407416637963919,-1.6710320685489841
1.0079664776005783,1.7695662792208848,-0.3754147396456795
0.3923349111243075,-1.6492071390491536,-2.510444108295209
0.44838065078168743,0.47205277579864074,-0.7709382591733385
1.1253234986642537,0.5755165348904354,1.6159124453649487
0.10405338970908944,-0.28977748054778474,-0.15341978941632994
0.5280034220718364,-0.9099025558589593,-1.1391206455314717
-0.3145638619172873,-2.28755352454082,-2.9342929274927156
-1.3450100202683752,-1.7369164922747735,-2.327188176616046
-1.2952578852810872,-2.2014243102549065,-1.8566466941571125
0.07432055368263171,-0.36596258185885544,-1.4809079031161894
-0.1995607179962165,-0.07161247827209329,0.8463181533288353
-0.654603168524978,-1.2654427663225216,-0.81894242470644
0.31801429641916884,-0.8181138648556231,0.049017693235901105
-0.8902715521082489,-0.4221758773310947,-0.8545477212247863
0.11133726638297002,-0.6727648774720723,0.2741680675437169
-0.019522558320273307,-0.975149869551154,-0.1693939176869219
-0.8399889146122471,-0.9711444025506473,-0.7157755911468195
-2.298205880537852,-1.5530732682684583,-0.7408181761267736
1.456527386472777,3.2739703391768478,3.4874627633295843
0.3166372357039576,1.8668713396554526,2.1670977156228743
-2.664125939262139,-3.3946816924761585,-2.7260184513424606
-0.42642861763352236,-1.6653921112871362,0.018919846675245378
0.39378773124931865,0.37974755718700753,-1.190937712954199
-0.22814069070045617,0.37448638761213393,1.386427102027147
0.5803301126032293,0.3325585275082924,-0.8590456865247962
-0.9732675852492401,1.3937187280560335,1.8827539751175544
0.1751677292180687,1.3172044035946988,0.992747181812243
-0.053483692735156345,1.5972704134609468,2.122413536870948
-0.1830619869619735,-0.5643202073514848,-0.975422898217909
-0.22102890178833562,-1.0737027078467865,-0.8943697976758451
0.19975955519262756,-0.9104806474419778,-0.442832086304924
0.9327214136880919,0.6323955666367242,0.4107188643379559
-0.5301198002000516,-1.6824457574430247,-1.350371512919484
-0.4072400240119308,-0.9595840729062308,-1.4390765139917936
0.16056499174251157,-0.30231774599825917,0.32203816164404725
-0.12014997562874898,0.8481647486962898,2.1952520923258536
0.38560229234432525,-0.16439372515409245,-0.03218738640469132
0.7182907357543429,-0.8324315218940478,-0.7658051899061699
1.2911889028508758,0.585477849551064,-1.1001486309632547
-0.11644414827166405,0.0954275937603752,-0.657377365751405
-2.2772979966603657,-1.260920338914946,-2.1357609851535817
-0.06962453945512911,-0.9773586860778976,-1.3234900374318554
0.35387042688284037,0.9304714573576784,-0.28345713806755635
-0.18695501653274957,1.2372615807148444,0.18364781810032826
