page_views,click_throughs,ad_revenue
1.7886284734303186,1.2867211948943396,2.4351623822231736
0.43650985051198943,1.4375643047633573,1.9615236274127288
0.09649746807200862,-2.4891783045776914,-2.9489948085926807
-1.8634927033644908,-1.5734022026214163,-1.344347002265469
-0.27738820251439905,-2.1037920686503044,-1.535707644625542
-0.35475897926898675,-2.0884053321917118,-1.7151278992599988
-0.08274148148245977,1.8990510837847416,2.8536828280073645
-0.6270006768238473,-0.22762066627286623,1.6834929835340207
-0.04381816897592824,1.4528142816936729,1.3613873859947185
-0.47721803035950267,-0.575462695668678,0.03394167365277401
-1.3138647533626822,-0.37925259495869823,-1.6560339292804014
0.8846223804995846,0.18756889571222718,2.618493450157821
0.8813180422075299,0.06997118275556957,-0.17597936088770155
1.7095730636529485,1.1220625684332821,1.5969203239067937
0.05003364217686021,0.16335582180736552,1.5749368930347252
-0.40467741460089085,1.2499952474409048,1.4130366866620372
-0.5453599476195304,-0.5785799694065842,-1.6164821605344173
-1.5464773155829683,-0.7026948950512943,-2.7890578458557975
0.9823674342581601,0.43073383262890474,0.2659459332224514
-1.1010676301114757,-0.6258792401032414,1.2095439709837252
-1.1850465270201729,-2.1407092739890468,-2.638268931468473
-0.20564989942254108,0.9474673342919238,2.9414825744080524
1.4861483550745902,0.519427711509125,1.4792961076303377
0.23671626722691233,0.2072348647304652,-0.2057627847887648
-1.0237851399264681,-0.930800095364385,-2.6527375283324233
-0.7129932001120494,0.48555263750674893,0.409803250460282
0.6252449661628293,0.9593358171777484,1.8374466469852038
-0.1605133631869239,-0.0993661514528676,-0.3789372311684383
-0.76883635031923,-0.3631848261141685,-0.33132282593597423
-0.23003072227793905,0.1824179392658308,0.7832314166631149
0.7450562664053708,1.2780840108780507,1.2630338937634566
1.9761107831263025,1.8902371584048112,0.9669091141069082
-1.244123328955937,0.4143207117825334,0.1695902865643129
-0.6264169111883692,1.1799326746827559,2.0629484913485703
-0.8037660945765764,0.051779085181252626,-0.8022931350036431
-2.4190831731786697,-3.0159671988689363,-5.026369204976852
-0.9237920216957886,1.1011867894748049,0.3785394815832426
-1.0238757608428377,1.433196534107541,1.5766538629855562
1.1239779589574683,0.42268425820609323,0.37134746566859456
-0.1319142328009009,-0.506339218396355,-0.7700086471943902
-1.6232854458352473,-3.195195306849149,-5.482262301821982
0.6466754522701722,1.231915803783786,1.5725162833150577
-0.35627075944674486,-1.2572483488779014,-2.3248817295081112
-1.7431410369534588,0.609273535943115,-0.2157041936159687
-0.5966496416841992,-2.894942633168706,-5.679103320160573
-0.5885943796882429,-0.3396191209213901,-1.6204988157391806
-0.8738822977622994,0.06276472027212254,-0.6001529771419448
0.02971381536101662,-0.38148758016990436,-0.4214505269368314
-2.248257767576606,-2.3692415512213976,-2.740202266275677
-0.2677618648460562,0.06180021016796186,0.04226538946787419
1.0131834418864945,0.18163823712766136,0.3969337394855531
0.8527978409541495,0.2536936260810306,-0.8718419724387869
1.1081874999349925,0.7363514157919194,1.6869645376983655
1.1193906553188915,0.22625867815033907,1.0415835009946033
1.4875431319925396,0.8132706839274988,1.6729071000006743
-1.118300684400365,0.004043009562441524,-0.5588107372775092
0.845833407057182,0.2010472429858267,0.11003504902767555
-1.8608895289421137,-1.1366879606677678,-2.0115044925639602
-0.6028851040072183,-1.177797711816089,-2.916407355064693
-1.9144720434058142,-0.4268624474682038,-0.9600358804184443
1.0481475122462551,-0.5533051332873281,-2.3322681762522466
1.3337378194424867,1.890056770275334,0.6233548954663541
-0.1974146791582499,-3.1652382796463634,-3.6187870381226883
1.7746450314059348,0.33107598679812633,0.9190256884294836
-0.6747275103117134,-2.0621237409712982,-1.9043853519618992
0.15061686536502228,1.1191849083047276,0.9559326950134528
0.15294570276248168,0.37558620531070847,0.4567610312957999
-1.0641952739365244,-2.057087166076751,-2.198648072172016
0.43794661128008205,-0.2681692859545148,-0.7777180948072518
1.9389784604004943,2.6940300812406344,1.4093689853453144
-1.0249308746080865,-0.7848831391836765,1.168689099941366
0.8993384458408142,1.1804109401766965,2.724534890417579
-0.15450685189928748,-1.6291289750811153,-0.9111912637011208
1.7696273032937428,-0.28056351456101436,-0.31986293699332863
0.48378834760053036,0.8939830094373603,0.3206104014430372
0.6762163998630621,2.761894447090893,3.6336823052661047
0.6431632805957185,-0.10873558643565889,0.11151843857887894
0.2490867067258341,0.7447446511423914,-0.4351496211844893
-1.395763502640675,-1.9438102437781688,-3.031581212545703
1.3916629077448075,2.202279748835508,3.3957271001837603
-1.3706690125520165,-1.43831526301554,-0.38671779732646283
0.2385631924059012,-0.29339709440439515,0.20543125562335296
0.6140770877540938,-1.4884345705643516,-2.3576471281989573
-0.8379122727022941,-1.028981962372955,-2.6388874879979345
0.14506321410352788,0.25946337292468236,2.353421677764824
1.1678822863016418,2.1666239721009157,2.9277236590778757
-0.024104470071230052,-1.2213234357293872,-0.8310596342868388
-0.8886574178529492,0.3283455174227433,0.45063763431264575
-2.915737751792712,-2.415723126634964,-4.487709470069426
-0.9718405025726093,-1.0010225491522697,0.8632020931898108
-0.5910787384858753,-1.3958200694401963,-1.1515704024575366
-0.516417367788474,-2.098452354892528,-1.5108061330221054
-0.9599961802272166,-1.9228744826503796,-3.292469259376704
0.37729523411320043,1.8508525554193314,2.370949242814751
-0.5747084204927051,-1.6342290956420824,-0.7639211833129282
-0.10945433388060835,-0.5546506434146443,-1.0800219834113485
0.679071599825507,1.5367900523031452,1.271889696200644
-0.8554371686598813,-2.7584439418461777,-4.718706586960244
-0.30020607451955067,0.18584124345428152,-1.1219945278157764
2.1581493420569187,0.9487000463512173,2.056266963360462
0.8742857226105203,0.746639656503246,0.9050810957919222
-1.2935366319217843,-0.0926085104476464,-1.9288893300731658
-0.0797409381855717,-0.26133239567427957,1.1788169592604754
0.564485518294597,0.14480458312810984,1.4609389188032178
1.2334710444531563,1.5360350439816148,3.1471409037120734
0.14898639468099084,0.6887450230782246,-0.960257108153656
-0.5305821443551044,-1.1443338782925787,-1.3881991418762196
-0.7305266436933302,-0.7525089376870194,0.3149284054660806
0.6450619849839091,-0.9458432549254734,-2.271790022396609
0.31306037402410647,1.4574753916656917,1.0875492875927506
-0.5166479247981497,-1.6257704012931031,-2.3588065761499046
-0.1890716664357128,0.0008916457246566645,-2.0261645840769766
-0.416198015130148,1.4017500779528265,2.033553959635732
0.7246576582394498,1.2610920358875226,2.6264052038270753
-0.6899606773138658,-0.8242943188711295,-0.4112106946954588
0.48641447526861514,-0.4371999431838233,0.9234345387517878
0.8515189504847083,-0.07874462704344498,-0.01235670416968615
0.48624932610831123,1.213255170530842,1.5428439766988464
-0.8342398506717849,-0.2874147743913337,-0.566537213791501
1.344992456622238,0.8952585038666748,0.458404884826616
-0.6782126793411518,2.09211966815855,1.6400005334260428
0.4264350744400753,-0.5732098593708925,-1.493648401483006
-0.7533347935974722,-1.0528955708720813,-1.4585432029804941
-1.744110250641094,-1.6308914207174807,-2.666001376042315
0.2257502662458201,0.3413373124394373,0.5446668962545534
0.28703516469482443,0.47721578654592756,0.6935374334264301
-0.07744096055993933,-0.359372328849543,0.16717424064068664
0.27606849724284316,0.8978589846238817,0.645191093241486
-0.6484108883064816,0.05339803802113541,-2.0092731398063135
-0.7374648374587585,-0.8520316256784219,-2.0771486873834824
-0.16809009862191446,-2.6066537471125257,-1.479622937766619
1.909276809266566,2.0893408797453654,3.463807819053172
0.8148145412513252,-0.4220603650307484,-0.9623298636605564
-0.5199917540975635,-1.0636202955189895,-1.5926831209204404
0.5587132048474234,0.19625498721447138,0.164164912270782
-0.4783646604432103,-1.6269576093769342,-2.5899382578435177
-0.45726078713830676,-1.1870426914902716,-1.3507209434287213
0.8592840082646755,0.6020064667427936,1.4665800088177177
-0.5252646451556335,-0.7855496100001679,0.196644030467793
-1.6756346341845954,-0.934166666712016,-1.5800902148859384
-0.9064947005743282,-1.5751944276418453,-2.341491146257067
0.08841520620200595,-0.2560527849277624,-0.6672861251301236
0.12800782111610085,-1.0591811376956182,-1.3498881301358348
1.2416165181585397,0.4945695220279571,1.7047081506849784
-0.7160257975174191,-0.3037469674411357,-1.1528658710050625
0.7314657358201054,0.17626556919272846,2.4361169616189366
0.42596674984978417,-1.224559087062822,-1.0371303049046476
-0.14901377221550174,-0.3842673388615268,0.6115564588269152
0.8358439021819729,0.6432806575240718,-0.06697238898031033
0.4921189029137968,1.3877726627375466,1.4286751236685205
-0.8623084869368738,-0.7327145671161117,-1.477150205860243
1.071683929782794,0.25212856481591567,0.3748669641097196
-1.2209019198961333,-2.111788033154742,-4.782848703562848
0.059615433090329545,1.9466603083085665,3.030485225358626
0.0024441619892351415,-1.0330620769144132,-3.02492380187455
0.4246357208598569,-0.9158014602495566,-0.8085120415654201
-0.7254334803985123,-0.7431768340295944,0.061568878729837295
-0.0349433855520906,-1.9312067601941847,-2.5588820868680524
-0.14062002701591825,0.8915527353298839,1.0000312273272696
0.9970883670936515,0.797882175773132,0.8828676756799612
-0.7959146932233903,-0.14977105722138429,-0.3990197078984694
0.07274552915143462,-1.008824956044269,-1.028374634239452
-0.26124048467201855,-0.770921824055492,-0.0688476929693379
-1.2980466376694824,-0.12971297391185144,0.5072851399387593
2.676112467653689,2.700391990179813,5.046172529559554
-0.07121902716056103,2.710352128125218,3.655031242610039
-1.4866580709207609,-0.015393273632779758,-0.4886714587609085
1.40862695884896,-0.9777906580014138,-1.6911231185579843
-1.0705854991525032,-0.731479541305461,-2.137687329909017
0.37086997203026,-0.17134369417082823,-0.5546047159283325
0.8628320949627665,1.6317680955557234,1.5896496645791423
-0.6484320227760582,-0.6084636244265289,1.0580015121043915
-0.43089005538560166,0.12415542412349662,0.752402180618953
-0.540270263790554,-0.7594810557095335,0.8796558325458437
-0.12936100975105408,0.45790350913825334,-1.239608933221223
-1.6224611704696181,0.26659503600739143,0.7223699294195614
-1.2356366241061225,-1.5363955610770668,-0.8918781768466153
-0.1407864421846237,-2.1938354694773703,-2.4485257875889457
1.0389521173544556,-0.36400145513810467,-0.8525541755913394
0.631744177429087,1.9477255469032375,2.785229848696906
1.729417429210297,1.3765527134146582,1.97576003138523
0.6940522720694241,0.1350463063520052,0.393770123645304
-0.511128992552914,-1.3761327386880937,-1.436077068485233
-0.12284340561303929,0.9090590730741496,2.2171391984161417
-2.030393553778298,-1.1873969478678732,-1.2264449571643228
-0.9607751102139338,-0.8390225555036147,-0.7087955642024142
-1.0203592788039855,-1.309203405225143,-1.5874818824540644
0.2705934249706648,-0.019362547509203132,0.5300429713578099
0.6478297974098579,0.08047837195711988,-0.5008447040073857
-0.5603734188841619,0.127119408853075,0.8475871441415784
-0.5885016196794289,0.8089403741959419,0.8401586444252771
-1.5465558228110778,-3.0941836336671433,-3.05931176762296
-0.12776205788585943,-1.5941457767847722,-2.544190205897141
0.2481680271468232,0.023781437729427396,0.09262747268334368
0.4457809586531427,0.33931691400779085,0.3843830790594958
-0.782709043447464,-2.1522679564960967,-3.690011496866469
1.9884896798105511,0.7176338342346829,2.096890563182987
1.1950583359712759,0.38092647421985676,0.9879112932996634
-0.09523759870062422,-0.5640298568727763,-0.5744898822209845
-0.52718777933396,-0.887063484706729,0.195040782430707
-0.32158469309218346,-0.36539223045295155,-0.679796407359706
0.15113037165299167,0.9358259369742009,1.3186117379368338
-0.018627715556959044,0.6731955987365545,2.098558824145863
0.48352878740830696,0.8772012712605974,3.6962351878164985
0.7689651576916865,0.7595467679343342,1.1959655577609267
1.3662428435589185,0.1859853261160016,1.9784781909606868
1.147264793112611,0.26542164930226564,0.643859550392093
-0.1102291554019236,0.5616812267321489,0.060592913250243075
0.3882504142848946,0.3323337956617944,1.0596048258511312
-0.3871271811779628,0.4746680050327602,1.973719625113546
-0.587220312328312,-0.19930493918336448,0.061741621697139815
1.9108268513563658,1.345115481358692,2.3381769210391115
-0.459846150218099,0.06600511025466199,-0.8682238912626306
1.9907378123222452,-0.19969449932959926,-2.4001540765366856
-0.34903539298253017,-0.45696762971236626,-0.24271126223769035
0.2528250912215497,-0.4644861901771453,-1.931313911007702
1.089409548186299,1.554510059542697,2.031472348001735
0.02392202180891483,-0.7084790235191221,-1.5057940740177758
0.3931252812580667,0.45371491166534905,0.7922983472497107
-0.24138479980935626,-0.6545804518246093,0.04808418536917347
-0.47552485781324766,0.08499571450528759,-1.5328505946323967
-0.16577702313143794,0.5440744589053923,0.5729386999539909
-0.6497174207470244,-0.7234277633743956,-1.0807820254836895
1.6313829539585936,1.1859418053334776,2.8823034602007223
-0.16769860276646403,-0.0030393394473395563,0.06002801608493684
1.7226691978466993,1.917793873169217,1.674680819402043
-2.6851086777996254,-2.270822514243056,-3.5350208255730533
0.018420794714651353,-0.012192232988115712,1.7693258739404167
0.561951672422086,-0.0994529603596992,-1.0176539281258281
-0.29382123783761,-1.233821422886222,-1.5626011447979151
1.094653079198753,0.8728749162126738,1.392595720428236
0.6396923552031146,0.8036084421648402,-0.10360881408197975
-0.2746001203219027,-1.0730802232730412,-2.2158961367314816
0.4350092581717443,1.8079050810764028,0.3775880182407665
2.8118783750058736,1.1473470315685794,0.5809070554942116
0.25199512668322666,0.8493784981506038,1.751171919752688
0.2995023312069633,0.5106826375674519,0.8710339574954478
-0.43999131122796514,-2.088124495252599,-4.603174673905536
0.1334970410228064,-0.007900462073896247,1.4128968796168087
-1.2892611938117313,-2.552872308966065,-4.643726865299061
-0.1982902566629641,-0.32227191505171093,-1.370174160920878
2.457587626290851,2.319259763687623,4.608949751574591
1.0672155507363046,2.5179049540444955,3.7343661253913365
0.641420655594048,1.1568268609401522,1.4279419101985011
1.103921664604996,-0.8321229037810297,0.40489134650777436
1.8817549911074853,0.8878077688269057,1.0799981154372587
0.5935881147911207,1.8400905711462063,2.73803877246551
2.0708785257760858,1.55235460059242,1.4531441804642848
1.0697983584569932,2.4386761018579266,3.0500671724361137
0.1665195100182666,-0.6879454169958984,-0.9646701557281027
1.7194765552886366,0.5665120049572986,1.832727143729647
-2.359214738012778,-3.0823920179384303,-4.631524780231875
-0.5713489619287757,-0.8640330358117865,-1.322387652062194
0.2657870467480051,1.3640456024547414,-0.3902945469349546
-0.9120909131338855,-1.648477661465441,-3.850682897887132
-0.15605840282949943,0.645995773228354,1.5275999279469583
-0.6387908963776368,-0.06842540655448903,-0.48333645306949785
-0.6544152115856667,0.2506385763175,-0.02762808327468491
2.711926334530005,1.5582728859306467,2.6203837854650427
0.6274738890733788,0.38161630104843214,0.1559703821298301
-0.05394784919048745,2.021049108452333,2.7123725845011406
1.3151672242748802,-0.4099298696396326,-0.8250894731152678
-0.23733747553109175,0.5135865109204336,-1.3522224948568389
0.885339675170791,2.0614566519171253,3.272831195198046
0.350815840962548,0.6256971963423646,2.272420085958075
1.626573604958715,2.7148694719278064,4.682320887755689
-1.419871306328183,-4.045222974108772,-5.219716599460767
0.7657210720237916,0.14715099890773742,0.4289079386423182
0.12224974536505731,-1.1706174244112793,-1.1638646250452938
-1.1573833756642402,-1.3145059743080514,-0.2366784400233206
1.0654201815826658,0.5495832101586184,1.8728572451054313
-0.8723756613294301,-0.21730660715710415,-0.6564814203480605
1.6192384845969834,0.18700200297657754,0.07618736409650301
0.5130930084025073,1.1430869273862099,1.2485203787396058
0.6954839830855626,-1.1816125534434998,-2.1503351250659466
0.08045738824723,0.9258836599253248,0.5467395112023896
0.904528486758732,0.28646292725031314,0.19364756117646423
-1.8656511724848381,-3.179292947021982,-6.581522784878581
0.07472779394993724,-1.825634958300397,-2.0630764532740002
-0.6282508068041004,-2.338584776298109,-3.5580142360680824
0.2826603073765432,-0.9037720259890674,-2.4498224900292573
-0.04715690665315173,-0.02365311258590416,-0.2901467453872228
0.6165778833156857,1.643853193951637,1.3155445628961075
-0.8376314467621395,0.0902243424397382,1.235461361332171
1.8391518871873185,-0.15916268805258937,-1.3826446164471797
2.3158585972504517,-0.7964880416798705,-1.0481473798983731
-0.20828341808275092,-0.5644196787963447,-0.47338747345634585
-0.014973185817623602,-1.5570044825000333,-2.9342473022149935
0.2875576503663561,-0.0964214308380846,-1.430082108687156
1.2640857503776617,0.07432310539458242,0.38869739508838586
1.8969009558036363,3.776155109737454,4.429534633460439
-1.205802790808515,-2.695448893348308,-4.517290728738947
-0.6151085644145126,-0.24401478779373587,-1.8270546973221022
-1.06215612342783,0.9851542615881557,1.8044026193811966
-1.1127811504388292,-1.3215567553264633,-0.3118042514210484
-1.639296247316983,-2.0642160206091296,-3.283662514274693
0.3628034862171355,1.801618657241502,2.7864722294142323
-1.1590364650212066,-3.071253199808286,-2.9878419782231243
1.5032619527054862,-0.8040409426068793,-0.12965106084297962
0.9083187163404699,-0.7341084661291317,-1.599903562255896
-1.0297095253132769,-0.4612536381354782,-0.14165576255079598
-1.030208617706558,-0.08583278380158244,0.5014169641249012
-0.6123844176841136,-0.6958623378882818,1.5424352369190037
1.3999654960218648,3.030321333961087,4.100579105635292
-0.8496073597130113,-0.9375376962563696,-0.23092646991964194
-1.4935496677890385,-1.1829253333754524,-0.7681289822084201
-0.049423885255338834,-0.47543205275398404,-0.008520617278597098
0.37338994400136105,1.3652931246320066,0.7788214942643017
-0.6572574850828106,-0.5749583648958893,-0.48026030920018464
1.6194308066407048,0.6147273121715905,2.2593355462310383
0.24045678041458773,1.7428053304587463,1.8951330625345248
0.4530377867748749,1.4997321477687628,2.179589608234911
-0.8555327209832657,0.3019237058146399,-0.3732311951043745
-0.039729838595089065,-1.409301499783459,-1.5633147760464252
-0.15651881422808306,-1.2920518728061134,-1.3324860597416532
-2.2722441146208565,-1.9347371757394904,-1.8269534659876823
0.2876572287108612,-0.15784058375339727,-0.5808383375562305
-1.7948070353223222,-1.78412122824547,-2.724743544326337
-0.02878564561215825,-0.33709215865816905,-0.978425630052993
-1.4739428268182388,-0.4687369688330635,-0.3337551352606652
2.019650642095354,0.3080364719125608,0.5850383487844104
0.32626227294865634,0.39185891503219067,2.7123055810889607
0.8613576138837739,0.12193820818066575,-0.44337969131213983
0.9190081310452454,0.07820114668845424,0.7838606097905023
-1.3244886972948617,-1.289031454469877,-2.1939322664293837
-2.2817923149605375,-0.9274304374939827,-1.6501596411141248
-0.3295781528443636,-0.020093358572930847,1.0343004272336538
0.8971497471863671,-0.22994006857598825,0.12337957549424544
0.09103451157733451,0.33241874063826626,0.9610941451961892
0.7854322470770906,0.626181774800691,-0.4741891370960557
0.9366325730102084,1.016566425452075,3.8521190855243255
-1.4923971010206298,-1.361066706125992,0.26368135599092524
0.2876837237184459,1.158402638163079,0.8286070995874066
1.9664746279153367,1.7185754189194287,0.9495998182494032
-0.5705322951029477,-1.5882297126503424,-2.7473637560818744
-2.029072125738085,-2.746321415720762,-3.3239192174413383
-0.23190455319760503,-1.6115199564471696,-2.9834188825737105
-0.46466872114890073,0.045621712840894835,0.34241528806458166
0.4183810226186713,-0.43054012858350954,-1.1819582315485582
-0.8924063346634243,-1.0021160634561777,1.3851796082502574
0.09071677302864654,-0.030403963604548875,-0.24945109115639086
-2.2174176110366517,-0.3385490599083545,-0.8685273598561117
0.8539633716563882,2.775508611742987,5.566932669244978
1.5868665430662814,0.9821742233683681,1.611591999938986
1.2978776138584578,2.898040362568824,3.7890837425760537
-1.5152156584277958,-0.5203912701100545,-0.7014953687104182
0.3191961758756039,1.4250200804694881,2.4130819649076285
-2.9839702048819636,-2.3779702476074878,-3.495157646799805
0.2831859217804899,-1.0564463860911573,-1.249779575175334
-0.0643601718892202,0.434449228372148,0.04734180981117608
-0.9957942444575173,0.5945799032832887,-0.5198694510153841
0.3437945184982995,-1.3338240824961,-2.033814003758478
0.13801465500803695,0.030272519581137886,0.21409823514600748
0.9395028541954218,0.8724709971237756,2.6896202845155797
0.1273085242395576,0.6839370859637955,1.1185369785579786
0.23502701286442304,-0.9316319203875306,-1.5329588540282333
-1.945072262173743,-1.9274036025093946,-2.3727025567170963
-1.159722950990108,0.1171499049787641,0.7386990882290315
-0.4758993869095291,1.476826592558374,-0.24983228439475091
0.29684453077017414,0.3067624501370202,0.0037221170248324387
-0.006298778957334841,0.9750687859651064,-0.8108395459259015
1.5008903569010312,1.2182279421899744,-0.09870994362362673
-0.8701591900376577,-0.17873072412943114,-0.9356791753560565
-0.23963207346547077,-0.5597261406933955,-0.8445527969918427
0.2550806947827812,-0.05467464418502008,-0.016622699463832456
-0.2314974096267061,-0.7427196138592467,-0.8315882345881365
0.49558039517689045,0.44312384215714434,1.8597929100821475
-0.570562824004872,0.7052633991373639,1.365039530278825
1.420342305159297,1.1815924518223564,1.9249819486494009
-0.31959014093289195,0.43107074335259365,0.2687528062859796
1.115945184581824,0.13434492165710588,2.0704817377960216
-0.030303367201114286,0.6947983675788221,2.177225862159108
1.491522346327861,-2.1299166585078693,-3.312927232453136
-1.398116010837694,-2.4138578575628564,-3.677227181110387
0.5167975541033187,0.018403865851548296,0.7976006249812229
-0.43257637614987793,-2.139379137027778,-1.7907339842930385
0.23140076102148455,0.7239511926922674,0.6571295251472956
1.192805165554872,1.0363554139879274,2.4618005130940244
-1.139096798811448,-1.7247385725449733,-3.3648587032209414
-1.3220297347269756,-0.8376404209874153,-1.213621611328502
-0.9983668786197869,-2.225720145906693,-1.8802355030341305
0.2543875743021134,-0.740137154642705,-1.4863882742503947
-1.8868369253608048,-1.7158955169880392,-2.056217086108421
0.09659373437643208,-1.5550592085418025,-2.0026223254097757
-1.286229327627375,0.14274695717706332,-0.032582255854630926
-1.143721826337127,-1.470205996097659,-3.6909021460637303
-0.36917774518339747,0.7617050219216348,0.7107680477334082
0.38059758458030174,0.11203506426039492,0.3533122511062525
-0.6264145034858771,-0.13265387051928634,0.06015717040295576
-0.49204389314242847,-1.2671102390071607,-0.8699424247963257
-0.04184422818082224,-0.3439618290808712,0.5011403156436209
-0.272735536136126,-0.620435324278931,-1.1053680736797848
-2.6765213650405153,-1.6434470339137954,-2.3040223917566207
-0.43010060707701275,1.074050660977691,3.0751712109559826
0.08496405782088995,-0.510305744083084,0.24439509374747992
1.0977794875406313,0.5996373621484229,0.8535241461781474
2.0463327763647605,1.7891782932988134,2.1722910210776125
0.666987849591698,1.3261891773006775,2.8104047253629023
0.07909219271105895,-0.060008156480304,1.0143407363812411
-0.9647634673094592,-1.0633773741379777,-1.40750159976857
0.08905337079807078,-0.526753942704017,-0.18140874575439891
0.7788969022802447,0.5499944992720632,0.8133750882654838
1.264644911519256,1.1255061468340737,1.4895428780524973
-0.8805113340514016,-1.3051577312766414,0.17766472417021828
0.23640559563095043,-0.14449557881366512,-1.365381867610182
0.8156044659893862,1.3303602066433415,2.530607388837702
1.8608116691760943,1.2756107937854702,0.6975290361418112
0.25559048573524623,-0.39735011420925365,-1.130716885117708
-0.5415037160877011,0.32948431639886055,1.312973720017621
-0.6895996570906168,0.23031051876160163,-0.9162267421194938
-0.3574407287284348,0.36230936322363755,-0.38534506404590596
-0.6519202039299427,0.21131319602377585,-0.7747519058040806
0.8265358482036481,0.18141758879981595,-0.2875945370001537
1.0693057225306988,0.9527190096500195,1.5894632507659163
0.7248568222914945,0.8223835164243063,2.258454888088242
1.1921862430691395,0.9565101516465601,0.6618558752421649
-0.4537685382981797,-2.0765384306200523,-1.757250439318445
0.38033505868095263,0.2474512385597354,-0.8127238658307328
-0.3846631756305159,0.08265179777845738,2.2290948594096287
0.04365868825309068,0.5259959327880362,0.285167813531036
1.224985742468971,0.5591990311917004,0.28912888156483435
-0.02973531181966546,0.0117932245035897,0.30047442580336003
-1.8648057976546633,-3.1141910439037073,-3.9380914694219182
-0.25281598761686713,-1.673626510738297,-2.3240859949863175
-0.7128497956872801,-3.469994377999786,-6.150104764380149
-1.5089171197924285,-1.2853379165075705,-0.8365992801697044
-0.7903656891853947,1.0730461193160934,2.092458721411102
0.9606248032998537,2.42506274403437,2.7651223074895963
1.6809106489052852,0.0480273713108319,-1.0809363152233191
-0.48900604176617724,0.30969133544066946,0.6519905386655319
1.0025358367632835,1.9626958075407557,3.632812183749106
1.1782221014724181,0.5208754424569266,-1.0322367011238975
-1.15979226787136,-2.778912591498301,-4.718491928279223
-0.039362704747178304,1.397605218002118,1.889083739224178
-0.04446017087362048,-0.3885178318369978,-1.3142946178358854
0.17238567883142228,-0.2710909340199261,-0.7074139923575966
-1.59375081038187,0.5988703663387038,0.6600123181798726
-0.3491422391255915,0.22825038880489115,1.0374301773534529
1.0578212070622872,1.5886077061837367,2.808111423041949
1.2622031991734701,2.4919702258298995,4.182046676273935
1.8313620810185751,1.1391810240633502,2.346971131851227
-0.33750904551725175,-1.2055885132216329,-2.1990875354265187
1.869507556296726,2.108014056318649,0.37800548532126355
0.6659051116898648,0.48102622959490426,0.9132664846559102
-1.3592011677241762,-0.1895585298733531,0.17319469913887262
0.7616092820538556,0.9562688683712013,1.6603083029380559
-0.35228003425087745,-0.9844006439386673,-1.9559782092777178
0.5190762641226175,0.4187286687922499,2.397648512106092
-0.1025239425467527,-0.37699091921553834,-2.1432358430587106
1.2082386408676518,0.6427205142299665,1.607935405772079
0.25656015941980786,0.17254779618416757,0.8182380431966384
-0.28250501810129425,0.1887988211855754,1.129169575458728
0.9649657684384547,0.9207099018554572,2.545382406415828
0.25622177642276045,-1.0579923239626121,-0.907940457374903
-0.41295640078267243,0.383203161097125,0.8111294711116018
1.2772743620558458,-0.5022327010679326,-0.9481287895181274
-0.4083452424507089,1.97498830590013,3.3036064615745624
-0.6371348630610886,-1.1680080632808687,-1.1515582694931192
-0.5395746120322971,-0.3946142457134539,0.2556386081120393
-1.465472088098516,0.35856117276930877,-0.6625317274311844
-0.553207169477704,-0.5427915618971073,-2.209445787110157
1.8608776920378558,0.07645989092738037,0.14535193194333396
-0.9082839352408411,-2.023433913755793,-2.129436387144288
0.008418903741827322,0.3331946314749769,-1.0762485730862617
-1.1081833495386504,-0.3183166551710076,-1.4181550199492132
-0.6113531517758014,0.4471680062855788,0.22907561894218698
1.5186921589496731,1.3805770710583958,2.068404544622763
0.896355735894469,0.19061513047697703,0.5505566521582369
-0.610250350242069,0.09106756316186781,1.0772241806976068
0.006220116083705234,1.491854186914629,1.7709564416342731
-0.8260039618975794,-1.3348415851497992,-1.32772734419758
-0.7842053522580003,3.0763437395659015,5.244861892005861
-0.9148221980385752,-1.0133963189686859,-1.5868739280711361
-0.8971397769002416,0.6714813418454099,3.0813241531104563
0.3259492731181739,2.1630080803821445,2.453735601030286
0.5967931667523978,1.3769021987618322,1.9132476552753053
0.4882424926364187,0.6902797451626237,-0.9426751757842975
-0.16943685686341148,0.6506033924821669,0.7651609054993929
-1.3580452003570913,0.43154509856987666,0.04427398523057113
-0.06711047163915182,-2.6471547006185485,-4.061910674290109
-0.9242937418378228,-0.14288624480950307,0.10270225906705505
0.8813011325194829,0.2539266792473304,-0.7379507177765134
0.556442944619554,-0.2632593708202505,-0.11946753863828444
0.7468915307081104,0.6815213600236023,-1.053251832089555
-0.34836831647284794,-0.02474727562791898,-0.5119611210846523
-1.811019173528643,-0.7344347271087772,0.37200650146428227
0.9578963935854922,0.12076849137673107,0.28831125188326656
1.2263213349432938,2.0224366095634267,3.2230466420008894
-1.483316608445911,-3.1015724719635767,-4.9124810662712095
0.1379160442317949,-0.8456525887500411,-2.3701718352317194
1.1932525791617592,-0.360063509251632,0.886633423174378
-1.0757235496136395,-0.6280923397255881,0.17914739172884597
1.7676827758698883,0.7528795896031895,1.8197036979354406
-0.3490324565207251,0.29991628734484166,0.3899083602047063
-1.075390110352028,-1.528420584746402,-0.841125092714323
1.3716580409297006,2.2579555112288503,2.5292724928162285
0.2945321365101951,0.9567803421043531,1.9197098441938762
-0.6531381615693331,-0.966756404115109,-0.6137046617354723
0.8797879528914013,-1.0761386995576796,-2.2651948396490442
-1.9557671283697031,-2.5591326515015727,-1.9396542449422918
1.8153063768267446,-0.28126730594740623,-0.23549867084066647
-0.8162500603504509,0.6710896058342902,1.671199315146463
0.28598427306966,0.9577154183283544,-0.20914599323632022
-0.3986161702554536,-1.550519640968448,-3.1687977511332557
0.4362321147585957,2.1933947350335834,2.4446858782075926
0.8879257228203044,0.3252255437544413,0.9262567570603123
-0.8238861049750625,-2.83518180694568,-2.549072850840303
0.7863629178835218,1.6400063295369778,2.503305074101196
-0.2940332476891754,1.1005637583290973,1.3162741164240839
-0.6878595098340832,-0.47442991865087547,-0.04811695931158222
-0.22404360720612895,-1.055229540746512,-1.585456892029366
-1.004608605388088,0.5344134240711303,0.8636053169421489
-0.7956675731322599,-1.0623071296472304,-0.9847777788165621
0.9491338398560336,0.6473237484795413,0.18018929021292218
-0.1508230423766576,0.36597828519540887,0.8799119437007814
1.1415330979105376,1.106020959624306,0.03163100814756947
0.43175699432843584,-0.1573263671080941,-0.9955334207235924
-1.0259682963524803,-1.76147530512826,-1.6396749265773525
-1.897871427616133,-0.5732041205217668,-1.3709891545162298
-0.6872418180886369,-2.6943081194372827,-3.0256622302105347
0.2641264893763635,0.5175131048902094,0.8984678160052912
0.008812919913161719,0.27788817826003215,0.17390616161493275
-0.8300956206129543,-0.052137142125622815,1.4141003943742538
1.0128123002564433,0.34209739510775,0.9154021568121847
-1.74572350430449,-0.9993123556191563,-1.8629485870447111
-1.2586465871859873,-0.08372208383369761,-0.6036045814839315
0.1272951023462422,-0.9544105095379418,-1.1176016363975951
2.193763152697993,1.5922801389675578,0.6211044120209184
0.41393412821599496,0.6736475472441038,1.9997394318477664
-1.0052396596473858,-1.9626762609819544,-2.61798464618462
0.5926571399940502,-0.5306570045228418,-2.360716725679444
0.683396574255898,2.0651250059969644,1.721475108438013
0.9378569275311085,1.6993455598548879,3.5845855443947134
-0.40986453387718347,-1.0287182207479306,-1.1191501495098355
-0.7997264392764736,0.16686420143347236,2.3278306940209923
0.11821727935095082,0.49574462262437224,0.6644597236561512
0.4152748790847775,1.7016699724070443,2.6645960970623466
1.5982352478780302,2.266625700845399,4.8475856335270535
2.0896488748620836,-0.9658531200283182,0.8212012389468641
-0.7330699337683965,-0.8086102146419039,-1.9634349829303046
-0.5229716269989917,1.0178172215433534,2.180134770591988
-0.06357308059048102,1.5984474879485735,1.0493531448648314
-0.24977210659449586,-0.788152386965987,-1.484107890678975
0.4857901771702392,-0.8895205932203379,-2.8635404323743288
0.4857372050946592,0.6015308935209227,1.3448363001799262
0.2578969838252818,-0.4581837953070051,-1.5926253847652383
1.3440712910307915,0.9291765461835834,0.4415661803033617
-0.15851092441970857,-1.2780993478023108,0.20765984489981126
-1.050807939156347,0.036035769315597266,0.9065554353803258
-1.5606012270773397,-0.5160430118852503,-0.8401027203411802
-1.0281398746516828,-0.2549796431156599,-2.091215819021381
-1.0442579211637901,-1.8266020592139487,-2.0721118614553196
-1.8834238307500453,-3.0045187169862064,-6.154911649036502
0.6631877698390688,-0.8116094442770214,-1.9463204484500698
0.18526783527828347,0.6306943649789009,1.4630346195049624
-0.42279272744280805,-2.093553342220347,-1.9410158892964366
-0.8898889790474425,0.03957552736345227,0.18928586190496458
-1.5809453763125743,0.6725264512011326,1.6616739736573085
-0.9197195967730546,-1.269251746507916,-1.4711819911350394
1.8479090566185066,1.1108599473354455,0.6781911127688358
-2.2107916395785647,-0.5580590810531506,-0.7070850691978762
0.14181051738349576,1.0193046162771264,3.0082500757783945
0.7436369707501894,-0.0935227060055367,-0.17283049882732363
0.1361322297175994,-0.07513456646284863,0.1942527189096111
-0.3168049208137305,-0.09441374092038646,0.4091399452594311
0.7680739433491228,0.27760454610717405,-0.9970622831108717
-1.103328259880154,-0.18698491039570386,-1.248591223644786
0.5555449953690028,0.72630330056374,-0.593440062686493
1.4306973717089302,2.316921761612525,3.355611889514227
-1.0413743865011504,-2.430074378401547,-3.518480257023433
-0.8198334064279026,0.6196606404382047,-0.4127088522369766
0.1359403752325965,0.9215118739431102,-0.04634415784869339
0.9895727958115563,0.5686607229060845,1.4426182695408731
1.3391482967526191,1.363937745229574,2.5749185370049466
0.6806269535179037,1.4633871556262235,2.2962963321772056
-0.6695027738712113,-0.1575888124831084,-0.1900848768640837
-1.1144127120676823,-1.0180762911610577,-0.84372700226589
0.24297857604063097,0.4625338019297657,0.6018132349931575
0.39825762691671324,-0.4077336882418205,-0.1957047014742046
-1.100552311194593,-2.0717936216652446,-3.109370146096619
0.05979048537364333,-0.823373267518916,-2.0867037852952186
0.3322374653550931,-0.5284974837691362,-1.438607713997425
1.045063993232284,0.9324885926950184,1.442903943227268
-0.990562703605906,0.11205066222046267,1.7692101176811907
0.5569645282587089,0.6463418645922971,-0.02264435769470008
-1.1692757971880354,0.6504066689288461,-0.26873198727992453
-0.42658597941753235,-0.37469211644380557,0.193550199168522
-0.07827674855667234,-0.685341007906804,-0.20569558904517704
1.5179162578977623,0.3493231140044144,-0.2837656853350004
3.3143042392180275,1.4329019018079001,1.2534502997528265
0.2535456753042949,-0.11266394995316636,-0.7709423175211989
0.4952914963292373,1.737309855201072,2.5380279832438655
1.007541614710232,-0.7506829436529117,1.9835211237718702
-1.3616562231453546,-0.38358167918965846,-1.2526110445991465
0.7656634017307737,0.5420732587705184,0.9518622314573895
-1.241739860368897,-0.009347062435031583,-0.5465187634734098
1.6291119733034929,0.6954675564181627,0.9980013002349795
1.4434917649318784,1.763787216692711,2.64569980033156
0.5015396832734578,-0.11675321145837791,0.06848462544347683
-0.8066985141854794,0.09884600277178501,-0.9098640851778741
1.6680252708825845,-0.7548660643603109,-2.0100052156032575
0.25968837470163386,0.7106763172872274,1.7754948481658757
0.11024354242385256,0.8595760514184929,1.320346972002941
0.5795433466949741,-1.1477360090500113,-1.3696942795711782
-1.7123465710858863,-0.307650546080778,0.09621204605253081
0.428499422515909,-0.7916963858540902,-1.8334268303209589
0.9961081529079141,1.7319851710894971,3.3563036427218136
0.33900098162524633,0.28156735979825315,-0.5072821421730621
0.1452587454793304,0.8391310302727695,-0.03530163165414235
-0.9536581161274191,-0.24206749088256901,-1.365781877983589
0.6435548290021997,-0.6930984429902332,-1.1104841627373676
0.2004689470726399,1.7451785054883309,4.760728764166789
0.009063786618308697,1.2817273629792554,1.6211958969299682
-0.5632049187841904,-1.3552129810278133,-1.5683458398212138
0.8561711100483981,1.2272563230859905,3.002756703572963
1.247184369690463,1.39896545353065,1.3581863209983673
0.38814617419599784,-0.3410678542895247,-1.926385747591525
0.8967490724098993,-0.34585876929121284,-1.1736044990655459
1.326023297341772,2.2792468712914,2.482310358465769
1.5881611452455604,0.7840819783408958,-0.6992149735649893
0.22565015045214054,1.1362770320833007,1.0958565966049454
-0.21332802096531991,1.827082968611552,2.355868583829613
-0.4149458684932988,0.26951169150174326,2.2261073361212813
0.013747012349088417,-0.8013460674678093,-0.3868471471160563
0.5519664082287561,1.4467518922500542,1.884038644151793
0.938181935126898,-0.6405644881593475,-1.4630524334245774
-0.4267420209948732,-1.1295070568349894,-2.31309028279434
0.1498575565610912,3.1116997422476773,2.1402282955478067
-0.9965800171083447,-1.415225879572286,-2.114503496508919
1.2639640071060474,1.3132900539919372,-0.6395256806987974
-0.39146105277790033,-1.2542852919181615,-1.919878296548283
0.3579211279714816,0.20728103362675465,1.7448039913097353
-0.7193700625293167,-0.22408265761909796,-0.8122574728628037
-0.29827604066822644,-2.7797715989519505,-3.344709818764928
-0.6859961041262886,-1.0588392441233938,-2.3761428305364736
1.7049665576239188,1.9328845914515622,0.5296800309562806
0.35936374191407966,1.1957428371054848,1.6619087117927211
-0.1664446650492013,0.2967107957462026,-0.004699851304142522
-0.9476423158194931,-1.5356560756480633,-1.683623871646742
-0.6102997148963751,0.04195723410284502,0.034270992962500704
0.5687050623915977,-0.02103819202154067,0.4220285146355007
1.6659250180119085,0.46602767019845404,-0.0014583675183417188
-1.4308888304297247,-0.9310331646947223,-0.8274408656072889
-0.9170465590013145,1.7066657647554253,3.0643254890286435
-0.1757881620928976,-0.9555071056292558,-1.9030948447241216
-0.6282673512796177,0.6702043207855761,0.4126538666162609
-1.6591820687283514,-0.8385179882177851,-0.19124416707527125
0.019309749665400836,-1.4031391550838785,-1.4726556212693587
0.7510425510341932,-0.3189749130435956,-0.7584460928801109
-1.5771113595786737,-1.2071849995047121,-3.2041751552051476
0.21095977667459553,-0.2588456628416423,-0.7365419858098368
0.964672908553372,1.0028651439162017,2.6377807488937624
0.9803273275680486,-0.2404256905269676,-0.8719598593666908
-0.41987069351799844,-1.244090472301624,-1.9212808475645213
2.3047490459332907,2.6828997949788276,2.483788824999414
0.5551134047899393,0.4205006786805192,0.31865185665435924
-0.8110662182497471,-1.3552353573150002,-1.8865230868913576
0.9842989398955677,0.7519333721593546,1.134607636293072
-1.1225879687189821,1.1127842375271755,0.6853603050027278
0.8952694534612416,0.10691883032626903,-1.0743396378006163
-1.2620543441351464,-2.3111684260945204,-1.0821053664478608
0.7905425734340775,1.5503543900531258,2.0438478951485575
-0.5835617676212936,1.6164017983338796,1.1402241241395144
1.1322880626669338,2.111507286201629,2.4584573659698887
0.740677414538285,-0.7392669562226272,-0.6189529391117117
0.44720791933334064,-1.6932087630883406,-1.2591505140911416
0.058632433962304546,1.3564907822603187,1.938828726450951
1.0870162570956827,0.6320869693492593,0.3823453441953332
-1.8033419129228225,-0.7085450687418272,-0.5414370749895979
0.4325543373183505,0.16307338691467663,-1.2556387306683263
0.4134327013175025,2.014497638327032,1.5862363968629687
0.5621498924732614,0.5092720519112831,1.7607134789723187
0.8262288220660532,0.30306079501138644,0.48476329392651746
3.7024582375998607,2.772160123059007,3.435749672818033
0.11678266815348189,-1.0811786558724545,-2.133848660521986
0.8044995342208648,0.7623849094879297,-0.25323098204931294
0.15236849689371149,0.05020482583794966,0.20499098126127668
1.5726680679456164,-0.9852742903387444,-1.3476795383160551
-2.020810481868006,-2.529428399963906,-1.7071499061303583
1.697947529182855,-0.042016129100030275,-0.9865302187174511
-0.683806416717496,-2.0268979725531318,-2.731200757834383
-2.2622412928787448,-1.2060696352642448,-2.0213329268185474
-1.0781855773507474,0.3917318478406868,-0.4720052128824327
-0.1745193377023437,0.2165404644664503,1.949195364970847
0.19424524851029887,-1.3335832728769468,-0.5050261273921823
-0.045891361969496294,-1.802641708520731,-2.3112684784378126
0.816817723934366,1.363054079673032,0.29981248522157933
-0.035176986344999925,-0.3262439679693599,-0.228821437390948
-0.06319760123875683,-0.13938448712752763,0.19394442940904527
-2.1435155269377923,-2.795015593117909,-4.339131892010886
0.4873440669733974,-1.6871204147512713,-3.867222196792934
1.0102417011130134,2.921949686776575,5.442147845301648
-0.42067282946532464,-0.9044547424476708,-2.6279474433454117
-1.8770842992086634,-1.5116915426118274,-1.020459326717191
-1.3365054905700682,-2.087170707851478,-3.485529694555367
1.6735616383085725,2.6927642610917832,2.999936451705081
-0.6062072452585552,-0.7892251642268684,-0.15175905023626735
-0.6645838835511666,-0.6383656843875599,-2.0630732050258795
-0.8194510920738749,-0.5432478841089828,-1.1482882147789055
0.6808841173259014,0.44761033817726575,0.41095854560527223
-0.5878435529783496,0.988381943730021,2.3142800033540745
-0.869031915913438,-2.4481317284488058,-2.3162918407262034
-1.5063627849179835,-0.4468331335916288,-0.5623737361299072
-0.10779898141065752,-0.7187101390834459,-2.2588337117122723
1.0009476719684494,0.2685077479814344,1.4042035216872215
-0.1479328829903674,-0.7462372285145009,-1.4868924914082646
0.8822196822390977,1.0171507397552373,1.4921825298023867
0.17542638744453995,-1.1880158022058611,-3.466365590288258
0.14783687454615346,-0.46489963604785617,-0.8830691037726602
0.178972909330601,0.6563054532111305,1.2452056015061599
0.03444141508372971,-0.5791023664960435,-1.2064782681283053
1.0262050184249547,0.20939045153325042,0.7659018504011312
0.4878529020532569,0.685250442274105,2.056149583314265
-0.5781106793222887,-0.34935424859399383,0.9920474220084267
0.1286200466914307,-0.278787018511812,-1.0083743802847298
-0.07596463469698557,-0.033820167670438474,-1.6449559951951023
0.48493197946972283,-0.5812467033567277,-3.265632091219899
0.18031665091497248,0.9464401730591531,0.8056161163596338
0.4145779384675297,-0.83924981235269,-2.791556457361277
-1.477321844568063,-2.677127415227414,-3.133112593443503
0.37959116375467544,0.6515418169526894,-1.3195472520916423
1.3136120584842705,-0.4366997910003191,0.37201867151590806
-1.3501939443510835,-1.943875552796036,-2.587536680465853
1.6009325410890836,0.8601493176039584,-0.5638269707535606
0.2970727188122551,0.8688761352957647,1.2833047857710917
-0.20774850207034043,-0.6712355989697676,-0.4268381117505082
-1.8044881491778182,-1.7551929317029296,-1.849604093609811
1.087597020095776,0.2831472018171958,0.23278362704537703
-0.9695495380029041,-0.35515423735206353,0.020395891933152333
-0.5111907722043345,-0.9221075163550585,-0.8111745695670165
0.5459042667490868,0.5654699113343027,0.27134938575800926
-1.0255798662217663,0.5820617595432138,0.7129001508367485
-0.9868333994233407,-0.9746360960496976,-2.679861301939214
-1.1512803239177518,-1.2382065679276457,-0.9906163332488213
-0.1113601836402652,-1.0709648990815652,-2.797909350436315
0.5885364206474942,-0.40929567204437484,-0.8484880378902389
0.4030060622992671,-1.0225874160588737,-2.6209345891270024
0.40740280652116345,-0.8788652790719866,-0.3596078496989952
-0.34418024218951804,-0.887957234675177,-1.1347190148107453
0.14046941721352166,0.3662037938121225,-0.6878864585759785
-0.6900407486310842,-0.0671854844921419,0.024277659044276326
1.9976753132745448,0.898404617065006,0.8028344847515585
0.19472715448159952,0.38664144491022856,0.9984078865733597
-1.954985365688718,-2.736582010502195,-3.6758924756617133
-1.0693077964533662,1.2462139791834197,1.4126413281168584
1.6013028114741226,3.5199911022044996,4.1841909776722535
-1.3664872876256482,-1.1458358751064721,-3.2722083451199087
-0.43769479082101204,0.12704306522413317,0.4659283385268239
0.40362571523332874,0.3104349993404531,0.9662747009929733
-1.0966236823613136,-0.060928958885187456,-1.1989698139988336
1.066604697164134,0.045603412900279916,0.387034000734061
1.6790834795361005,-0.41213648987107265,0.44365672032469683
-0.8247391739785231,0.15882720148153662,0.9389825809826036
1.1292956558577951,-0.3690779677615008,0.6371516676406125
-0.8912230114082949,-0.3431495921065917,0.29653031243203004
-0.9979499093719897,-1.6893337997711506,-2.733039310979006
0.2456850884846584,-0.6676777302277901,1.1456345635182945
0.23793134389310416,1.0786461391606827,1.3618014328929742
-0.596035401350443,1.122873004374519,0.7930559744515534
0.8420242424371531,0.36562538492896146,1.8245101675049313
-1.4691816460634772,-1.5191485613892572,-2.7351197794272597
-0.855665940701399,-0.3697627910594439,0.29498521295402697
-1.0778693889750501,-1.3692097903739562,-2.617403623066573
0.7583636679885976,-1.26712918220749,-0.5561359440964342
0.8039022045276351,0.472742897544949,1.83234033495184
0.6669404457387679,-1.8370407028465074,-2.8743105472695545
-1.2956004711033724,-0.548082769006631,-0.18583092312645977
0.13276813231129195,-0.48015564797417326,0.04573184239768591
0.45765351370835944,0.4400815500650923,0.4609990451809246
-1.6169799785450096,-2.6710084706315538,-2.9968708402830657
-0.8216931030467899,-1.3943422018812064,-1.9404643525941612
0.6458623425689751,0.9480885927052527,0.57242490974059
0.7036541600935353,1.7831369407463449,1.324473083795667
0.25523479555359346,0.9447457729678044,1.4901621467996709
0.5420756749135335,0.6927051841519083,1.4188034707050925
0.32409605637338296,-0.9554186229261277,-0.4369623960181719
0.14991871734835038,0.6034492118925489,1.2569852055363973
-0.1092568593956642,-0.015779168292275908,0.6564507569971015
-0.8714322291978471,-0.9978655637823026,-1.6318221130226356
-0.2455483204712093,1.0565109086208557,3.0928043614278597
-0.4029149446451706,-1.1215875652248943,-2.2407945034908394
2.317774707628509,3.306960445134322,5.08213442208597
0.2602407254118704,-0.5356614363340951,-0.8197621784517342
-0.010695132341917933,-0.7546328739008106,-1.220714880806622
-0.23197749958609087,-0.3325024442736473,1.6194395373822599
-0.11520507040279133,-1.4706973751786436,-1.3386054639951652
-0.2722669122131674,-0.731419282366106,-2.0067896822035207
0.5447050085282209,0.3876165265686491,0.9302034519331747
-0.0294448252304563,-1.7876275294450328,-2.6936362650670365
0.8110797005927431,-0.33406358538915937,1.4588852517869917
-0.6951760934699994,-1.9489819662665524,-3.2563747714094182
0.3502345883112891,-0.2672522609753484,-0.21062738610249493
0.8771562040702369,1.6782916340855432,1.7423005465804633
-1.1542589860639245,-1.3161106267883262,-2.2102570852467553
0.16776999861406786,-0.14480332762475073,0.5869148189704526
0.2470674482221002,0.3230872459523367,1.590638663507224
-0.33474727166395074,-1.418378800627803,-0.5603421695300854
-0.4871609764399814,-0.18906487938262154,-0.2960492636743528
-1.8549101069401952,-1.8923760684728679,-2.95184612686021
1.1488212626346719,0.08325868027059946,0.7124719142784015
-0.9329237866318417,-2.437743193030811,-3.4826476429183675
-1.2403705375841938,-1.5749645493433202,-0.4455739520262998
0.657913471771646,1.418577075410009,0.5630383808564343
-1.8322746893531534,-0.15114455253589099,0.31407298879012174
0.9632711252128711,0.3039705946768716,-0.735469931031006
0.4342191251325904,0.2990705624281611,-0.5114194723230152
0.5980896167979041,-0.07737758977911469,-1.5942836449721174
-0.16400083754790637,-1.2878400689553058,-2.8917644205724953
-1.2173465737317284,-2.723619086508532,-2.9886097543222654
-1.8887629793281906,0.3085624645078162,-0.255078057549021
1.4568120232864767,-0.03717794185399548,-1.0601304892824637
-0.4719409468613803,-0.18921946681261273,-1.4086569423904725
-0.5166811502536516,1.120283145446047,0.5711394804590566
1.5821627560342342,0.6599714890036854,0.44357991700055444
-0.631402474162649,-0.6689191700363171,-0.01695276618437458
-0.23795968498580408,0.039576371700476426,0.0752159844080283
-0.23699843925773778,-0.5785434375209311,-0.8006521894179038
-0.13745974454628473,0.10075183657395775,0.011452125216681527
-1.0394418651470019,-1.1147566226749546,-0.7589944294569695
-0.5602137061078044,0.6909763144414882,-0.017430708531968486
1.2854890462721158,1.3426893627031464,2.046774518773404
0.761093134118788,-0.691931504964053,-1.992927173649802
-2.977125312284816,-3.452829600771475,-5.532217910684126
-1.958531639344522,-2.049987870070238,-2.0607695839408167
0.3336367732620037,-0.4108936173196934,-0.4901593214874218
-0.11295428821809919,-0.8498116797275845,-1.3098483431472874
-0.37452643622374066,0.633479023741055,-0.13933176893354526
1.0427393007297336,-0.0185575631437358,0.40050350849446514
-1.7842593256435038,-1.7312083568921004,-0.14324957302279717
1.1995920475309865,0.9567190240020423,1.783411665216132
0.1315909236326752,-1.9158167038249017,-1.9384462568807672
0.5484060672478983,0.7925523905933607,0.9374292071989969
0.25336989898937284,0.7360870062486924,2.1115455220207386
0.8461406864278271,1.9702847870744318,2.1842146276104524
-0.25033179216380425,-1.1728989944859065,1.3478310160675262
-0.5422580318492345,-0.8590071442261704,-0.8569050519728626
0.7815713344283228,0.7433800204747578,1.0429698223481136
0.17510278569019244,-0.2653985813626525,0.8681853256931324
-1.2542884886920436,-2.3432940940155733,-4.10517786497529
1.3496141747863448,1.8389198343563269,1.7447950678128699
1.210764502932532,0.555477979100791,0.03882298484641211
1.4414378792268827,1.349424316909709,1.5603293036514476
0.07969699117399685,-1.0227690384608314,0.4041175421500425
0.35053274090874803,1.1955138964886145,0.6638703215053092
-0.38154238146334324,-0.6203760077860272,1.624803347242036
-0.9728293119960413,-1.4026842026372324,-0.8505310543799048
0.06547205721007233,0.8295083288315231,2.6425787233770706
0.17650850032262408,1.2245821243053725,1.8429640096418693
-0.6627614165472115,-1.3988653986931214,-3.2664670006048215
1.8296948093176713,2.2721221585374907,1.8184043412355129
-1.6159147598367398,0.4844497179399858,1.9506675400218803
-0.8153447039746088,-0.3100317693575176,-0.6759066624444006
-0.6713712134354131,-1.8779540172371105,-2.0535774612719018
1.2912053951699345,1.4720265109621513,2.2444171770906127
-0.25659048447326804,0.885456556814833,2.646597168201634
-0.32493828486878773,-1.2439276732475684,-0.2972684028970629
-0.885491279600161,1.0518044802207593,1.7533660288464277
-0.7644953098836529,-0.7275737575424778,-0.7854879217088936
-1.3046198708711798,-1.0284990056340668,-0.30425424353735564
1.0155372122516944,1.8098650592582,1.3743761978531102
0.6088905603900413,0.6400921441566451,0.22243024339654505
0.9900339917196088,1.9459161450217306,1.3172177637932438
-0.66235984126837,-0.4692030772870024,-1.4379657674334445
2.5119168779244236,2.1531771423522374,1.38610409177009
-0.9813120968490128,-0.6572165003454492,0.046420298576067776
-2.053813672157461,-1.1923975348219469,-1.7356359895715454
-0.29210985491341407,0.3851040136125401,2.312529487828248
0.137119373494396,0.5859271260143811,0.5193747771593701
0.7563406398236351,0.2345861524320369,0.6508923770603876
-1.0174306948733223,0.2310640434314054,-0.09930899477952926
0.590855224444379,0.3339067403963416,1.222781225694604
1.7078523936481933,2.404035912155104,3.7772424217662346
-0.8519247679993566,0.02789652253361008,-0.21617194309263899
-0.7401663953383548,-0.599329960332208,-0.39045283496222744
-1.7028603791906167,-1.9156742916455018,-3.159780781251417
0.2409409946029575,0.21816429302790932,-0.19083786351820642
0.8574137675136041,1.9939380239507156,1.6687224901928623
0.7669406571450343,0.7358963336825752,1.8666447712152223
0.8336231654524531,1.563450234395452,1.1708440497809396
1.416146941777252,0.9142491109284173,0.17218513051556128
0.12744247545620363,-0.21616591169935473,0.6940993278677263
0.9527719752971345,-0.02087295146439483,-0.09658041646667932
-0.9516172141754164,-2.598800871521505,-4.682702351930643
-0.7909065286062548,-0.23405747901290164,-1.3769260161013828
0.24086618132875376,0.21153824426782353,-0.29620902172383806
-0.8180216985367288,-0.6177907773684853,-1.8879866665124307
0.5717032131602973,1.1845411288625607,1.442569889820203
1.3750513972317449,-0.017394589553769157,-1.2063117209955354
0.4035362652374241,1.9814479091613504,1.376263494155531
-0.7374315500095434,-1.9756114633822612,-1.8385916860036955
-0.7484758552646209,-0.27087639800685287,1.2533533629206706
1.3653665089470088,-0.23196678157956996,0.970478472678665
-0.7981358191963214,-0.8300305616343459,-1.4910238735337376
0.08931731294908885,1.2191321169899028,2.0851277667112185
-0.25889485567171067,-1.6718445731701232,-2.384696349162127
0.05302141682613787,0.2153247271319778,2.008104231947661
1.0963693897551867,0.8745781540312054,1.4106567692966552
-0.5387931105152016,-0.20057665803508062,0.20054936098208187
-1.410392852775231,-0.7356287370278078,0.8799408936775582
1.4517361513890779,1.814797501171629,3.5691383651156325
0.22301415337862945,0.6465399553724365,0.9644303630404124
0.7257291321564842,0.8808336614765008,0.16376069739012167
-0.019378083637550263,0.8744945811599442,0.7822751480761985
0.7776230651763194,1.202733728686224,0.20374041489305883
1.2647375649546961,0.7526116904483025,2.6181936493438442
1.3663263200267939,-0.2758299666088274,-0.5158008952365595
-0.2734540747797262,0.597404729383027,1.4622874814802933
-0.35215232219852866,-0.5963987522677657,-0.5740941589746553
0.39486823543270544,1.9141938867583532,1.7827158714755873
0.20717153988742182,-0.4212072768713046,-0.26302222261351854
0.5657962798060927,-0.8157653470508077,-0.6841475880444696
-0.7109387114470598,0.6271174742109156,0.7807309542573928
-2.3246988306765872,-2.3794726957394197,-3.1143850740555963
0.45001987007766,-1.1892416660906522,-1.207300884109848
0.7812456213413251,1.7151632063340463,1.3149864143832177
0.6430152045929345,-1.0121071296005777,-1.4218478333641575
1.6594429087327234,2.467712477493423,2.770133428656688
0.8522288419304654,-0.36724767132788794,-1.2097535350921513
-0.38833337190945494,0.12510356733955585,0.30590617944292114
0.9854259060315961,0.901729803100525,-0.9426598743243919
-0.08493475320236527,-1.885098327287781,-3.7823117256894854
1.2552849950743126,0.8515913387302573,0.9082105393509979
0.2379877909604804,-0.265522609068649,1.1479780329492586
0.4535106356575281,0.4310318102864625,1.1156580006089063
0.22772375229445893,0.6781103209807002,0.14887215740314608
0.05450503647865658,1.602797119104547,3.4828642663421965
-1.4965727041438166,-1.2980846273618454,-1.5484071105031212
0.05773997327401139,-0.0723117356129092,-0.7523139653911238
-2.2725482709661224,0.5490106569421995,0.5841110629636721
0.4978030007563939,1.059801281865593,2.8346486129144854
0.991918916410455,1.4422609666706447,2.6475069166313463
2.0511032822612756,-0.10690853468181016,-0.8370262155651061
0.37407640497189554,-1.1484486953533448,-2.5301247522795993
-0.7164964811383462,-1.0678992194431731,-0.8218125144922889
-1.5895765892001688,-1.314074341280909,-2.846195376257067
1.9477701562170489,1.838746429787041,1.911251747007646
-1.4262702650346117,1.7225076088540463,2.9051737232593364
0.8955234034311358,-0.6393372506443571,-1.8555205954670373
-2.30626949867357,-2.038999080659842,-3.4388115247250655
-0.051489369203308655,0.5774954589065239,0.9499569044870345
0.6832235112340393,0.7341502218161511,0.6707306154733546
0.3252358003726802,1.3342139713427306,2.9855698503288393
-0.041540441278550194,-0.33281247273511716,-0.44730966839001995
-0.8247089042952033,-1.4905985877477272,-1.3608747776721162
-0.9066661681423391,1.4389329304686518,2.4960491070530955
1.008628570441687,1.1295826255125148,0.8915674772459462
0.43572993771277857,-0.9083640938889224,-0.3851779606737422
-0.16058842832325187,-0.4755595208006161,0.637360145995274
0.206826838606891,0.06385676909445243,-0.10849260922309963
-0.9267023730461658,-2.160875416113702,-3.373847081345812
1.022290866200026,1.4670308473360534,1.6385394216914897
1.2609743694283635,1.009527055807532,2.6593226122686606
-0.7798507553974141,-0.9376883605565307,-1.2563682973521146
0.10202088707622801,-0.6090108075155135,-1.2882745561762161
1.0482473020839917,2.350595341374624,1.8257342469999998
-0.641828530822587,-0.559501665750211,-0.7857264936389412
2.0345767796225465,0.6159580076862593,-0.5202209395547643
1.5106289573653546,-1.0240977310999564,-0.4656710659165544
-0.27887594755070216,-1.2956897023496443,-2.485720351081487
0.9787721177955712,1.3402396829861511,0.47968213682873073
1.6621964848130377,2.615790101068245,4.3170828291793235
-1.244090455626539,-2.0746428127781287,-2.4033377727683063
0.6192242094630341,-1.6531207412028877,-1.7270228536608845
-0.14435018659491483,-0.10986477484214258,-1.0665364551941243
-0.2165364483085301,-0.2416283787264547,0.3962978143942635
0.7103065870256086,1.3158461501785075,1.9772727074349934
-0.47707722748234904,-1.0885624990142295,-1.2878136048013662
-1.3997524051691785,-0.9163105369651252,-0.3619574671083612
-1.4221623633790548,-2.897643870858672,-2.7699334050978077
-0.01973533608400797,-1.2951953529854687,-1.7741324440119708
0.6289013224052489,-0.15180300510862565,1.2847045673511095
-0.02387657022079535,-0.5071335850425515,-0.16701158159848428
-0.15259541513645458,0.3790977700940301,0.3909527930574799
-0.030796421058043633,1.1555875643392841,2.086137410599939
1.2893129586094243,-0.5642759228151228,-0.5149733721674334
0.530453331150064,2.0103548207484927,4.081971601997925
-0.7459110471387337,-1.3155182236089344,-1.477377225711451
-0.2887846562248378,-0.6676078606455635,-1.0245175558980826
1.2046890542828572,1.9272423008328432,2.486691972804192
-0.5803021621745857,-2.8495265363134648,-2.9412054565010926
-0.3947358751188212,-1.7703884994250525,-3.8318471052120406
-0.025064266426338223,-0.8870033896945995,-2.4377354908995965
-1.0649108661859463,-0.7046537854336394,-1.1874317993416241
0.9023680496446272,1.6747314538843356,2.592121823117746
-2.1894738723466824,-0.4731150181496171,-0.02874510810062092
1.4513721063317926,0.06496445630313419,-0.24461670129950272
-0.435158362649036,0.409080592552322,-1.017539297896225
-1.2565816166885246,-1.3347595072791394,-3.826112698306921
0.2822634808958494,1.651855892706228,1.914129361397743
-1.7112236027941374,-1.5088368032408952,-2.4425984386587385
0.5373503415026679,1.4035159518655693,2.042299886086442
0.7736239988164135,-0.5188747854350722,0.20539103943316928
-0.5759103457560267,0.3420837467599633,-0.4641787105770001
-0.3888954427034968,-1.6702352844324024,-0.9079432992841172
0.9487447947499796,0.7427004751561512,0.49870711415466784
-0.6707447222513998,-2.118458610713976,-2.995122563320338
0.022502327083611447,-0.15650420543557336,-0.10471542050190376
0.3476165214272576,-0.572844714470281,-2.641057202328076
1.5599598441591056,0.08872675127327789,2.342960256963873
-0.5030752195310859,-0.13732234056595882,-0.5354167856340162
